ticker,friendlyName,registrantName,seriesName,className,expenseRatio,fiscalYearEnd,category,totalNetAssets,investorType,minimumInitialInvestment,wam,wal,reportDate,yield,yieldDate,usTreasuryDebt,usGovernmentAgencyDebt,usGovernmentAgencyCouponDebt,usGovernmentAgencyZeroCouponDebt,nonUSSovereignDebt,certificateofDeposit,nonNegotiableTimeDeposit,variableRateDemandNote,otherMunicipalSecurity,assetBackedCommercialPaper,otherAssetBackedSecurities,usTreasuryRepurchaseAgreement,usGovernmentAgencyRepurchaseAgreement,otherRepurchaseAgreement,insuranceCompanyFundingAgreement,financialCompanyCommercialPaper,nonFinancialCompanyCommercialPaper,tenderOptionBond,otherInstrument,USGO,Muni
"BCHXX","Blackrock Liquidity T-fund Capital Shares","Blackrock Liquidity Funds","T-fund","Capital",0.0022,"1031","Government",392848685.83,"Institutional",50000,46,96,"2026-08-31",0.0352,"2026-08-31",0.4388,0,0,0,0,0,0,0,0,0,0,0.5612,0,0,0,0,0,0,0,0.4388,0
"BEMXX","Blackrock Liquidity Funds T-fund Premier Shares","Blackrock Liquidity Funds","T-fund","Premier",0.0017,"1031","Government",1298516533.34,"Institutional",3000000,46,96,"2026-08-31",0.0358,"2026-08-31",0.4388,0,0,0,0,0,0,0,0,0,0,0.5612,0,0,0,0,0,0,0,0.4388,0
"BFBXX","Blackrock Liquidity Funds Fedfund Select Shares","Blackrock Liquidity Funds","Fedfund","Select",0.01,"1031","Government",395058344.19,"Institutional",1,43,106,"2026-08-31",0.0274,"2026-08-31",0.31805,0,0.24288,0.0125,0,0,0,0,0,0,0,0.2452,0.18138,0,0,0,0,0,0,0.57343,0
"BFCXX","Blackrock Liquidity Fedfund Fund Capital","Blackrock Liquidity Funds","Fedfund","Capital",0.0022,"1031","Government",368307673.35,"Institutional",50000,43,106,"2026-08-31",0.0352,"2026-08-31",0.31805,0,0.24288,0.0125,0,0,0,0,0,0,0,0.2452,0.18138,0,0,0,0,0,0,0.57343,0
"BFFXX","Blackrock Liquidity Funds Fedfund Cash Management Shares","Blackrock Liquidity Funds","Fedfund","Cash Management",0.0067,"1031","Government",646617573.06,"Institutional",5000,43,106,"2026-08-31",0.0308,"2026-08-31",0.31805,0,0.24288,0.0125,0,0,0,0,0,0,0,0.2452,0.18138,0,0,0,0,0,0,0.57343,0
"BFMXX","Blackrock Select Treasury Based Liquidity Fund Cash Management Class","Blackrock Liquidity Funds","Blackrock Select Treasury Based Liquidity Fund","Cash Management",0.0067,"1031","Government",7120983.66,"Institutional",5000,11,11,"2026-08-31",0.0304,"2026-08-31",0.32746,0,0,0,0,0,0,0,0,0,0,0.67254,0,0,0,0,0,0,0,0.32746,0
"BFRXX","Blackrock Liquidity Funds Fedfund Cash Reserve Shares","Blackrock Liquidity Funds","Fedfund","Cash Reserve",0.0057,"1031","Government",4564406256.52,"Institutional",5000,43,106,"2026-08-31",0.0317,"2026-08-31",0.31805,0,0.24288,0.0125,0,0,0,0,0,0,0,0.2452,0.18138,0,0,0,0,0,0,0.57343,0
"BFTXX","Blackrock Select Treasury Based Liquidity Fund Administration Shares","Blackrock Liquidity Funds","Blackrock Select Treasury Based Liquidity Fund","Administration",0.0027,"1031","Government",40090918.85,"Institutional",5000,11,11,"2026-08-31",0.0344,"2026-08-31",0.32746,0,0,0,0,0,0,0,0,0,0,0.67254,0,0,0,0,0,0,0,0.32746,0
"BISXX","Blackrock Cash Funds Institutional Sl Agency Shares","Blackrock Funds Iii","Blackrock Cash Funds: Institutional","Sl Agency Shares",0.0009,"1231","Prime",94526545871.71,"Institutional",100000000,1,1,"2026-08-31",0.0384,"2026-08-31",,,,,,,,,,,,,,,,,,,,,
"BITXX","Blackrock Liquidity Funds Treasury Trust Fund Administration Shares","Blackrock Liquidity Funds","Treasury Trust Fund","Administration",0.0027,"1031","Government",1093820667.58,"Institutional",5000,47,94,"2026-08-31",0.035,"2026-08-31",1,0,0,0,0,0,0,0,0,0,0,0,0,0,0,0,0,0,0,1,0
"BLFXX","Blackrock Liquidity Funds Fedfund Administration Shares","Blackrock Liquidity Funds","Fedfund","Administration",0.0027,"1031","Government",9504410348.56,"Institutional",5000,43,106,"2026-08-31",0.0348,"2026-08-31",0.31805,0,0.24288,0.0125,0,0,0,0,0,0,0,0.2452,0.18138,0,0,0,0,0,0,0.57343,0
"BMCXX","Blackrock Wealth Liquid Environmentally Aware Fund Investor C Shares","Blackrock Funds","Blackrock Wealth Liquid Environmentally Aware Fund","Investor C",0.013,"0930","Prime",3182484.67,"Retail",1000,44,85,"2026-08-31",0.0257,"2026-08-31",0.00521,0,0,0,0,0.30423,0.10346,0.0028,0,0.03152,0,0.21222,0.15087,0,0,0.1897,0,0,0,0.00521,0.0028
"BMMXX","Blackrock Wealth Liquid Environmentally Aware Fund Premier Shares","Blackrock Funds","Blackrock Wealth Liquid Environmentally Aware Fund","Premier",0.002,"0930","Prime",27099085.5,"Retail",2000000,44,85,"2026-08-31",0.0367,"2026-08-31",0.00521,0,0,0,0,0.30423,0.10346,0.0028,0,0.03152,0,0.21222,0.15087,0,0,0.1897,0,0,0,0.00521,0.0028
"BPTXX","Blackrock Liquidity Funds T-fund Cash Management Shares","Blackrock Liquidity Funds","T-fund","Cash Management",0.0067,"1031","Government",1179743868.48,"Institutional",5000,46,96,"2026-08-31",0.0308,"2026-08-31",0.4388,0,0,0,0,0,0,0,0,0,0,0.5612,0,0,0,0,0,0,0,0.4388,0
"BRIXX","Blackrock Cash Funds Treasury Institutional Shares","Blackrock Funds Iii","Blackrock Cash Funds: Treasury","Institutional",0.0012,"1231","Government",4995150261.61,"Institutional",100000000,1,1,"2026-08-31",0.0362,"2026-08-31",,,,,,,,,,,,,,,,,,,,,
"BRPXX","Blackrock Liquidity Funds Fedfund Private Client Shares","Blackrock Liquidity Funds","Fedfund","Private Client",0.0068,"1031","Government",159397.65,"Institutional",1,43,106,"2026-08-31",0.0306,"2026-08-31",0.31805,0,0.24288,0.0125,0,0,0,0,0,0,0,0.2452,0.18138,0,0,0,0,0,0,0.57343,0
"BSLXX","Blackrock Liquidity Funds T-fund Select Shares","Blackrock Liquidity Funds","T-fund","Select",0.01,"1031","Government",31465704.27,"Institutional",1,46,96,"2026-08-31",0.0274,"2026-08-31",0.4388,0,0,0,0,0,0,0,0,0,0,0.5612,0,0,0,0,0,0,0,0.4388,0
"BTAXX","Blackrock Liquidity Funds T-fund Administration Shares","Blackrock Liquidity Funds","T-fund","Administration",0.0027,"1031","Government",6134074467.46,"Institutional",5000,46,96,"2026-08-31",0.0347,"2026-08-31",0.4388,0,0,0,0,0,0,0,0,0,0,0.5612,0,0,0,0,0,0,0,0.4388,0
"BTCXX","Blackrock Liquidity Funds Treasury Trust Fund Cash Management Shares","Blackrock Liquidity Funds","Treasury Trust Fund","Cash Management",0.0067,"1031","Government",2543979.74,"Institutional",5000,47,94,"2026-08-31",0.0309,"2026-08-31",1,0,0,0,0,0,0,0,0,0,0,0,0,0,0,0,0,0,0,1,0
"BTFXX","Blackrock Liquidity Funds Treasury Trust Fund Cash Reserve Shares","Blackrock Liquidity Funds","Treasury Trust Fund","Cash Reserve",0.0057,"1031","Government",158513270.21,"Institutional",5000,47,94,"2026-08-31",0.0319,"2026-08-31",1,0,0,0,0,0,0,0,0,0,0,0,0,0,0,0,0,0,0,1,0
"BTRXX","T-fund Cash Reserve","Blackrock Liquidity Funds","T-fund","Cash Reserve","","1031","Government",73196762.85,"Institutional",5000,46,96,"2026-08-31",0.0317,"2026-08-31",0.4388,0,0,0,0,0,0,0,0,0,0,0.5612,0,0,0,0,0,0,0,0.4388,0
"BUCXX","Blackrock Liquidity Funds Treasury Trust Fund Capital Shares","Blackrock Liquidity Funds","Treasury Trust Fund","Capital",0.0022,"1031","Government",1881067132.62,"Institutional",50000,47,94,"2026-08-31",0.0354,"2026-08-31",1,0,0,0,0,0,0,0,0,0,0,0,0,0,0,0,0,0,0,1,0
"BUPXX","Blackrock Liquidity Funds Fedfund Premier Shares","Blackrock Liquidity Funds","Fedfund","Premier",0.0017,"1031","Government",3891122614.15,"Institutional",3000000,43,106,"2026-08-31",0.0357,"2026-08-31",0.31805,0,0.24288,0.0125,0,0,0,0,0,0,0,0.2452,0.18138,0,0,0,0,0,0,0.57343,0
"CPFXX","American Century Capital Preservation Fund Investor Class","American Century Government Income Trust","Capital Preservation Fund","Investor Class",0.0047,"0331","Government",2219573790.24,"Institutional",2500,54,57,"2026-09-30",0.0337,"2026-09-30",1,0,0,0,0,0,0,0,0,0,0,0,0,0,0,0,0,0,0,1,0
"DGLXX","Blackrock Liquidity Funds Treasury Trust Fund Dlt Shares","Blackrock Liquidity Funds","Treasury Trust Fund","Dlt Shares",0.0017,"1031","Government",52097.22,"Institutional",3000000,47,94,"2026-08-31",0.0359,"2026-08-31",1,0,0,0,0,0,0,0,0,0,0,0,0,0,0,0,0,0,0,1,0
"DMMKI","Blackrock Government MM V.i. Fund Institutional","Blackrock Variable Series Funds, Inc.","Blackrock Government Money Market V.i. Fund","I","","1231","Government",208385933.84,"Institutional",1,46,99,"2026-08-31",0.0344,"2026-08-31",0.41205,0,0.22857,0.00939,0,0,0,0,0,0,0,0.14383,0.20616,0,0,0,0,0,0,0.65001,0
"EDUXX","Blackrock Select Treasury Based Liquidity Fund Mischler Financial Group Shares","Blackrock Liquidity Funds","Blackrock Select Treasury Based Liquidity Fund","Mischler Financial Group Shares",0.0017,"1031","Government",6935622.41,"Institutional",3000000,11,11,"2026-08-31",0.0354,"2026-08-31",0.32746,0,0,0,0,0,0,0,0,0,0,0.67254,0,0,0,0,0,0,0,0.32746,0
"EVEXX","Blackrock Select Treasury Based Liquidity Fund Tigress Shares","Blackrock Liquidity Funds","Blackrock Select Treasury Based Liquidity Fund","Tigress",0.0017,"1031","Government",25811756.35,"Institutional",3000000,11,11,"2026-08-31",0.0354,"2026-08-31",0.32746,0,0,0,0,0,0,0,0,0,0,0.67254,0,0,0,0,0,0,0,0.32746,0
"FABXX","Fidelity California Municipal MM","Fidelity California Municipal Trust Ii","Fidelity California Municipal Money Market Fund","Fidelity California Municipal Money Market Fund",0.002,"0228","SingleState",112752191.08,"Retail",1,28,30,"2026-09-30",0.0262,"2026-09-30",0,0,0,0,0,0,0,0.23911,0.26283,0,0,0,0,0,0,0.12774,0,0.37032,0,0,1
"FAUXX","Fidelity Massachusetts Municipal MM","Fidelity Massachusetts Municipal Trust","Fidelity Massachusetts Municipal Money Market Fund","Fidelity Massachusetts Municipal Money Market Fund",0.0042,"0131","SingleState",44360322.92,"Retail",1,38,38,"2026-09-30",0.0269,"2026-09-30",0,0,0,0,0,0,0,0.38108,0.26286,0,0,0,0,0,0,0.13279,0,0.22327,0,0,1
"FAWXX","Fidelity New York Municipal MM","Fidelity New York Municipal Trust Ii","Fidelity New York Municipal Money Market Fund","Fidelity New York Municipal Money Market Fund",0.0042,"0131","SingleState",86142390.59,"Retail",1,35,36,"2026-09-30",0.029,"2026-09-30",0,0,0,0,0,0,0,0.47836,0.15449,0,0,0,0,0,0,0.00005,0,0.3671,0,0,1
"FAYXX","Fidelity New Jersey Municipal MM","Fidelity Court Street Trust Ii","Fidelity New Jersey Municipal Money Market Fund","Fidelity New Jersey Municipal Money Market Fund",0.0042,"1130","SingleState",18237556.52,"Retail",1,36,37,"2026-09-30",0.0268,"2026-09-30",0,0,0,0,0,0,0,0.40874,0.24329,0,0,0,0,0,0,0.11855,0,0.22942,0,0,1
"FCEXX","Fidelity Investments MM Treasury Portfolio Class Ii","Fidelity Colchester Street Trust","Fidelity Investments Money Market Treasury Portfolio","Fidelity Investments Money Market Treasury Portfolio - Class Ii",0.0033,"0331","Government",530736602.6,"Institutional",1000000,37,100,"2026-09-30",0.0361,"2026-09-30",0.68466,0,0,0,0,0,0,0,0,0,0,0.30147,0,0,0,0,0,0,0.01387,0.68466,0
"FCGXX","Fidelity Investments MM Government Portfolio Class Iii","Fidelity Colchester Street Trust","Fidelity Investments Money Market Government Portfolio","Fidelity Investments Money Market Government Portfolio - Class Iii",0.0043,"0331","Government",7153440165.58,"Institutional",1000000,32,103,"2026-09-30",0.0347,"2026-09-30",0.37624,0,0.2376,0.06302,0,0,0,0,0,0,0,0.1636,0.14615,0,0,0,0,0,0.01339,0.67686,0
"FCIXX","Fidelity Investments MM Money Market Portfolio - Class Ii","Fidelity Colchester Street Trust","Fidelity Investments Money Market Money Market Portfolio","Fidelity Investments Money Market - Money Market Portfolio - Class Ii",0.0033,"0331","Prime",40851258.06,"Retail",1000000,15,25,"2026-09-30",0.0365,"2026-09-30",0.14791,0,0,0,0,0.04446,0.05855,0,0,0.02067,0,0.27827,0.22354,0.08422,0,0.12922,0,0,0.01316,0.14791,0
"FCOXX","Fidelity Investments MM Money Market Portfolio - Class Iii","Fidelity Colchester Street Trust","Fidelity Investments Money Market Money Market Portfolio","Fidelity Investments Money Market - Money Market Portfolio - Class Iii",0.0043,"0331","Prime",204245455.28,"Retail",1000000,15,25,"2026-09-30",0.0355,"2026-09-30",0.14791,0,0,0,0,0.04446,0.05855,0,0,0.02067,0,0.27827,0.22354,0.08422,0,0.12922,0,0,0.01316,0.14791,0
"FCSXX","Fidelity Investments MM Treasury Portfolio Class Iii","Fidelity Colchester Street Trust","Fidelity Investments Money Market Treasury Portfolio","Fidelity Investments Money Market Treasury Portfolio - Class Iii",0.0043,"0331","Government",4131522760.27,"Institutional",1000000,37,100,"2026-09-30",0.0351,"2026-09-30",0.68466,0,0,0,0,0,0,0,0,0,0,0.30147,0,0,0,0,0,0,0.01387,0.68466,0
"FCVXX","Fidelity Investments MM Government Portfolio Class Ii","Fidelity Colchester Street Trust","Fidelity Investments Money Market Government Portfolio","Fidelity Investments Money Market Government Portfolio - Class Ii",0.0033,"0331","Government",1866432284.43,"Institutional",1000000,32,103,"2026-09-30",0.0357,"2026-09-30",0.37624,0,0.2376,0.06302,0,0,0,0,0,0,0,0.1636,0.14615,0,0,0,0,0,0.01339,0.67686,0
"FDEXX","Fidelity Tax-exempt MM Daily Money Class","Fidelity Newbury Street Trust","Fidelity Tax-exempt Money Market Fund","Fidelity Tax-exempt Money Market Fund - Daily Money Class",0.007,"1031","Muni",98486664.74,"Retail",1,38,38,"2026-09-30",0.0256,"2026-09-30",0,0,0,0,0,0,0,0.28894,0.2631,0,0,0,0,0,0,0.09008,0,0.35789,0,0,1
"FDLXX","Fidelity Treasury Only MM","Fidelity Hereford Street Trust","Fidelity Treasury Only Money Market Fund","Fidelity Treasury Only Money Market Fund",0.0042,"0430","Government",14889099303.55,"Institutional",1,45,98,"2026-09-30",0.0348,"2026-09-30",1,0,0,0,0,0,0,0,0,0,0,0,0,0,0,0,0,0,0,1,0
"FDRXX","Fidelity Government Cash Reserves","Fidelity Phillips Street Trust","Fidelity Government Cash Reserves","Fidelity Government Cash Reserves",0.0037,"1130","Government",248035846625.71,"Institutional",1,35,106,"2026-09-30",0.0355,"2026-09-30",0.3766,0,0.20672,0.07023,0,0,0,0,0,0,0,0.18067,0.15232,0,0,0,0,0,0.01345,0.65356,0
"FDUXX","Fidelity Treasury MM Daily Money Class","Fidelity Newbury Street Trust","Fidelity Treasury Money Market Fund","Fidelity Treasury Money Market Fund - Daily Money Class",0.007,"1031","Government",3497631729.53,"Institutional",1,33,94,"2026-09-30",0.0324,"2026-09-30",0.61314,0,0,0,0,0,0,0,0,0,0,0.37339,0,0,0,0,0,0,0.01348,0.61314,0
"FERXX","Fidelity Tax-exempt MM Capital Reserves Class","Fidelity Newbury Street Trust","Fidelity Tax-exempt Money Market Fund","Fidelity Tax-exempt Money Market Fund - Capital Reserves Class",0.0095,"1031","Muni",23073139.82,"Retail",1,38,38,"2026-09-30",0.0231,"2026-09-30",0,0,0,0,0,0,0,0.28894,0.2631,0,0,0,0,0,0,0.09008,0,0.35789,0,0,1
"FETXX","Fidelity Investments MM Tax Exempt Portfolio Class Iii","Fidelity Colchester Street Trust","Fidelity Investments Money Market Tax-exempt Portfolio","Fidelity Investments Money Market Tax Exempt Portfolio - Class Iii",0.0043,"0331","Muni",26226726.64,"Retail",1000000,35,35,"2026-09-30",0.0283,"2026-09-30",0,0,0,0,0,0,0,0.36628,0.25085,0,0,0,0,0,0,0.06879,0,0.31408,0,0,1
"FEXXX","Fidelity Investments MM Tax Exempt Portfolio Class Ii","Fidelity Colchester Street Trust","Fidelity Investments Money Market Tax-exempt Portfolio","Fidelity Investments Money Market Tax Exempt Portfolio - Class Ii",0.0033,"0331","Muni",438393.47,"Retail",1000000,35,35,"2026-09-30",0.0293,"2026-09-30",0,0,0,0,0,0,0,0.36628,0.25085,0,0,0,0,0,0,0.06879,0,0.31408,0,0,1
"FFTXX","Federated Hermes Institutional Tax-free Cash Trust Institutional Shares","Federated Hermes Money Market Obligations Trust","Federated Hermes Institutional Tax-free Cash Trust","Institutional Shares",0.002,"0731","Muni",2267477270.23,"Institutional",500000,5,5,"2026-09-30",0.0329,"2026-09-30",0,0,0,0,0,0,0,0.90472,0.00761,0,0,0,0,0,0,0.08766,0,0,0,0,1
"FGEXX","Fidelity Investments MM Government Portfolio Select Class","Fidelity Colchester Street Trust","Fidelity Investments Money Market Government Portfolio","Fidelity Investments Money Market Government Portfolio - Select Class",0.0023,"0331","Government",619955749.38,"Institutional",1000000,32,103,"2026-09-30",0.0367,"2026-09-30",0.37624,0,0.2376,0.06302,0,0,0,0,0,0,0,0.1636,0.14615,0,0,0,0,0,0.01339,0.67686,0
"FGTXX","Goldman Sachs Financial Square Government Fund Institutional Shares","Goldman Sachs Trust","Goldman Sachs Financial Square Fund - Government","Institutional Shares",0.0018,"1031","Government",222442670392.08,"Institutional",10000000,39,117,"2026-08-31",0.0359,"2026-08-31",0.25596,0,0.10259,0.0316,0,0,0,0,0,0,0,0.21756,0.3923,0,0,0,0,0,0,0.39015,0
"FIGXX","Fidelity Investments MM Government Portfolio Class I","Fidelity Colchester Street Trust","Fidelity Investments Money Market Government Portfolio","Fidelity Investments Money Market Government Portfolio - Class I",0.0018,"0331","Government",51546162363.2,"Institutional",1000000,32,103,"2026-09-30",0.0372,"2026-09-30",0.37624,0,0.2376,0.06302,0,0,0,0,0,0,0,0.1636,0.14615,0,0,0,0,0,0.01339,0.67686,0
"FISXX","Fidelity Investments MM Treasury Portfolio Class I","Fidelity Colchester Street Trust","Fidelity Investments Money Market Treasury Portfolio","Fidelity Investments Money Market Treasury Portfolio - Class I",0.0018,"0331","Government",28711170341.08,"Institutional",1000000,37,100,"2026-09-30",0.0376,"2026-09-30",0.68466,0,0,0,0,0,0,0,0,0,0,0.30147,0,0,0,0,0,0,0.01387,0.68466,0
"FMAXX","Fidelity Massachusetts Municipal MM Institutional Class","Fidelity Massachusetts Municipal Trust","Fidelity Massachusetts Municipal Money Market Fund","Fidelity Massachusetts Municipal Money Market Fund - Institutional Class",0.002,"0131","SingleState",2688551437.19,"Retail",1000000,38,38,"2026-09-30",0.0291,"2026-09-30",0,0,0,0,0,0,0,0.38108,0.26286,0,0,0,0,0,0,0.13279,0,0.22327,0,0,1
"FMJXX","Goldman Sachs Investor MM Class I","Goldman Sachs Trust","Goldman Sachs Investor Fund - Money Market","Class I Shares",0.0018,"1031","Prime",7569161752.32,"Retail",10000000,43,97,"2026-08-31",0.0372,"2026-08-31",0.11667,0,0.05399,0.0013,0,0.13568,0.02985,0.09054,0,0.1194,0,0,0.0082,0.1763,0,0.23147,0.02424,0,0.01234,0.17196,0.09054
"FMOXX","Fidelity Tax-exempt MM","Fidelity Newbury Street Trust","Fidelity Tax-exempt Money Market Fund","Fidelity Tax-exempt Money Market Fund",0.0042,"1031","Muni",1189251834.63,"Retail",1,38,38,"2026-09-30",0.0284,"2026-09-30",0,0,0,0,0,0,0,0.28894,0.2631,0,0,0,0,0,0,0.09008,0,0.35789,0,0,1
"FMPXX","Fidelity Investments MM Money Market Portfolio - Class I","Fidelity Colchester Street Trust","Fidelity Investments Money Market Money Market Portfolio","Fidelity Investments Money Market - Money Market Portfolio - Class I",0.0018,"0331","Prime",72613946377.18,"Retail",1000000,15,25,"2026-09-30",0.038,"2026-09-30",0.14791,0,0,0,0,0.04446,0.05855,0,0,0.02067,0,0.27827,0.22354,0.08422,0,0.12922,0,0,0.01316,0.14791,0
"FMSXX","Fidelity Massachusetts Municipal MM Premium","Fidelity Massachusetts Municipal Trust","Fidelity Massachusetts Municipal Money Market Fund","Fidelity Massachusetts Municipal Money Market Fund - Premium Class",0.003,"0131","SingleState",1374055795.36,"Retail",25000,38,38,"2026-09-30",0.0281,"2026-09-30",0,0,0,0,0,0,0,0.38108,0.26286,0,0,0,0,0,0,0.13279,0,0.22327,0,0,1
"FMYXX","Fidelity Investments MM Money Market Portfolio - Select Class","Fidelity Colchester Street Trust","Fidelity Investments Money Market Money Market Portfolio","Fidelity Investments Money Market - Money Market Portfolio - Select Class",0.0023,"0331","Prime",29290399.55,"Retail",1000000,15,25,"2026-09-30",0.0375,"2026-09-30",0.14791,0,0,0,0,0.04446,0.05855,0,0,0.02067,0,0.27827,0.22354,0.08422,0,0.12922,0,0,0.01316,0.14791,0
"FNKXX","Fidelity New York Municipal MM Institutional Class","Fidelity New York Municipal Trust Ii","Fidelity New York Municipal Money Market Fund","Fidelity New York Municipal Money Market Fund - Institutional Class",0.002,"0131","SingleState",3131966998.69,"Retail",1000000,35,36,"2026-09-30",0.0313,"2026-09-30",0,0,0,0,0,0,0,0.47836,0.15449,0,0,0,0,0,0,0.00005,0,0.3671,0,0,1
"FNSXX","Fidelity Investments MM Money Market Portfolio - Institutional Class","Fidelity Colchester Street Trust","Fidelity Investments Money Market Money Market Portfolio","Fidelity Investments Money Market - Money Market Portfolio - Institutional Class",0.0014,"0331","Prime",83500151712.7,"Retail",10000000,15,25,"2026-09-30",0.0384,"2026-09-30",0.14791,0,0,0,0,0.04446,0.05855,0,0,0.02067,0,0.27827,0.22354,0.08422,0,0.12922,0,0,0.01316,0.14791,0
"FOIXX","Fidelity Investments MM Treasury Only Portfolio Class Iii","Fidelity Colchester Street Trust","Fidelity Investments Money Market Treasury Only Portfolio","Fidelity Investments Money Market Treasury Only Portfolio - Class Iii",0.0043,"0331","Government",3458751473.85,"Institutional",1000000,44,95,"2026-09-30",0.0347,"2026-09-30",1,0,0,0,0,0,0,0,0,0,0,0,0,0,0,0,0,0,0,1,0
"FOPXX","Fidelity Investments MM Treasury Only Portfolio Class Iv","Fidelity Colchester Street Trust","Fidelity Investments Money Market Treasury Only Portfolio","Fidelity Investments Money Market Treasury Only Portfolio - Class Iv",0.0068,"0331","Government",739185810.52,"Institutional",1000000,44,95,"2026-09-30",0.0322,"2026-09-30",1,0,0,0,0,0,0,0,0,0,0,0,0,0,0,0,0,0,0,1,0
"FOXXX","Fidelity Investments MM Treasury Only Portfolio Class Ii","Fidelity Colchester Street Trust","Fidelity Investments Money Market Treasury Only Portfolio","Fidelity Investments Money Market Treasury Only Portfolio - Class Ii",0.0033,"0331","Government",4137296310.2,"Institutional",1000000,44,95,"2026-09-30",0.0357,"2026-09-30",1,0,0,0,0,0,0,0,0,0,0,0,0,0,0,0,0,0,0,1,0
"FRBXX","Fidelity Investments MM Treasury Portfolio Institutional Class","Fidelity Colchester Street Trust","Fidelity Investments Money Market Treasury Portfolio","Fidelity Investments Money Market Treasury Portfolio - Institutional Class",0.0014,"0331","Government",49620271091.22,"Institutional",10000000,37,100,"2026-09-30",0.038,"2026-09-30",0.68466,0,0,0,0,0,0,0,0,0,0,0.30147,0,0,0,0,0,0,0.01387,0.68466,0
"FRGXX","Fidelity Investments MM Government Portfolio Institutional Class","Fidelity Colchester Street Trust","Fidelity Investments Money Market Government Portfolio","Fidelity Investments Money Market Government Portfolio - Institutional Class",0.0014,"0331","Government",188627792556.74,"Institutional",10000000,32,103,"2026-09-30",0.0376,"2026-09-30",0.37624,0,0.2376,0.06302,0,0,0,0,0,0,0,0.1636,0.14615,0,0,0,0,0,0.01339,0.67686,0
"FRSXX","Fidelity Investments MM Treasury Only Portfolio Institutional Class","Fidelity Colchester Street Trust","Fidelity Investments Money Market Treasury Only Portfolio","Fidelity Investments Money Market Treasury Only Portfolio - Institutional Class",0.0014,"0331","Government",93456535388.47,"Institutional",10000000,44,95,"2026-09-30",0.0376,"2026-09-30",1,0,0,0,0,0,0,0,0,0,0,0,0,0,0,0,0,0,0,1,0
"FSBXX","Fidelity California Municipal MM Institutional Class","Fidelity California Municipal Trust Ii","Fidelity California Municipal Money Market Fund","Fidelity California Municipal Money Market Fund - Institutional Class",0.002,"0228","SingleState",4922503239.59,"Retail",1000000,28,30,"2026-09-30",0.0284,"2026-09-30",0,0,0,0,0,0,0,0.23911,0.26283,0,0,0,0,0,0,0.12774,0,0.37032,0,0,1
"FSIXX","Fidelity Investments MM Treasury Only Portfolio Class I","Fidelity Colchester Street Trust","Fidelity Investments Money Market Treasury Only Portfolio","Fidelity Investments Money Market Treasury Only Portfolio - Class I",0.0018,"0331","Government",34955817139.8,"Institutional",1000000,44,95,"2026-09-30",0.0372,"2026-09-30",1,0,0,0,0,0,0,0,0,0,0,0,0,0,0,0,0,0,0,1,0
"FSJXX","Fidelity New Jersey Municipal MM Premium","Fidelity Court Street Trust Ii","Fidelity New Jersey Municipal Money Market Fund","Fidelity New Jersey Municipal Money Market Fund - Premium Class",0.003,"1130","SingleState",664082065.32,"Retail",25000,36,37,"2026-09-30",0.028,"2026-09-30",0,0,0,0,0,0,0,0.40874,0.24329,0,0,0,0,0,0,0.11855,0,0.22942,0,0,1
"FSKXX","Fidelity New Jersey Municipal MM Institutional Class","Fidelity Court Street Trust Ii","Fidelity New Jersey Municipal Money Market Fund","Fidelity New Jersey Municipal Money Market Fund - Institutional Class",0.002,"1130","SingleState",674505577.34,"Retail",1000000,36,37,"2026-09-30",0.029,"2026-09-30",0,0,0,0,0,0,0,0.40874,0.24329,0,0,0,0,0,0,0.11855,0,0.22942,0,0,1
"FSNXX","Fidelity New York Municipal MM Premium","Fidelity New York Municipal Trust Ii","Fidelity New York Municipal Money Market Fund","Fidelity New York Municipal Money Market Fund - Premium Class",0.003,"0131","SingleState",1853226232.54,"Retail",25000,35,36,"2026-09-30",0.0302,"2026-09-30",0,0,0,0,0,0,0,0.47836,0.15449,0,0,0,0,0,0,0.00005,0,0.3671,0,0,1
"FSPXX","Fidelity California Municipal MM Premium","Fidelity California Municipal Trust Ii","Fidelity California Municipal Money Market Fund","Fidelity California Municipal Money Market Fund - Premium Class",0.003,"0228","SingleState",2165888102.17,"Retail",25000,28,30,"2026-09-30",0.0274,"2026-09-30",0,0,0,0,0,0,0,0.23911,0.26283,0,0,0,0,0,0,0.12774,0,0.37032,0,0,1
"FSRXX","Fidelity Treasury MM Capital Reserves Class","Fidelity Newbury Street Trust","Fidelity Treasury Money Market Fund","Fidelity Treasury Money Market Fund - Capital Reserves Class",0.0095,"1031","Government",2091796356.65,"Institutional",1,33,94,"2026-09-30",0.0299,"2026-09-30",0.61314,0,0,0,0,0,0,0,0,0,0,0.37339,0,0,0,0,0,0,0.01348,0.61314,0
"FSXXX","Fidelity Investments MM Tax Exempt Portfolio Select Class","Fidelity Colchester Street Trust","Fidelity Investments Money Market Tax-exempt Portfolio","Fidelity Investments Money Market Tax Exempt Portfolio - Select Class",0.0023,"0331","Muni",46722147.71,"Retail",1000000,35,35,"2026-09-30",0.0303,"2026-09-30",0,0,0,0,0,0,0,0.36628,0.25085,0,0,0,0,0,0,0.06879,0,0.31408,0,0,1
"FTCXX","Fidelity Investments MM Tax Exempt Portfolio Class I","Fidelity Colchester Street Trust","Fidelity Investments Money Market Tax-exempt Portfolio","Fidelity Investments Money Market Tax Exempt Portfolio - Class I",0.0018,"0331","Muni",11906323762.87,"Retail",1000000,35,35,"2026-09-30",0.0308,"2026-09-30",0,0,0,0,0,0,0,0.36628,0.25085,0,0,0,0,0,0,0.06879,0,0.31408,0,0,1
"FTEXX","Fidelity Municipal MM","Fidelity Union Street Trust Ii","Fidelity Municipal Money Market Fund","Fidelity Municipal Money Market Fund",0.0039,"0831","Muni",3917461977.53,"Retail",1,41,41,"2026-09-30",0.0291,"2026-09-30",0,0,0,0,0,0,0,0.36388,0.26001,0,0,0,0,0,0,0.08827,0,0.28784,0,0,1
"FTFXX","Federated Hermes Institutional Tax-free Cash Trust Premier Shares","Federated Hermes Money Market Obligations Trust","Federated Hermes Institutional Tax-free Cash Trust","Premier Shares",0.0015,"0731","Muni",996668580.45,"Institutional",5000000,5,5,"2026-09-30",0.0334,"2026-09-30",0,0,0,0,0,0,0,0.90472,0.00761,0,0,0,0,0,0,0.08766,0,0,0,0,1
"FTIXX","Goldman Sachs Financial Square Treasury Instruments Fund Institutional Shares","Goldman Sachs Trust","Goldman Sachs Financial Square Fund - Treasury Instruments","Institutional Shares",0.002,"1031","Government",97305353182.45,"Institutional",10000000,46,116,"2026-08-31",0.0358,"2026-08-31",1,0,0,0,0,0,0,0,0,0,0,0,0,0,0,0,0,0,0,1,0
"FTUXX","Fidelity Investments MM Treasury Portfolio Select Class","Fidelity Colchester Street Trust","Fidelity Investments Money Market Treasury Portfolio","Fidelity Investments Money Market Treasury Portfolio - Select Class",0.0023,"0331","Government",276209447.71,"Institutional",1000000,37,100,"2026-09-30",0.0371,"2026-09-30",0.68466,0,0,0,0,0,0,0,0,0,0,0.30147,0,0,0,0,0,0,0.01387,0.68466,0
"FTVXX","Fidelity Investments MM Treasury Portfolio Class Iv","Fidelity Colchester Street Trust","Fidelity Investments Money Market Treasury Portfolio","Fidelity Investments Money Market Treasury Portfolio - Class Iv",0.0068,"0331","Government",1368517853.33,"Institutional",1000000,37,100,"2026-09-30",0.0326,"2026-09-30",0.68466,0,0,0,0,0,0,0,0,0,0,0.30147,0,0,0,0,0,0,0.01387,0.68466,0
"FTXXX","Goldman Sachs Investor Tax-exempt MM Institutional Shares","Goldman Sachs Trust","Goldman Sachs Investor Fund - Tax-exempt Money Market","Class I",0.0018,"1031","Muni",4702687629.91,"Retail",10000000,27,27,"2026-08-31",0.0233,"2026-08-31",0,0,0,0,0,0,0,0.64158,0.05973,0,0,0,0,0,0,0,0.19116,0.10753,0,0,1
"FTYXX","Fidelity Investments MM Treasury Only Portfolio Select Class","Fidelity Colchester Street Trust","Fidelity Investments Money Market Treasury Only Portfolio","Fidelity Investments Money Market Treasury Only Portfolio - Select Class",0.0023,"0331","Government",2937490855.42,"Institutional",1000000,44,95,"2026-09-30",0.0367,"2026-09-30",1,0,0,0,0,0,0,0,0,0,0,0,0,0,0,0,0,0,0,1,0
"FYHXX","Fidelity Treasury Digital Liquidity","Fidelity Hereford Street Trust","Fidelity Treasury Digital Fund","Fidelity Treasury Digital Fund - Liquidity",0.0018,"0430","Government",40307840.05,"Institutional",1000000,23,23,"2026-09-30",0.0368,"2026-09-30",1,0,0,0,0,0,0,0,0,0,0,0,0,0,0,0,0,0,0,1,0
"FZAXX","Fidelity Government MM Capital Reserves Class","Fidelity Hereford Street Trust","Fidelity Government Money Market Fund","Fidelity Government Money Market Fund - Capital Reserves Class",0.0095,"0430","Government",3623794110.09,"Institutional",1,38,111,"2026-09-30",0.0294,"2026-09-30",0.41499,0,0.20305,0.06237,0,0,0,0,0,0,0,0.17723,0.12896,0,0,0,0,0,0.0134,0.6804,0
"FZCXX","Fidelity Government MM Premium","Fidelity Hereford Street Trust","Fidelity Government Money Market Fund","Fidelity Government Money Market Fund - Premium Class",0.0032,"0430","Government",14106111135.73,"Institutional",100000,38,111,"2026-09-30",0.0358,"2026-09-30",0.41499,0,0.20305,0.06237,0,0,0,0,0,0,0,0.17723,0.12896,0,0,0,0,0,0.0134,0.6804,0
"FZDXX","Fidelity MM Premium","Fidelity Hereford Street Trust","Fidelity Money Market Fund","Fidelity Money Market Fund - Premium Class",0.003,"0430","Prime",121144195377.84,"Retail",100000,14,24,"2026-09-30",0.0368,"2026-09-30",0.1415,0,0,0,0,0.04412,0.05841,0,0,0.02054,0,0.28955,0.22081,0.08361,0,0.12832,0,0,0.01314,0.1415,0
"FZEXX","Fidelity Tax-exempt MM Premium","Fidelity Newbury Street Trust","Fidelity Tax-exempt Money Market Fund","Fidelity Tax-exempt Money Market Fund - Premium Class",0.003,"1031","Muni",3025317329.87,"Retail",25000,38,38,"2026-09-30",0.0296,"2026-09-30",0,0,0,0,0,0,0,0.28894,0.2631,0,0,0,0,0,0,0.09008,0,0.35789,0,0,1
"FZFXX","Fidelity Treasury MM","Fidelity Newbury Street Trust","Fidelity Treasury Money Market Fund","Fidelity Treasury Money Market Fund",0.0042,"1031","Government",42197493654.12,"Institutional",1,33,94,"2026-09-30",0.0352,"2026-09-30",0.61314,0,0,0,0,0,0,0,0,0,0,0.37339,0,0,0,0,0,0,0.01348,0.61314,0
"FZGXX","Fidelity Government MM Advisor Cl M","Fidelity Hereford Street Trust","Fidelity Government Money Market Fund","Fidelity Government Money Market Fund - Class M",0.007,"0430","Government",219740406.77,"Institutional",1,38,111,"2026-09-30",0.032,"2026-09-30",0.41499,0,0.20305,0.06237,0,0,0,0,0,0,0,0.17723,0.12896,0,0,0,0,0,0.0134,0.6804,0
"GABXX","Gabelli US Treasury MM Class I","Gabelli Money Market Funds","Gabelli U.s Treasury Money Market Fund","1i",0.0008,"0930","Government",5588561879.85,"Institutional",10000,56,60,"2026-09-30",0.0377,"2026-09-30",1,0,0,0,0,0,0,0,0,0,0,0,0,0,0,0,0,0,0,1,0
"GMMF","Ishares Government MM ETF","Blackrock Etf Trust","Ishares Government Money Market Etf","I",0.002,"0731","Government",190581893.57,"Institutional",0.01,45,106,"2026-08-31",0.0355,"2026-08-31",0.78207,0,0.21222,0.00571,0,0,0,0,0,0,0,0,0,0,0,0,0,0,0,1,0
"GOFXX","Federated Hermes Govt Obl Premier","Federated Hermes Money Market Obligations Trust","Federated Hermes Government Obligations Fund","Premier Shares",0.0015,"0731","Government",99203962863.24,"Institutional",5000000,36,99,"2026-09-30",0.0377,"2026-09-30",0.2389,0,0.23217,0.0111,0,0,0,0,0,0,0,0.28374,0.23409,0,0,0,0,0,0,0.48217,0
"GOIXX","Federated Hermes Govt Obl Is","Federated Hermes Money Market Obligations Trust","Federated Hermes Government Obligations Fund","Institutional Shares",0.002,"0731","Government",33384557926.4,"Institutional",500000,36,99,"2026-09-30",0.0372,"2026-09-30",0.2389,0,0.23217,0.0111,0,0,0,0,0,0,0,0.28374,0.23409,0,0,0,0,0,0,0.48217,0
"GOTXX","Federated Hermes Govt Obl Tx-mgd Is","Federated Hermes Money Market Obligations Trust","Federated Hermes Government Obligations Tax-managed Fund","Institutional Shares",0.002,"0731","Government",3808858610.13,"Institutional",500000,42,99,"2026-09-30",0.0368,"2026-09-30",0.69922,0,0.22895,0.07183,0,0,0,0,0,0,0,0,0,0,0,0,0,0,0,1,0
"GOVXX","Federated Hermes Govt Obl Advisor","Federated Hermes Money Market Obligations Trust","Federated Hermes Government Obligations Fund","Advisor Shares",0.0015,"0731","Government",7978604828.1,"Institutional",1000000,36,99,"2026-09-30",0.0377,"2026-09-30",0.2389,0,0.23217,0.0111,0,0,0,0,0,0,0,0.28374,0.23409,0,0,0,0,0,0,0.48217,0
"GPAXX","Blackrock Liquidity Funds Fedfund Great Pacific Shares","Blackrock Liquidity Funds","Fedfund","Great Pacific Shares",0.0017,"1031","Government",54157.18,"Institutional",3000000,43,106,"2026-08-31",0.0357,"2026-08-31",0.31805,0,0.24288,0.0125,0,0,0,0,0,0,0,0.2452,0.18138,0,0,0,0,0,0,0.57343,0
"GPCXX","Blackrock Liquidity Funds Tempcash Great Pacific Shares","Blackrock Liquidity Funds","Tempcash","Great Pacific Shares",0.0018,"1031","Prime",831834536.29,"Institutional",3000000,39,81,"2026-08-31",0.0372,"2026-08-31",0.01669,0,0,0.00341,0.00188,0.26294,0.08532,0.0026,0,0.15982,0,0.07478,0.0461,0.19967,0,0.14511,0,0.00167,0,0.0201,0.00427
"HTSXX","Jpmorgan 100% US Treasury Securities MM Morgan Class","Jpmorgan Trust I","Jpmorgan 100% U.s. Treasury Securities Money Market Fund","Morgan",0.0057,,"Government",7514222827.23,"Institutional",1000,46,102,"2026-09-30",0.0333,"2026-09-30",1,0,0,0,0,0,0,0,0,0,0,0,0,0,0,0,0,0,0,1,0
"HUAXX","Blackrock Liquidity Funds Fedfund Mischler Financial Group Shares","Blackrock Liquidity Funds","Fedfund","Mischler Financial Group Shares",0.0017,"1031","Government",2050578308.36,"Institutional",3000000,43,106,"2026-08-31",0.0357,"2026-08-31",0.31805,0,0.24288,0.0125,0,0,0,0,0,0,0,0.2452,0.18138,0,0,0,0,0,0,0.57343,0
"JMMF","Jpmorgan 100% US Treasury Securities MM ETF","J.p. Morgan Exchange-traded Fund Trust","Jpmorgan 100% U.s. Treasury Securities Money Market Etf","Etf Shares",0.0016,,"Government",92134446.8,"Institutional",0.01,40,82,"2026-09-30",0.0371,"2026-09-30",1,0,0,0,0,0,0,0,0,0,0,0,0,0,0,0,0,0,0,1,0
"MCBXX","Blackrock Financial Institutions Series Trust Summit Cash Reserves Fund Investor C Shares","Blackrock Financial Institutions Series Trust","Blackrock Summit Cash Reserves Fund","Investor C",0.0117,"0531","Government",897029.3,"Institutional",1000,45,96,"2026-08-31",0.0257,"2026-08-31",0.3793,0,0.22332,0.00793,0,0,0,0,0,0,0,0.23963,0.14981,0,0,0,0,0,0,0.61055,0
"MCSXX","Blackrock Liquidity Funds Municash Institutional Shares","Blackrock Liquidity Funds","Municash","Institutional",0.0021,"1031","Muni",3638148415.88,"Institutional",3000000,6,6,"2026-08-31",0.0221,"2026-08-31",0,0,0,0,0,0,0,0.82231,0,0,0,0,0,0,0,0.05164,0,0.12605,0,0,1
"MMKT","Texas Capital Government MM ETF","Texas Capital Funds Trust","Texas Capital Government Money Market Etf","Texas Capital Government Money Market Etf",0.002,"1231","Government",72651128.68,"Institutional",0.01,42,50,"2026-08-31",0.0365,"2026-08-31",0.46338,0,0,0.02598,0,0,0,0,0,0,0,0,0.49843,0,0,0.01221,0,0,0,0.48936,0
"MNRSV","Blackrock Government MM Portfolio","Blackrock Series Fund, Inc.","Blackrock Government Money Market Portfolio","I","","1231","Government",104603793.11,"Institutional",1,48,104,"2026-08-31",0.0332,"2026-08-31",0.39907,0,0.24533,0.01066,0,0,0,0,0,0,0,0.09581,0.24912,0,0,0,0,0,0,0.65507,0
"MSAXX","Blackrock Financial Institutions Series Trust Summit Cash Reserves Fund Investor A Shares","Blackrock Financial Institutions Series Trust","Blackrock Summit Cash Reserves Fund","Investor A",0.0042,"0531","Government",1000276631.47,"Institutional",1000,45,96,"2026-08-31",0.0332,"2026-08-31",0.3793,0,0.22332,0.00793,0,0,0,0,0,0,0,0.23963,0.14981,0,0,0,0,0,0,0.61055,0
"MSIXX","Blackrock Financial Institutions Series Trust Summit Cash Reserves Fund Institutional","Blackrock Financial Institutions Series Trust","Blackrock Summit Cash Reserves Fund","Institutional",0.0042,"0531","Government",148383606.78,"Institutional",2000000,45,96,"2026-08-31",0.0332,"2026-08-31",0.3793,0,0.22332,0.00793,0,0,0,0,0,0,0,0.23963,0.14981,0,0,0,0,0,0,0.61055,0
"MSUXX","Morgan Stanley Institutional Liquidity Treasury Securities Portfolio Institutional Class","Morgan Stanley Institutional Liquidity Funds","Treasury Securities Portfolio","Institutional Class",0.002,,"Government",65660438740.46,"Institutional",10000000,51,116,"2026-08-31",0.0356,"2026-08-31",1,0,0,0,0,0,0,0,0,0,0,0,0,0,0,0,0,0,0,1,0
"PCOXX","Federated Hermes Prime Cash Obligations Fund Wealth","Federated Hermes Money Market Obligations Trust","Federated Hermes Prime Cash Obligations Fund","Wealth Shares",0.002,"0731","Prime",92645517558.5,"Retail",500000,46,82,"2026-09-30",0.0388,"2026-09-30",0,0,0,0,0,0.17353,0.02809,0.01047,0,0.05766,0,0.08932,0.11346,0.28002,0,0.2002,0.00611,0.00067,0.04047,0,0.01115
"PGYXX","Pimco Government MM Class Institutional","Pimco Funds","Pimco Government Money Market Fund","Institutional Class",0.0018,"0331","Government",1585332458.5,"Institutional",10000,1,1,"2026-09-30",0.0379,"2026-09-30",0,0,0,0,0,0,0,0,0,0,0,1,0,0,0,0,0,0,0,0,0
"PINXX","Blackrock Wealth Liquid Environmentally Aware Fund Investor A Shares","Blackrock Funds","Blackrock Wealth Liquid Environmentally Aware Fund","Investor A",0.0055,"0930","Prime",4814216960.57,"Retail",1000,44,85,"2026-08-31",0.0338,"2026-08-31",0.00521,0,0,0,0,0.30423,0.10346,0.0028,0,0.03152,0,0.21222,0.15087,0,0,0.1897,0,0,0,0.00521,0.0028
"PMMF","Ishares Prime MM ETF I","Blackrock Etf Trust","Ishares Prime Money Market Etf","I","","0731","Prime",725261984.61,"Institutional",0.01,40,87,"2026-08-31",0.037,"2026-08-31",0,0,0,0.00278,0,0.31974,0,0,0,0.142,0,0.03058,0.35998,0.04177,0.00259,0.0853,0.01526,0,0,0.00278,0
"PNIXX","Blackrock Wealth Liquid Environmentally Aware Fund Institutional Shares","Blackrock Funds","Blackrock Wealth Liquid Environmentally Aware Fund","Institutional",0.002,"0930","Prime",662987512.26,"Retail",2000000,44,85,"2026-08-31",0.0367,"2026-08-31",0.00521,0,0,0,0,0.30423,0.10346,0.0028,0,0.03152,0,0.21222,0.15087,0,0,0.1897,0,0,0,0.00521,0.0028
"PNPXX","Blackrock Wealth Liquid Environmentally Aware Fund Service Shares","Blackrock Funds","Blackrock Wealth Liquid Environmentally Aware Fund","Service",0.005,"0930","Prime",192063876.59,"Retail",5000,44,85,"2026-08-31",0.0339,"2026-08-31",0.00521,0,0,0,0,0.30423,0.10346,0.0028,0,0.03152,0,0.21222,0.15087,0,0,0.1897,0,0,0,0.00521,0.0028
"POIXX","Federated Hermes Instl Prime Obl Is","Federated Hermes Money Market Obligations Trust","Federated Hermes Institutional Prime Obligations Fund","Institutional Shares",0.002,"0731","Prime",15794066691.33,"Institutional",500000,45,79,"2026-09-30",0.0391,"2026-09-30",0,0,0,0,0,0.16032,0.03706,0.01835,0,0.06607,0.00036,0,0.134,0.35366,0,0.18948,0.0175,0,0.0232,0,0.01835
"PSFXX","Blackrock Liquidity Funds Fedfund Penserra Shares","Blackrock Liquidity Funds","Fedfund","Penserra Shares",0.0017,"1031","Government",108314.11,"Institutional",3000000,43,106,"2026-08-31",0.0357,"2026-08-31",0.31805,0,0.24288,0.0125,0,0,0,0,0,0,0,0.2452,0.18138,0,0,0,0,0,0,0.57343,0
"SBIL","Simplify Government MM ETF","Simplify Exchange Traded Funds","Simplify Government Money Market Etf","Simplify Government Money Market Etf",0.0015,"0630","Government",4108736569.42,"Institutional",1,41,119,"2026-09-30",0.0375,"2026-09-30",0.21505,0,0.20456,0.49939,0,0,0,0,0,0,0,0.081,0,0,0,0,0,0,0,0.919,0
"SBIXX","Blackrock Liquidity Funds Fedfund Stern Brothers Shares","Blackrock Liquidity Funds","Fedfund","Stern Brothers Shares",0.0017,"1031","Government",48595311.34,"Institutional",3000000,43,106,"2026-08-31",0.0357,"2026-08-31",0.31805,0,0.24288,0.0125,0,0,0,0,0,0,0,0.2452,0.18138,0,0,0,0,0,0,0.57343,0
"SCAXX","Schwab California Municipal MM Ultra Shares","Charles Schwab Family Of Funds","Schwab California Municipal Money Fund","Ultra Shares",0.0019,"1231","SingleState",7004767482.47,"Retail",1000000,24,24,"2026-09-30",0.0273,"2026-09-30",0,0,0,0,0,0,0,0.44645,0.01843,0,0,0,0,0,0,0,0.3639,0.17122,0,0,1
"SCOXX","Schwab Treasury Obligations MM Ultra Shares","Charles Schwab Family Of Funds","Schwab Treasury Obligations Money Fund","Ultra Shares",0.0019,"1231","Government",33970634873.89,"Institutional",1000000,33,74,"2026-09-30",0.0376,"2026-09-30",0.35598,0,0,0,0,0,0,0,0,0,0,0.64402,0,0,0,0,0,0,0,0.35598,0
"SCTXX","Schwab Amt Tax-free MM Ultra Shares","Charles Schwab Family Of Funds","Schwab Amt Tax-free Money Fund","Ultra Shares",0.0019,"1231","Muni",3271325255.86,"Retail",1000000,33,35,"2026-09-30",0.0304,"2026-09-30",0,0,0,0,0,0,0,0.32262,0.08043,0,0,0,0,0,0,0,0.19937,0.39758,0,0,1
"SGUXX","Schwab Government MM Ultra Shares","Charles Schwab Family Of Funds","Schwab Government Money Fund","Ultra Shares",0.0019,"1231","Government",31364916177.35,"Institutional",1000000,34,90,"2026-09-30",0.0373,"2026-09-30",0.08425,0,0.24037,0.04942,0,0,0,0.00209,0,0,0,0.16143,0.46243,0,0,0,0,0,0,0.37405,0.00209
"SGVT","Schwab Government MM ETF","Schwab Strategic Trust","Schwab Government Money Market Etf","Single Class",0.0028,"1231","Government",999631224.03,"Institutional",1000000,36,90,"2026-09-30",0.0366,"2026-09-30",0.0726,0,0.17509,0.09997,0,0,0,0,0,0,0,0.28552,0.36683,0,0,0,0,0,0,0.34765,0
"SIGXX","Blackrock Select Treasury Based Liquidity Fund Stern Brothers Shares","Blackrock Liquidity Funds","Blackrock Select Treasury Based Liquidity Fund","Stern Brothers Shares",0.0017,"1031","Government",200151456.55,"Institutional",3000000,11,11,"2026-08-31",0.0354,"2026-08-31",0.32746,0,0,0,0,0,0,0,0,0,0,0.67254,0,0,0,0,0,0,0,0.32746,0
"SNAXX","Schwab Prime Advantage MM Ultra Shares","Charles Schwab Family Of Funds","Schwab Prime Advantage Money Fund","Ultra Shares",0.0019,"1231","Prime",142607876731.15,"Retail",1000000,32,56,"2026-09-30",0.0386,"2026-09-30",0,0,0,0,0.00205,0.22559,0.079,0.00895,0,0.08342,0,0.12767,0.25364,0.07333,0,0.11442,0.00864,0,0.02328,0,0.00895
"SNOXX","Schwab Treasury Obligations MM Investor","Charles Schwab Family Of Funds","Schwab Treasury Obligations Money Fund","Investor Shares",0.0034,"1231","Government",35751538652.91,"Institutional",0,33,74,"2026-09-30",0.0361,"2026-09-30",0.35598,0,0,0,0,0,0,0,0,0,0,0.64402,0,0,0,0,0,0,0,0.35598,0
"SNSXX","Schwab US Treasury MM Investor","Charles Schwab Family Of Funds","Schwab U.s. Treasury Money Fund","Investor Shares",0.0034,"1231","Government",43812820238.57,"Institutional",0,44,75,"2026-09-30",0.0353,"2026-09-30",1,0,0,0,0,0,0,0,0,0,0,0,0,0,0,0,0,0,0,1,0
"SNVXX","Schwab Government MM Investor","Charles Schwab Family Of Funds","Schwab Government Money Fund","Investor Shares",0.0034,"1231","Government",32366997726.24,"Institutional",0,34,90,"2026-09-30",0.0358,"2026-09-30",0.08425,0,0.24037,0.04942,0,0,0,0.00209,0,0,0,0.16143,0.46243,0,0,0,0,0,0,0.37405,0.00209
"SNYXX","Schwab New York Municipal MM Ultra Shares","Charles Schwab Family Of Funds","Schwab New York Municipal Money Fund","Ultra Shares",0.0019,"1231","SingleState",2270776810.83,"Retail",1000000,29,30,"2026-09-30",0.0315,"2026-09-30",0,0,0,0,0,0,0,0.43505,0.09826,0,0,0,0,0,0,0,0.0485,0.4182,0,0,1
"SPAXX","Fidelity Government MM","Fidelity Hereford Street Trust","Fidelity Government Money Market Fund","Fidelity Government Money Market Fund",0.0042,"0430","Government",433836034216.21,"Institutional",1,38,111,"2026-09-30",0.0348,"2026-09-30",0.41499,0,0.20305,0.06237,0,0,0,0,0,0,0,0.17723,0.12896,0,0,0,0,0,0.0134,0.6804,0
"SPRXX","Fidelity MM","Fidelity Hereford Street Trust","Fidelity Money Market Fund","Fidelity Money Market Fund",0.0042,"0430","Prime",11730552698.01,"Retail",1,14,24,"2026-09-30",0.0356,"2026-09-30",0.1415,0,0,0,0,0.04412,0.05841,0,0,0.02054,0,0.28955,0.22081,0.08361,0,0.12832,0,0,0.01314,0.1415,0
"SUTXX","Schwab US Treasury MM Ultra Shares","Charles Schwab Family Of Funds","Schwab U.s. Treasury Money Fund","Ultra Shares",0.0019,"1231","Government",67798840734.5,"Institutional",1000000,44,75,"2026-09-30",0.0368,"2026-09-30",1,0,0,0,0,0,0,0,0,0,0,0,0,0,0,0,0,0,0,1,0
"SWGXX","Schwab Government MM","Charles Schwab Family Of Funds","Schwab Government Money Fund","Sweep Shares",0.0044,"1231","Government",23736672293.83,"Institutional",0,34,90,"2026-09-30",0.0348,"2026-09-30",0.08425,0,0.24037,0.04942,0,0,0,0.00209,0,0,0,0.16143,0.46243,0,0,0,0,0,0,0.37405,0.00209
"SWKXX","Schwab California Municipal MM Investor","Charles Schwab Family Of Funds","Schwab California Municipal Money Fund","Investor Shares",0.0034,"1231","SingleState",2503736066.14,"Retail",0,24,24,"2026-09-30",0.0258,"2026-09-30",0,0,0,0,0,0,0,0.44645,0.01843,0,0,0,0,0,0,0,0.3639,0.17122,0,0,1
"SWOXX","Schwab Municipal MM Ultra Shares","Charles Schwab Family Of Funds","Schwab Municipal Money Fund","Ultra Shares",0.0019,"1231","Muni",15119538060.19,"Retail",1000000,33,35,"2026-09-30",0.0307,"2026-09-30",0,0,0,0,0,0,0,0.48656,0.0863,0,0,0,0,0,0,0,0.18513,0.242,0,0,1
"SWTXX","Schwab Municipal MM Investor","Charles Schwab Family Of Funds","Schwab Municipal Money Fund","Investor Shares",0.0034,"1231","Muni",4668287596.6,"Retail",0,33,35,"2026-09-30",0.0292,"2026-09-30",0,0,0,0,0,0,0,0.48656,0.0863,0,0,0,0,0,0,0,0.18513,0.242,0,0,1
"SWVXX","Schwab Prime Advantage MM Investor","Charles Schwab Family Of Funds","Schwab Prime Advantage Money Fund","Investor Shares",0.0034,"1231","Prime",248914852866.32,"Retail",0,32,56,"2026-09-30",0.0371,"2026-09-30",0,0,0,0,0.00205,0.22559,0.079,0.00895,0,0.08342,0,0.12767,0.25364,0.07333,0,0.11442,0.00864,0,0.02328,0,0.00895
"SWWXX","Schwab Amt Tax-free MM Investor","Charles Schwab Family Of Funds","Schwab Amt Tax-free Money Fund","Investor Shares",0.0034,"1231","Muni",1278254686.98,"Retail",0,33,35,"2026-09-30",0.0289,"2026-09-30",0,0,0,0,0,0,0,0.32262,0.08043,0,0,0,0,0,0,0,0.19937,0.39758,0,0,1
"SWYXX","Schwab New York Municipal MM Investor","Charles Schwab Family Of Funds","Schwab New York Municipal Money Fund","Investor Shares",0.0034,"1231","SingleState",1055251085.35,"Retail",0,29,30,"2026-09-30",0.03,"2026-09-30",0,0,0,0,0,0,0,0.43505,0.09826,0,0,0,0,0,0,0,0.0485,0.4182,0,0,1
"TCDXX","Blackrock Liquidity Funds Tempcash Dollar Shares","Blackrock Liquidity Funds","Tempcash","Dollar",0.0043,"1031","Prime",15471936.34,"Institutional",5000,39,81,"2026-08-31",0.0347,"2026-08-31",0.01669,0,0,0.00341,0.00188,0.26294,0.08532,0.0026,0,0.15982,0,0.07478,0.0461,0.19967,0,0.14511,0,0.00167,0,0.0201,0.00427
"TCPXX","Blackrock Liquidity Funds Tempcash Premier Shares","Blackrock Liquidity Funds","Tempcash","Premier",0.0018,"1031","Prime",36489.6,"Institutional",3000000,39,81,"2026-08-31",0.0372,"2026-08-31",0.01669,0,0,0.00341,0.00188,0.26294,0.08532,0.0026,0,0.15982,0,0.07478,0.0461,0.19967,0,0.14511,0,0.00167,0,0.0201,0.00427
"TDDXX","Blackrock Liquidity Funds Fedfund Dollar Shares","Blackrock Liquidity Funds","Fedfund","Dollar",0.0042,"1031","Government",4327619129.04,"Institutional",5000,43,106,"2026-08-31",0.0333,"2026-08-31",0.31805,0,0.24288,0.0125,0,0,0,0,0,0,0,0.2452,0.18138,0,0,0,0,0,0,0.57343,0
"TFDXX","Blackrock Liquidity Funds Fedfund Institutional Shares","Blackrock Liquidity Funds","Fedfund","Institutional",0.0017,"1031","Government",171904653490.64,"Institutional",3000000,43,106,"2026-08-31",0.0357,"2026-08-31",0.31805,0,0.24288,0.0125,0,0,0,0,0,0,0,0.2452,0.18138,0,0,0,0,0,0,0.57343,0
"TFEXX","Blackrock Liquidity Funds T-fund Dollar Shares","Blackrock Liquidity Funds","T-fund","Dollar",0.0042,"1031","Government",1853912763.16,"Institutional",5000,46,96,"2026-08-31",0.0333,"2026-08-31",0.4388,0,0,0,0,0,0,0,0,0,0,0.5612,0,0,0,0,0,0,0,0.4388,0
"TFFXX","Blackrock Select Treasury Based Liquidity Fund Institutional Shares","Blackrock Liquidity Funds","Blackrock Select Treasury Based Liquidity Fund","Institutional",0.0017,"1031","Government",6022988148.4,"Institutional",3000000,11,11,"2026-08-31",0.0354,"2026-08-31",0.32746,0,0,0,0,0,0,0,0,0,0,0.67254,0,0,0,0,0,0,0,0.32746,0
"TIGXX","Blackrock Liquidity Fedfund Tigress Shares","Blackrock Liquidity Funds","Fedfund","Tigress",0.0017,"1031","Government",133612102.52,"Institutional",3000000,43,106,"2026-08-31",0.0357,"2026-08-31",0.31805,0,0.24288,0.0125,0,0,0,0,0,0,0,0.2452,0.18138,0,0,0,0,0,0,0.57343,0
"TMCXX","Blackrock Liquidity Funds Tempcash Institutional Shares","Blackrock Liquidity Funds","Tempcash","Institutional",0.0018,"1031","Prime",24668954958.42,"Institutional",3000000,39,81,"2026-08-31",0.0372,"2026-08-31",0.01669,0,0,0.00341,0.00188,0.26294,0.08532,0.0026,0,0.15982,0,0.07478,0.0461,0.19967,0,0.14511,0,0.00167,0,0.0201,0.00427
"TOIXX","Federated Hermes Treasury Obligations Fund Is","Federated Hermes Money Market Obligations Trust","Federated Hermes Treasury Obligations Fund","Institutional Shares",0.002,"0731","Government",29106114910.81,"Institutional",500000,38,94,"2026-09-30",0.0374,"2026-09-30",0.50714,0,0,0,0,0,0,0,0,0,0,0.49286,0,0,0,0,0,0,0,0.50714,0
"TPCXX","Blackrock Liquidity Funds Tempcash Capital Shares","Blackrock Liquidity Funds","Tempcash","Capital",0.0023,"1031","Prime",26200928.31,"Institutional",50000,39,81,"2026-08-31",0.0367,"2026-08-31",0.01669,0,0,0.00341,0.00188,0.26294,0.08532,0.0026,0,0.15982,0,0.07478,0.0461,0.19967,0,0.14511,0,0.00167,0,0.0201,0.00427
"TSDXX","Blackrock Select Treasury Based Liquidity Fund Dollar Shares","Blackrock Liquidity Funds","Blackrock Select Treasury Based Liquidity Fund","Dollar",0.0042,"1031","Government",17493770.53,"Institutional",5000,11,11,"2026-08-31",0.0328,"2026-08-31",0.32746,0,0,0,0,0,0,0,0,0,0,0.67254,0,0,0,0,0,0,0,0.32746,0
"TSLXX","Blackrock Liquidity Funds Treasury Trust Fund Select Shares","Blackrock Liquidity Funds","Treasury Trust Fund","Select",0.01,"1031","Government",499043275.46,"Institutional",1,47,94,"2026-08-31",0.0276,"2026-08-31",1,0,0,0,0,0,0,0,0,0,0,0,0,0,0,0,0,0,0,1,0
"TSTXX","Blackrock Liquidity Funds T-fund Institutional Shares","Blackrock Liquidity Funds","T-fund","Institutional",0.0017,"1031","Government",114202939810.96,"Institutional",3000000,46,96,"2026-08-31",0.0358,"2026-08-31",0.4388,0,0,0,0,0,0,0,0,0,0,0.5612,0,0,0,0,0,0,0,0.4388,0
"TTDXX","Blackrock Liquidity Funds Treasury Trust Fund Dollar Shares","Blackrock Liquidity Funds","Treasury Trust Fund","Dollar",0.0042,"1031","Government",2499544699.05,"Institutional",5000,47,94,"2026-08-31",0.0335,"2026-08-31",1,0,0,0,0,0,0,0,0,0,0,0,0,0,0,0,0,0,0,1,0
"TTTXX","Blackrock Liquidity Funds Treasury Trust Fund Institutional Shares","Blackrock Liquidity Funds","Treasury Trust Fund","Institutional",0.0017,"1031","Government",178283209238.24,"Institutional",3000000,47,94,"2026-08-31",0.0359,"2026-08-31",1,0,0,0,0,0,0,0,0,0,0,0,0,0,0,0,0,0,0,1,0
"USDXX","Circle Reserve Fund Institutional Shares","Blackrock Funds","Circle Reserve Fund","Institutional Shares",0.0017,"0930","Government",62317374427.07,"Institutional",2000000000,9,9,"2026-08-31",0.0362,"2026-08-31",0.19378,0,0,0,0,0,0,0,0,0,0,0.80622,0,0,0,0,0,0,0,0.19378,0
"UTIXX","Federated Hermes US Treasury Cash Reserves Fund Institutional Shares","Federated Hermes Money Market Obligations Trust","Federated Hermes U.s. Treasury Cash Reserves","Institutional Shares",0.002,"0731","Government",33708785863.81,"Institutional",500000,43,92,"2026-09-30",0.0369,"2026-09-30",1,0,0,0,0,0,0,0,0,0,0,0,0,0,0,0,0,0,0,1,0
"VCTXX","Vanguard California Municipal MM Investor","Vanguard California Tax-free Funds","Vanguard California Municipal Money Market Fund","Investor Shares",0.0012,"1130","SingleState",4085945832.23,"Retail",3000,14,14,"2026-08-31",0.0211,"2026-08-31",0,0,0,0,0,0,0,0.57115,0.01367,0,0,0,0,0,0,0,0.11422,0.30097,0,0,1
"VMFXX","Vanguard Federal MM Investor","Vanguard Money Market Reserves","Vanguard Federal Money Market Fund","Investor Shares",0.0011,"0831","Government",375003028961.17,"Institutional",3000,24,52,"2026-08-31",0.0363,"2026-08-31",0.367,0,0.31735,0.06251,0,0,0,0,0,0,0,0.25314,0,0,0,0,0,0,0,0.74686,0
"VMRXX","Vanguard Cash Reserves Federal MM Admiral Shares","Vanguard Money Market Reserves","Vanguard Cash Reserves Federal Money Market Fund","Admiral Shares",0.001,"0831","Government",116617720361.22,"Institutional",3000,24,52,"2026-08-31",0.0364,"2026-08-31",0.36589,0,0.31541,0.06451,0,0,0,0,0,0,0,0.25419,0,0,0,0,0,0,0,0.74581,0
"VMSXX","Vanguard Municipal MM Investor","Vanguard Municipal Bond Funds","Vanguard Municipal Money Market Fund","Investor Shares",0.0011,"1031","Muni",18182616971.74,"Retail",3000,17,18,"2026-08-31",0.0234,"2026-08-31",0,0,0,0,0,0,0,0.49665,0.04913,0,0,0,0,0,0,0,0.02762,0.42661,0,0,1
"VUSXX","Vanguard Treasury MM Investor","Vanguard Admiral Funds","Vanguard Treasury Money Market Fund","Investor Shares",0.0007,"0831","Government",113352851532.25,"Institutional",3000,29,53,"2026-08-31",0.0369,"2026-08-31",1,0,0,0,0,0,0,0,0,0,0,0,0,0,0,0,0,0,0,1,0
"VYFXX","Vanguard New York Municipal MM Investor","Vanguard New York Tax-free Funds","Vanguard New York Municipal Money Market Fund","Investor Shares",0.0011,"1130","SingleState",3564809458.16,"Retail",3000,15,16,"2026-08-31",0.0231,"2026-08-31",0,0,0,0,0,0,0,0.53766,0.05992,0,0,0,0,0,0,0,0.03227,0.37015,0,0,1
"WMPXX","Allspring MM Class Premier","Allspring Funds Trust","Allspring Money Market Fund","Premier Class",0.002,,"Prime",41693453233.94,"Retail",10000000,34,72,"2026-09-30",0.0391,"2026-09-30",0.06592,0,0,0,0.00237,0.22251,0.01026,0.08124,0,0.35361,0,0.01188,0.09742,0.05822,0,0.05502,0.00293,0.03861,0,0.06592,0.11985
"WOTXX","Allspring 100% Treasury MM Class Inst","Allspring Funds Trust","Allspring 100% Treasury Money Market Fund","Institutional Class",0.002,,"Government",12418906361.95,"Institutional",10000000,48,104,"2026-09-30",0.037,"2026-09-30",1,0,0,0,0,0,0,0,0,0,0,0,0,0,0,0,0,0,0,1,0
"WSTXX","Blackrock Liquidity Fedfund Westcap Shares","Blackrock Liquidity Funds","Fedfund","Westcap Shares",0.0017,"1031","Government",91859646.57,"Institutional",3000000,43,106,"2026-08-31",0.0357,"2026-08-31",0.31805,0,0.24288,0.0125,0,0,0,0,0,0,0,0.2452,0.18138,0,0,0,0,0,0,0.57343,0
"XTSLA","Blackrock Cash Funds Treasury Sl Agency Shares","Blackrock Funds Iii","Blackrock Cash Funds: Treasury","Sl Agency Shares",0.0009,"1231","Government",19634878157.38,"Institutional",100000000,1,1,"2026-08-31",0.0365,"2026-08-31",,,,,,,,,,,,,,,,,,,,,
