asOfDate, cusip, securitytype, rate, maturitydate, calldate, buy, sell, endofday, key
"2024-11-19","91282CLA7","MARKET BASED FRN","0.04729","2026-07-31","","100.013205","99.980371","0.000000","2026-07-31-0.04729"
"2024-11-20","91282CLA7","MARKET BASED FRN","0.04729","2026-07-31","","100.017194","99.984409","0.000000","2026-07-31-0.04729"
"2024-11-21","91282CLA7","MARKET BASED FRN","0.04729","2026-07-31","","100.037548","99.996620","0.000000","2026-07-31-0.04729"
"2024-11-22","91282CLA7","MARKET BASED FRN","0.04729","2026-07-31","","100.033064","99.992328","0.000000","2026-07-31-0.04729"
"2024-11-25","91282CLA7","MARKET BASED FRN","0.04729","2026-07-31","","100.036998","100.028863","0.000000","2026-07-31-0.04729"
"2024-11-26","91282CLA7","MARKET BASED FRN","0.04724","2026-07-31","","100.034859","99.988155","0.000000","2026-07-31-0.04724"
"2024-11-27","91282CLA7","MARKET BASED FRN","0.04724","2026-07-31","","100.036652","99.979971","0.000000","2026-07-31-0.04724"
"2024-11-29","91282CLA7","MARKET BASED FRN","0.04724","2026-07-31","","100.028248","99.979897","0.000000","2026-07-31-0.04724"
"2024-12-02","91282CLA7","MARKET BASED FRN","0.04724","2026-07-31","","100.032168","100.004006","0.000000","2026-07-31-0.04724"
"2024-12-03","91282CLA7","MARKET BASED FRN","0.04709","2026-07-31","","100.038514","100.007980","0.000000","2026-07-31-0.04709"
"2024-12-04","91282CLA7","MARKET BASED FRN","0.04709","2026-07-31","","100.027978","100.011935","0.000000","2026-07-31-0.04709"
"2024-12-05","91282CLA7","MARKET BASED FRN","0.04709","2026-07-31","","100.023891","99.999866","0.000000","2026-07-31-0.04709"
"2024-12-06","91282CLA7","MARKET BASED FRN","0.04709","2026-07-31","","100.027662","100.003751","0.000000","2026-07-31-0.04709"
"2024-12-09","91282CLA7","MARKET BASED FRN","0.04709","2026-07-31","","100.031570","100.007696","0.000000","2026-07-31-0.04709"
"2024-12-10","91282CLA7","MARKET BASED FRN","0.04605","2026-07-31","","100.031607","100.007748","0.000000","2026-07-31-0.04605"
"2024-12-11","91282CLA7","MARKET BASED FRN","0.04605","2026-07-31","","100.031537","100.007717","0.000000","2026-07-31-0.04605"
"2024-12-12","91282CLA7","MARKET BASED FRN","0.04605","2026-07-31","","100.055256","100.031468","0.000000","2026-07-31-0.04605"
"2024-12-13","91282CLA7","MARKET BASED FRN","0.04605","2026-07-31","","100.066799","100.043123","0.000000","2026-07-31-0.04605"
"2024-12-16","91282CLA7","MARKET BASED FRN","0.04605","2026-07-31","","100.054870","100.031236","0.000000","2026-07-31-0.04605"
"2024-12-17","91282CLA7","MARKET BASED FRN","0.04553","2026-07-31","","100.054847","100.031240","0.000000","2026-07-31-0.04553"
"2024-12-18","91282CLA7","MARKET BASED FRN","0.04553","2026-07-31","","100.050834","100.027267","0.000000","2026-07-31-0.04553"
"2024-12-19","91282CLA7","MARKET BASED FRN","0.04553","2026-07-31","","100.070365","100.059382","0.000000","2026-07-31-0.04553"
"2024-12-20","91282CLA7","MARKET BASED FRN","0.04553","2026-07-31","","100.081768","100.073961","0.000000","2026-07-31-0.04553"
"2024-12-23","91282CLA7","MARKET BASED FRN","0.04553","2026-07-31","","100.085551","100.077756","0.000000","2026-07-31-0.04553"
"2024-12-24","91282CLA7","MARKET BASED FRN","0.04542","2026-07-31","","100.079505","100.069794","0.000000","2026-07-31-0.04542"
"2024-12-26","91282CLA7","MARKET BASED FRN","0.04542","2026-07-31","","100.081342","100.069708","0.000000","2026-07-31-0.04542"
"2024-12-27","91282CLA7","MARKET BASED FRN","0.04542","2026-07-31","","100.075254","100.061749","0.000000","2026-07-31-0.04542"
"2024-12-30","91282CLA7","MARKET BASED FRN","0.04542","2026-07-31","","100.073243","100.061687","0.000000","2026-07-31-0.04542"
"2024-12-31","91282CLA7","MARKET BASED FRN","0.04532","2026-07-31","","100.084621","100.076942","0.000000","2026-07-31-0.04532"
"2025-01-02","91282CLA7","MARKET BASED FRN","0.04520","2026-07-31","","100.084529","100.076863","0.000000","2026-07-31-0.04520"
"2025-01-03","91282CLA7","MARKET BASED FRN","0.04520","2026-07-31","","100.084272","100.076645","0.000000","2026-07-31-0.04520"
"2025-01-06","91282CLA7","MARKET BASED FRN","0.04520","2026-07-31","","100.091808","100.076578","0.000000","2026-07-31-0.04520"
"2025-01-07","91282CLA7","MARKET BASED FRN","0.04494","2026-07-31","","100.091754","100.080348","0.000000","2026-07-31-0.04494"
"2025-01-08","91282CLA7","MARKET BASED FRN","0.04494","2026-07-31","","100.095466","100.068897","0.000000","2026-07-31-0.04494"
"2025-01-09","91282CLA7","MARKET BASED FRN","0.04494","2026-07-31","","100.110533","100.084005","0.000000","2026-07-31-0.04494"
"2025-01-10","91282CLA7","MARKET BASED FRN","0.04494","2026-07-31","","100.117739","100.098886","0.000000","2026-07-31-0.04494"
"2025-01-13","91282CLA7","MARKET BASED FRN","0.04494","2026-07-31","","100.121386","100.098801","0.000000","2026-07-31-0.04494"
"2025-01-14","91282CLA7","MARKET BASED FRN","0.04514","2026-07-31","","100.121233","100.098692","0.000000","2026-07-31-0.04514"
"2025-01-15","91282CLA7","MARKET BASED FRN","0.04514","2026-07-31","","100.132367","100.109862","0.000000","2026-07-31-0.04514"
"2025-01-16","91282CLA7","MARKET BASED FRN","0.04514","2026-07-31","","100.132232","100.109766","0.000000","2026-07-31-0.04514"
"2025-01-17","91282CLA7","MARKET BASED FRN","0.04514","2026-07-31","","100.135440","100.113131","0.000000","2026-07-31-0.04514"
"2025-01-21","91282CLA7","MARKET BASED FRN","0.04514","2026-07-31","","100.139025","100.120465","0.000000","2026-07-31-0.04514"
"2025-01-22","91282CLA7","MARKET BASED FRN","0.04504","2026-07-31","","100.131502","100.101859","0.000000","2026-07-31-0.04504"
"2025-01-23","91282CLA7","MARKET BASED FRN","0.04504","2026-07-31","","100.144332","100.120286","0.000000","2026-07-31-0.04504"
"2025-01-24","91282CLA7","MARKET BASED FRN","0.04504","2026-07-31","","100.143937","100.120020","0.000000","2026-07-31-0.04504"
"2025-01-27","91282CLA7","MARKET BASED FRN","0.04504","2026-07-31","","100.140139","100.116265","0.000000","2026-07-31-0.04504"
"2025-01-28","91282CLA7","MARKET BASED FRN","0.04483","2026-07-31","","100.145551","100.116947","0.000000","2026-07-31-0.04483"
"2025-01-29","91282CLA7","MARKET BASED FRN","0.04483","2026-07-31","","100.145425","100.123462","0.000000","2026-07-31-0.04483"
"2025-02-10","91282CLA7","MARKET BASED FRN","0.04509","2026-07-31","","100.151940","100.116107","0.000000","2026-07-31-0.04509"
"2025-02-11","91282CLA7","MARKET BASED FRN","0.04514","2026-07-31","","100.176599","100.140820","0.000000","2026-07-31-0.04514"
"2025-02-12","91282CLA7","MARKET BASED FRN","0.04514","2026-07-31","","100.161898","100.126190","0.000000","2026-07-31-0.04514"
"2025-02-13","91282CLA7","MARKET BASED FRN","0.04514","2026-07-31","","100.161509","100.129430","0.000000","2026-07-31-0.04514"
"2025-02-14","91282CLA7","MARKET BASED FRN","0.04514","2026-07-31","","100.167067","100.131677","0.000000","2026-07-31-0.04514"
"2025-02-18","91282CLA7","MARKET BASED FRN","0.04514","2026-07-31","","100.159616","100.124293","0.000000","2026-07-31-0.04514"
"2025-02-19","91282CLA7","MARKET BASED FRN","0.04514","2026-07-31","","100.162772","100.127512","0.000000","2026-07-31-0.04514"
"2025-02-20","91282CLA7","MARKET BASED FRN","0.04514","2026-07-31","","100.165917","100.130720","0.000000","2026-07-31-0.04514"
"2025-02-21","91282CLA7","MARKET BASED FRN","0.04514","2026-07-31","","100.161293","100.126291","0.000000","2026-07-31-0.04514"
"2025-02-24","91282CLA7","MARKET BASED FRN","0.04514","2026-07-31","","100.167919","100.132978","0.000000","2026-07-31-0.04514"
"2025-02-25","91282CLA7","MARKET BASED FRN","0.04483","2026-07-31","","100.150165","100.118775","0.000000","2026-07-31-0.04483"
"2025-02-26","91282CLA7","MARKET BASED FRN","0.04483","2026-07-31","","100.153311","100.118497","0.000000","2026-07-31-0.04483"
"2025-02-27","91282CLA7","MARKET BASED FRN","0.04483","2026-07-31","","100.156447","100.118221","0.000000","2026-07-31-0.04483"
"2025-02-28","91282CLA7","MARKET BASED FRN","0.04483","2026-07-31","","100.151963","100.131230","0.000000","2026-07-31-0.04483"
"2025-03-03","91282CLA7","MARKET BASED FRN","0.04483","2026-07-31","","100.144737","100.124044","0.000000","2026-07-31-0.04483"
"2025-03-04","91282CLA7","MARKET BASED FRN","0.04499","2026-07-31","","100.147845","100.106541","0.000000","2026-07-31-0.04499"
"2025-03-05","91282CLA7","MARKET BASED FRN","0.04499","2026-07-31","","100.140648","100.126907","0.000000","2026-07-31-0.04499"
"2025-03-06","91282CLA7","MARKET BASED FRN","0.04499","2026-07-31","","100.136927","100.095784","0.000000","2026-07-31-0.04499"
"2025-03-07","91282CLA7","MARKET BASED FRN","0.04499","2026-07-31","","100.136061","100.095151","0.000000","2026-07-31-0.04499"
"2025-03-10","91282CLA7","MARKET BASED FRN","0.04499","2026-07-31","","100.139181","100.098347","0.000000","2026-07-31-0.04499"
"2025-03-11","91282CLA7","MARKET BASED FRN","0.04489","2026-07-31","","100.138904","100.121921","0.000000","2026-07-31-0.04489"
"2025-03-12","91282CLA7","MARKET BASED FRN","0.04489","2026-07-31","","100.138621","100.121670","0.000000","2026-07-31-0.04489"
"2025-03-13","91282CLA7","MARKET BASED FRN","0.04489","2026-07-31","","100.138340","100.121422","0.000000","2026-07-31-0.04489"
"2025-03-14","91282CLA7","MARKET BASED FRN","0.04489","2026-07-31","","100.134151","100.117331","0.000000","2026-07-31-0.04489"
"2025-03-17","91282CLA7","MARKET BASED FRN","0.04489","2026-07-31","","100.133888","100.117101","0.000000","2026-07-31-0.04489"
"2025-03-18","91282CLA7","MARKET BASED FRN","0.04494","2026-07-31","","100.133619","100.116865","0.000000","2026-07-31-0.04494"
"2025-03-19","91282CLA7","MARKET BASED FRN","0.04494","2026-07-31","","100.130018","100.113297","0.000000","2026-07-31-0.04494"
