asOfDate,maturity,coupon,bid,asked,chg,yield,accruedprincipal,key
"2026-08-19","2026-08-31",0.0075,99.8875,99.91875,0.002,,,"2026-08-31-0.00750"
"2026-08-19","2026-08-31",0.01375,99.9125,99.94375,0.002,,,"2026-08-31-0.01375"
"2026-08-19","2026-08-31",0.0375,99.96875,100,0,,,"2026-08-31-0.03750"
"2026-08-19","2026-09-15",0.04625,100.04375,100.075,0,,,"2026-09-15-0.04625"
"2026-08-19","2026-09-30",0.00875,99.65625,99.6875,0.004,,,"2026-09-30-0.00875"
"2026-08-19","2026-09-30",0.01625,99.7375,99.76875,0.002,,,"2026-09-30-0.01625"
"2026-08-19","2026-09-30",0.035,99.95,99.98125,0,,,"2026-09-30-0.03500"
"2026-08-19","2026-10-15",0.04625,100.125,100.15625,0,,,"2026-10-15-0.04625"
"2026-08-19","2026-10-31",0.01125,99.45625,99.4875,0.002,,,"2026-10-31-0.01125"
"2026-08-19","2026-10-31",0.01625,99.5625,99.59375,0.004,,,"2026-10-31-0.01625"
"2026-08-19","2026-10-31",0.04125,100.01875,100.05,0,,,"2026-10-31-0.04125"
"2026-08-19","2026-11-15",0.02,99.56875,99.6,0.002,,,"2026-11-15-0.02000"
"2026-08-19","2026-11-15",0.04625,100.16875,100.2,0,,,"2026-11-15-0.04625"
"2026-08-19","2026-11-15",0.065,100.55,100.58125,-0.006,,,"2026-11-15-0.06500"
"2026-08-19","2026-11-30",0.0125,99.2625,99.29375,0.002,,,"2026-11-30-0.01250"
"2026-08-19","2026-11-30",0.01625,99.3875,99.41875,0.008,,,"2026-11-30-0.01625"
"2026-08-19","2026-11-30",0.0425,100.09375,100.125,0,,,"2026-11-30-0.04250"
"2026-08-19","2026-12-15",0.04375,100.1625,100.19375,0,,,"2026-12-15-0.04375"
"2026-08-19","2026-12-31",0.0125,99.0375,99.06875,0.002,,,"2026-12-31-0.01250"
"2026-08-19","2026-12-31",0.0175,99.25,99.28125,0.004,,,"2026-12-31-0.01750"
"2026-08-19","2026-12-31",0.0425,100.1125,100.14375,0,,,"2026-12-31-0.04250"
"2026-08-19","2027-01-15",0.04,100.0375,100.06875,0,,,"2027-01-15-0.04000"
"2026-08-19","2027-01-31",0.015,98.91875,98.95,0.002,,,"2027-01-31-0.01500"
"2026-08-19","2027-01-31",0.04125,100.08125,100.1125,0,,,"2027-01-31-0.04125"
"2026-08-19","2027-02-15",0.0225,99.2,99.23125,0,,,"2027-02-15-0.02250"
"2026-08-19","2027-02-15",0.04125,100.09375,100.125,0,,,"2027-02-15-0.04125"
"2026-08-19","2027-02-15",0.06625,101.3,101.33125,-0.004,,,"2027-02-15-0.06625"
"2026-08-19","2027-02-28",0.01125,98.54375,98.575,0.002,,,"2027-02-28-0.01125"
"2026-08-19","2027-02-28",0.01875,98.925,98.95625,0,,,"2027-02-28-0.01875"
"2026-08-19","2027-02-28",0.04125,100.10625,100.1375,0,,,"2027-02-28-0.04125"
"2026-08-19","2027-03-15",0.0425,100.19375,100.225,0,,,"2027-03-15-0.04250"
"2026-08-19","2027-03-31",0.00625,98.00625,98.0375,0.002,,,"2027-03-31-0.00625"
"2026-08-19","2027-03-31",0.025,99.13125,99.1625,0,,,"2027-03-31-0.02500"
"2026-08-19","2027-03-31",0.03875,99.975,100.00625,0,,,"2027-03-31-0.03875"
"2026-08-19","2027-04-15",0.045,100.34375,100.375,-0.002,,,"2027-04-15-0.04500"
"2026-08-19","2027-04-30",0.005,97.625,97.65625,0.004,,,"2027-04-30-0.00500"
"2026-08-19","2027-04-30",0.0275,99.15625,99.1875,0.004,,,"2027-04-30-0.02750"
"2026-08-19","2027-04-30",0.0375,99.83125,99.8625,0,,,"2027-04-30-0.03750"
"2026-08-19","2027-05-15",0.02375,98.81875,98.85,0.002,,,"2027-05-15-0.02375"
"2026-08-19","2027-05-15",0.045,100.325,100.35625,-0.002,,,"2027-05-15-0.04500"
"2026-08-19","2027-05-31",0.005,97.325,97.35625,0.002,,,"2027-05-31-0.00500"
"2026-08-19","2027-05-31",0.02625,98.9375,98.96875,0.004,,,"2027-05-31-0.02625"
"2026-08-19","2027-05-31",0.03875,99.875,99.90625,-0.002,,,"2027-05-31-0.03875"
"2026-08-19","2027-06-15",0.04625,100.48125,100.5125,-0.002,,,"2027-06-15-0.04625"
"2026-08-19","2027-06-30",0.005,97.04375,97.075,0.004,,,"2027-06-30-0.00500"
"2026-08-19","2027-06-30",0.0325,99.34375,99.375,0.004,,,"2027-06-30-0.03250"
"2026-08-19","2027-06-30",0.0375,99.75,99.78125,-0.002,,,"2027-06-30-0.03750"
"2026-08-19","2027-07-15",0.04375,100.29375,100.325,0.002,,,"2027-07-15-0.04375"
"2026-08-19","2027-07-31",0.00375,96.6,96.63125,0.002,,,"2027-07-31-0.00375"
"2026-08-19","2027-07-31",0.0275,98.7875,98.81875,0.002,,,"2027-07-31-0.02750"
"2026-08-19","2027-07-31",0.03875,99.8125,99.84375,0.004,,,"2027-07-31-0.03875"
"2026-08-19","2027-08-15",0.0225,98.25625,98.2875,0.002,,,"2027-08-15-0.02250"
"2026-08-19","2027-08-15",0.0375,99.6875,99.71875,0,,,"2027-08-15-0.03750"
"2026-08-19","2027-08-15",0.06375,102.19375,102.225,-0.002,,,"2027-08-15-0.06375"
"2026-08-19","2027-08-31",0.005,96.425,96.45625,0.002,,,"2027-08-31-0.00500"
"2026-08-19","2027-08-31",0.03125,99.03125,99.0625,0,,,"2027-08-31-0.03125"
"2026-08-19","2027-08-31",0.03625,99.5375,99.56875,-0.002,,,"2027-08-31-0.03625"
"2026-08-19","2027-09-15",0.03375,99.2625,99.29375,0,,,"2027-09-15-0.03375"
"2026-08-19","2027-09-30",0.00375,95.9875,96.01875,0,,,"2027-09-30-0.00375"
"2026-08-19","2027-09-30",0.035,99.35,99.38125,0,,,"2027-09-30-0.03500"
"2026-08-19","2027-09-30",0.04125,100.03125,100.0625,0,,,"2027-09-30-0.04125"
"2026-08-19","2027-10-15",0.03875,99.73125,99.7625,0,,,"2027-10-15-0.03875"
"2026-08-19","2027-10-31",0.005,95.8125,95.84375,0.004,,,"2027-10-31-0.00500"
"2026-08-19","2027-10-31",0.035,99.26875,99.3,0,,,"2027-10-31-0.03500"
"2026-08-19","2027-10-31",0.04125,100.01875,100.05,0,,,"2027-10-31-0.04125"
"2026-08-19","2027-11-15",0.0225,97.75625,97.7875,0,,,"2027-11-15-0.02250"
"2026-08-19","2027-11-15",0.04125,99.9875,100.01875,0,,,"2027-11-15-0.04125"
"2026-08-19","2027-11-15",0.06125,102.34375,102.375,-0.002,,,"2027-11-15-0.06125"
"2026-08-19","2027-11-30",0.00625,95.6875,95.71875,0.004,,,"2027-11-30-0.00625"
"2026-08-19","2027-11-30",0.03375,99.06875,99.1,0,,,"2027-11-30-0.03375"
"2026-08-19","2027-11-30",0.03875,99.69375,99.725,0,,,"2027-11-30-0.03875"
"2026-08-19","2027-12-15",0.04,99.83125,99.8625,0,,,"2027-12-15-0.04000"
"2026-08-19","2027-12-31",0.00625,95.40625,95.4375,0.004,,,"2027-12-31-0.00625"
"2026-08-19","2027-12-31",0.03375,99,99.03125,0,,,"2027-12-31-0.03375"
"2026-08-19","2027-12-31",0.03875,99.64375,99.675,-0.004,,,"2027-12-31-0.03875"
"2026-08-19","2028-01-15",0.0425,100.125,100.15625,-0.002,,,"2028-01-15-0.04250"
"2026-08-19","2028-01-31",0.0075,95.2625,95.29375,0,,,"2028-01-31-0.00750"
"2026-08-19","2028-01-31",0.035,99.08125,99.1125,-0.004,,,"2028-01-31-0.03500"
"2026-08-19","2028-02-15",0.0275,97.9875,98.01875,0,,,"2028-02-15-0.02750"
"2026-08-19","2028-02-15",0.0425,100.125,100.15625,-0.002,,,"2028-02-15-0.04250"
"2026-08-19","2028-02-29",0.01125,95.54375,95.575,0,,,"2028-02-29-0.01125"
"2026-08-19","2028-02-29",0.03375,98.875,98.90625,0,,,"2028-02-29-0.03375"
"2026-08-19","2028-02-29",0.04,99.76875,99.8,-0.004,,,"2028-02-29-0.04000"
"2026-08-19","2028-03-15",0.03875,99.56875,99.6,-0.002,,,"2028-03-15-0.03875"
"2026-08-19","2028-03-31",0.0125,95.5,95.53125,0,,,"2028-03-31-0.01250"
"2026-08-19","2028-03-31",0.03625,99.1625,99.19375,0,,,"2028-03-31-0.03625"
"2026-08-19","2028-03-31",0.03875,99.55,99.58125,0,,,"2028-03-31-0.03875"
"2026-08-19","2028-04-15",0.0375,99.325,99.35625,0,,,"2028-04-15-0.03750"
"2026-08-19","2028-04-30",0.0125,95.25625,95.2875,0,,,"2028-04-30-0.01250"
"2026-08-19","2028-04-30",0.035,98.90625,98.9375,0,,,"2028-04-30-0.03500"
"2026-08-19","2028-04-30",0.0375,99.3125,99.34375,-0.002,,,"2028-04-30-0.03750"
"2026-08-19","2028-05-15",0.02875,97.83125,97.8625,0,,,"2028-05-15-0.02875"
"2026-08-19","2028-05-15",0.0375,99.3,99.33125,0,,,"2028-05-15-0.03750"
"2026-08-19","2028-05-31",0.0125,95.01875,95.05,0,,,"2028-05-31-0.01250"
"2026-08-19","2028-05-31",0.03625,99.05,99.08125,-0.004,,,"2028-05-31-0.03625"
"2026-08-19","2028-05-31",0.04,99.69375,99.725,-0.001,,,"2028-05-31-0.04000"
"2026-08-19","2028-06-15",0.03875,99.45625,99.4875,-0.004,,,"2028-06-15-0.03875"
"2026-08-19","2028-06-30",0.0125,94.7875,94.81875,0,,,"2028-06-30-0.01250"
"2026-08-19","2028-06-30",0.04,99.675,99.70625,-0.004,,,"2028-06-30-0.04000"
"2026-08-19","2028-06-30",0.04125,99.89062,99.92188,-0.002,,,"2028-06-30-0.04125"
"2026-08-19","2028-07-15",0.03875,99.41875,99.45,0.002,,,"2028-07-15-0.03875"
"2026-08-19","2028-07-31",0.01,94.08125,94.1125,0,,,"2028-07-31-0.01000"
"2026-08-19","2028-07-31",0.04125,99.88125,99.9125,-0.002,,,"2028-07-31-0.04125"
"2026-08-19","2028-07-31",0.0425,100.1125,100.14375,-0.001,,,"2028-07-31-0.04250"
"2026-08-19","2028-08-15",0.02875,97.4875,97.51875,-0.004,,,"2028-08-15-0.02875"
"2026-08-19","2028-08-15",0.03625,98.9125,98.94375,-0.002,,,"2028-08-15-0.03625"
"2026-08-19","2028-08-15",0.055,102.4125,102.44375,-0.002,,,"2028-08-15-0.05500"
"2026-08-19","2028-08-31",0.01125,94.06875,94.1,0,,,"2028-08-31-0.01125"
"2026-08-19","2028-08-31",0.04375,100.34375,100.375,-0.002,,,"2028-08-31-0.04375"
"2026-08-19","2028-09-15",0.03375,98.375,98.40625,-0.002,,,"2028-09-15-0.03375"
"2026-08-19","2028-09-30",0.0125,94.06875,94.1,0,,,"2028-09-30-0.01250"
"2026-08-19","2028-09-30",0.04625,100.84375,100.875,-0.002,,,"2028-09-30-0.04625"
"2026-08-19","2028-10-15",0.035,98.5375,98.56875,-0.002,,,"2028-10-15-0.03500"
"2026-08-19","2028-10-31",0.01375,94.08125,94.1125,0,,,"2028-10-31-0.01375"
"2026-08-19","2028-10-31",0.04875,101.375,101.40625,-0.002,,,"2028-10-31-0.04875"
"2026-08-19","2028-11-15",0.03125,97.6875,97.71875,0,,,"2028-11-15-0.03125"
"2026-08-19","2028-11-15",0.035,98.475,98.50625,-0.002,,,"2028-11-15-0.03500"
"2026-08-19","2028-11-15",0.0525,102.16875,102.2,-0.002,,,"2028-11-15-0.05250"
"2026-08-19","2028-11-30",0.015,94.1375,94.16875,0,,,"2028-11-30-0.01500"
"2026-08-19","2028-11-30",0.04375,100.325,100.35625,-0.002,,,"2028-11-30-0.04375"
"2026-08-19","2028-12-15",0.035,98.41875,98.45,0,,,"2028-12-15-0.03500"
"2026-08-19","2028-12-31",0.01375,93.64375,93.675,0.002,,,"2028-12-31-0.01375"
"2026-08-19","2028-12-31",0.0375,98.9375,98.96875,0,,,"2028-12-31-0.03750"
"2026-08-19","2029-01-15",0.035,98.33125,98.3625,-0.004,,,"2029-01-15-0.03500"
"2026-08-19","2029-01-31",0.0175,94.26875,94.3,0.002,,,"2029-01-31-0.01750"
"2026-08-19","2029-01-31",0.04,99.45,99.48125,0,,,"2029-01-31-0.04000"
"2026-08-19","2029-02-15",0.02625,96.225,96.25625,0,,,"2029-02-15-0.02625"
"2026-08-19","2029-02-15",0.035,98.28125,98.3125,-0.002,,,"2029-02-15-0.03500"
"2026-08-19","2029-02-15",0.0525,102.60625,102.6375,-0.008,,,"2029-02-15-0.05250"
"2026-08-19","2029-02-28",0.01875,94.40625,94.4375,0.008,,,"2029-02-28-0.01875"
"2026-08-19","2029-02-28",0.0425,100.05,100.08125,-0.004,,,"2029-02-28-0.04250"
"2026-08-19","2029-03-15",0.035,98.2375,98.26875,0,,,"2029-03-15-0.03500"
"2026-08-19","2029-03-31",0.02375,95.4375,95.46875,0.004,,,"2029-03-31-0.02375"
"2026-08-19","2029-03-31",0.04125,99.71875,99.75,-0.002,,,"2029-03-31-0.04125"
"2026-08-19","2029-04-15",0.03875,99.08125,99.1125,0.002,,,"2029-04-15-0.03875"
"2026-08-19","2029-04-30",0.02875,96.5375,96.56875,0,,,"2029-04-30-0.02875"
"2026-08-19","2029-04-30",0.04625,100.95625,100.9875,-0.004,,,"2029-04-30-0.04625"
"2026-08-19","2029-05-15",0.02375,95.20625,95.2375,0,,,"2029-05-15-0.02375"
"2026-08-19","2029-05-15",0.03875,99.05312,99.08438,0,,,"2029-05-15-0.03875"
"2026-08-19","2029-05-31",0.0275,96.10625,96.1375,0.002,,,"2029-05-31-0.02750"
"2026-08-19","2029-05-31",0.045,100.64375,100.675,0,,,"2029-05-31-0.04500"
"2026-08-19","2029-06-15",0.04125,99.67188,99.70312,0,,,"2029-06-15-0.04125"
"2026-08-19","2029-06-30",0.0325,97.34375,97.375,0.014,,,"2029-06-30-0.03250"
"2026-08-19","2029-06-30",0.0425,99.9875,100.01875,0,,,"2029-06-30-0.04250"
"2026-08-19","2029-07-15",0.04125,99.65937,99.69063,0.001,,,"2029-07-15-0.04125"
"2026-08-19","2029-07-31",0.02625,95.53125,95.5625,0.004,,,"2029-07-31-0.02625"
"2026-08-19","2029-07-31",0.04,99.29375,99.325,0.002,,,"2029-07-31-0.04000"
"2026-08-19","2029-08-15",0.01625,92.75,92.78125,0.004,,,"2029-08-15-0.01625"
"2026-08-19","2029-08-15",0.0425,99.98125,100.01562,0.001,,,"2029-08-15-0.04250"
"2026-08-19","2029-08-15",0.06125,105.19375,105.225,-0.002,,,"2029-08-15-0.06125"
"2026-08-19","2029-08-31",0.03125,96.7875,96.83125,0,,,"2029-08-31-0.03125"
"2026-08-19","2029-08-31",0.03625,98.1875,98.23125,0.006,,,"2029-08-31-0.03625"
"2026-08-19","2029-09-30",0.035,97.76875,97.81875,0.004,,,"2029-09-30-0.03500"
"2026-08-19","2029-09-30",0.03875,98.85625,98.90625,0.004,,,"2029-09-30-0.03875"
"2026-08-19","2029-10-31",0.04,99.16875,99.21875,0.002,,,"2029-10-31-0.04000"
"2026-08-19","2029-10-31",0.04125,99.53125,99.575,0.004,,,"2029-10-31-0.04125"
"2026-08-19","2029-11-15",0.0175,92.45,92.5,0.004,,,"2029-11-15-0.01750"
"2026-08-19","2029-11-30",0.03875,98.7875,98.83125,0.016,,,"2029-11-30-0.03875"
"2026-08-19","2029-11-30",0.04125,99.5125,99.5625,0.002,,,"2029-11-30-0.04125"
"2026-08-19","2029-12-31",0.03875,98.71875,98.7625,0.008,,,"2029-12-31-0.03875"
"2026-08-19","2029-12-31",0.04375,100.25625,100.3,0,,,"2029-12-31-0.04375"
"2026-08-19","2030-01-31",0.035,97.475,97.51875,0.006,,,"2030-01-31-0.03500"
"2026-08-19","2030-01-31",0.0425,99.85625,99.90625,0.004,,,"2030-01-31-0.04250"
"2026-08-19","2030-02-15",0.015,91.05,91.1,0.004,,,"2030-02-15-0.01500"
"2026-08-19","2030-02-28",0.04,99.0625,99.10625,0.006,,,"2030-02-28-0.04000"
"2026-08-19","2030-03-31",0.03625,97.75,97.79375,0.008,,,"2030-03-31-0.03625"
"2026-08-19","2030-03-31",0.04,99.00625,99.05,0.686,,,"2030-03-31-0.04000"
"2026-08-19","2030-04-30",0.035,97.26875,97.31875,0.006,,,"2030-04-30-0.03500"
"2026-08-19","2030-04-30",0.03875,98.54375,98.59375,0.004,,,"2030-04-30-0.03875"
"2026-08-19","2030-05-15",0.00625,87.40625,87.45,0.008,,,"2030-05-15-0.00625"
"2026-08-19","2030-05-15",0.0625,106.65625,106.7,0.008,,,"2030-05-15-0.06250"
"2026-08-19","2030-05-31",0.0375,98.06875,98.1125,0.008,,,"2030-05-31-0.03750"
"2026-08-19","2030-05-31",0.04,98.925,98.975,0.006,,,"2030-05-31-0.04000"
"2026-08-19","2030-06-30",0.0375,97.9875,98.0375,0.006,,,"2030-06-30-0.03750"
"2026-08-19","2030-06-30",0.03875,98.4375,98.48125,0,,,"2030-06-30-0.03875"
"2026-08-19","2030-07-31",0.03875,98.40625,98.45,0.01,,,"2030-07-31-0.03875"
"2026-08-19","2030-07-31",0.04,98.8625,98.9125,0.01,,,"2030-07-31-0.04000"
"2026-08-19","2030-08-15",0.00625,86.6,86.64375,0.012,,,"2030-08-15-0.00625"
"2026-08-19","2030-08-31",0.03625,97.4375,97.48125,0.014,,,"2030-08-31-0.03625"
"2026-08-19","2030-08-31",0.04125,99.2625,99.3125,0.01,,,"2030-08-31-0.04125"
"2026-08-19","2030-09-30",0.03625,97.3875,97.4375,0.012,,,"2030-09-30-0.03625"
"2026-08-19","2030-09-30",0.04625,101.1125,101.1625,0.01,,,"2030-09-30-0.04625"
"2026-08-19","2030-10-31",0.03625,97.3125,97.35625,0.016,,,"2030-10-31-0.03625"
"2026-08-19","2030-10-31",0.04875,102.06875,102.1125,0.01,,,"2030-10-31-0.04875"
"2026-08-19","2030-11-15",0.00875,86.725,86.76875,0.012,,,"2030-11-15-0.00875"
"2026-08-19","2030-11-30",0.035,96.7625,96.8125,0.018,,,"2030-11-30-0.03500"
"2026-08-19","2030-11-30",0.04375,100.14375,100.19375,0.012,,,"2030-11-30-0.04375"
"2026-08-19","2030-12-31",0.03625,97.1875,97.23125,0.016,,,"2030-12-31-0.03625"
"2026-08-19","2030-12-31",0.0375,97.675,97.725,0.014,,,"2030-12-31-0.03750"
"2026-08-19","2031-01-31",0.0375,97.625,97.66875,0.018,,,"2031-01-31-0.03750"
"2026-08-19","2031-01-31",0.04,98.60625,98.65625,0.014,,,"2031-01-31-0.04000"
"2026-08-19","2031-02-15",0.01125,87.075,87.125,0.018,,,"2031-02-15-0.01125"
"2026-08-19","2031-02-15",0.05375,104.21875,104.2625,0.004,,,"2031-02-15-0.05375"
"2026-08-19","2031-02-28",0.035,96.59375,96.6375,0.018,,,"2031-02-28-0.03500"
"2026-08-19","2031-02-28",0.0425,99.625,99.66875,0.018,,,"2031-02-28-0.04250"
"2026-08-19","2031-03-31",0.03875,98.0375,98.08125,0.698,,,"2031-03-31-0.03875"
"2026-08-19","2031-03-31",0.04125,99.06875,99.1125,0.018,,,"2031-03-31-0.04125"
"2026-08-19","2031-04-30",0.03875,98.00625,98.05,0.699,,,"2031-04-30-0.03875"
"2026-08-19","2031-04-30",0.04625,101.14375,101.19375,0.016,,,"2031-04-30-0.04625"
"2026-08-19","2031-05-15",0.01625,88.41875,88.46875,0.024,,,"2031-05-15-0.01625"
"2026-08-19","2031-05-31",0.04125,99.01562,99.06562,0.699,,,"2031-05-31-0.04125"
"2026-08-19","2031-05-31",0.04625,101.13125,101.175,0.02,,,"2031-05-31-0.04625"
"2026-08-19","2031-06-30",0.04125,98.99062,99.04063,0.02,,,"2031-06-30-0.04125"
"2026-08-19","2031-06-30",0.0425,99.5125,99.5625,0.02,,,"2031-06-30-0.04250"
"2026-08-19","2031-07-31",0.04125,98.9375,98.98125,0.024,,,"2031-07-31-0.04125"
"2026-08-19","2031-07-31",0.04375,100.07813,100.13125,0.021,,,"2031-07-31-0.04375"
"2026-08-19","2031-08-15",0.0125,86.1125,86.1625,0.022,,,"2031-08-15-0.01250"
"2026-08-19","2031-08-31",0.0375,97.2,97.25,0.022,,,"2031-08-31-0.03750"
"2026-08-19","2031-09-30",0.03625,96.6,96.64375,0.026,,,"2031-09-30-0.03625"
"2026-08-19","2031-10-31",0.04125,98.825,98.875,0.028,,,"2031-10-31-0.04125"
"2026-08-19","2031-11-15",0.01375,85.9875,86.0375,0.03,,,"2031-11-15-0.01375"
"2026-08-19","2031-11-30",0.04125,98.78125,98.825,0.03,,,"2031-11-30-0.04125"
"2026-08-19","2031-12-31",0.045,100.51875,100.56875,0.03,,,"2031-12-31-0.04500"
"2026-08-19","2032-01-31",0.04375,99.88125,99.925,0.03,,,"2032-01-31-0.04375"
"2026-08-19","2032-02-15",0.01875,87.75,87.79375,0.034,,,"2032-02-15-0.01875"
"2026-08-19","2032-02-29",0.04125,98.675,98.725,0.032,,,"2032-02-29-0.04125"
"2026-08-19","2032-03-31",0.04125,98.625,98.66875,0.036,,,"2032-03-31-0.04125"
"2026-08-19","2032-04-30",0.04,97.96875,98.01875,0.04,,,"2032-04-30-0.04000"
"2026-08-19","2032-05-15",0.02875,92.21875,92.2625,0.038,,,"2032-05-15-0.02875"
"2026-08-19","2032-05-31",0.04125,98.53125,98.575,0.038,,,"2032-05-31-0.04125"
"2026-08-19","2032-06-30",0.04,97.85625,97.90625,0.04,,,"2032-06-30-0.04000"
"2026-08-19","2032-07-31",0.04,97.78125,97.825,0.046,,,"2032-07-31-0.04000"
"2026-08-19","2032-08-15",0.0275,91.21875,91.2625,0.048,,,"2032-08-15-0.02750"
"2026-08-19","2032-08-31",0.03875,97.08125,97.13125,0.724,,,"2032-08-31-0.03875"
"2026-08-19","2032-09-30",0.03875,97.00625,97.05,0.728,,,"2032-09-30-0.03875"
"2026-08-19","2032-10-31",0.0375,96.28125,96.325,0.056,,,"2032-10-31-0.03750"
"2026-08-19","2032-11-15",0.04125,98.2625,98.3125,0.048,,,"2032-11-15-0.04125"
"2026-08-19","2032-11-30",0.0375,96.2,96.25,0.052,,,"2032-11-30-0.03750"
"2026-08-19","2032-12-31",0.03875,96.81875,96.8625,0.052,,,"2032-12-31-0.03875"
"2026-08-19","2033-01-31",0.04,97.44375,97.4875,0.058,,,"2033-01-31-0.04000"
"2026-08-19","2033-02-15",0.035,94.60625,94.65625,0.054,,,"2033-02-15-0.03500"
"2026-08-19","2033-02-28",0.0375,96.0375,96.08125,0.748,,,"2033-02-28-0.03750"
"2026-08-19","2033-03-31",0.0425,98.75625,98.8,0.06,,,"2033-03-31-0.04250"
"2026-08-19","2033-04-30",0.04125,97.99062,98.04063,0.063,,,"2033-04-30-0.04125"
"2026-08-19","2033-05-15",0.03375,93.625,93.66875,0.064,,,"2033-05-15-0.03375"
"2026-08-19","2033-05-31",0.0425,98.69063,98.73438,0.066,,,"2033-05-31-0.04250"
"2026-08-19","2033-06-30",0.0425,98.63125,98.675,0.068,,,"2033-06-30-0.04250"
"2026-08-19","2033-07-31",0.04375,99.32187,99.36563,0.068,,,"2033-07-31-0.04375"
"2026-08-19","2033-08-15",0.03875,96.3,96.3625,0.07,,,"2033-08-15-0.03875"
"2026-08-19","2033-11-15",0.045,99.925,99.9875,0.074,,,"2033-11-15-0.04500"
"2026-08-19","2034-02-15",0.04,96.64375,96.70625,0.074,,,"2034-02-15-0.04000"
"2026-08-19","2034-05-15",0.04375,98.9375,99,0.096,,,"2034-05-15-0.04375"
"2026-08-19","2034-08-15",0.03875,95.44375,95.50625,0.088,,,"2034-08-15-0.03875"
"2026-08-19","2034-11-15",0.0425,97.78125,97.84375,0.096,,,"2034-11-15-0.04250"
"2026-08-19","2035-02-15",0.04625,100.2625,100.325,0.784,,,"2035-02-15-0.04625"
"2026-08-19","2035-05-15",0.0425,97.48125,97.54375,0.112,,,"2035-05-15-0.04250"
"2026-08-19","2035-08-15",0.0425,97.31875,97.38125,0.792,,,"2035-08-15-0.04250"
"2026-08-19","2035-11-15",0.04,95.325,95.3875,0.802,,,"2035-11-15-0.04000"
"2026-08-19","2036-02-15",0.04125,96.10625,96.16875,0.814,,,"2036-02-15-0.04125"
"2026-08-19","2036-02-15",0.045,99.6625,99.725,0.126,,,"2036-02-15-0.04500"
"2026-08-19","2036-05-15",0.04375,97.8875,97.95,0.137,,,"2036-05-15-0.04375"
"2026-08-19","2036-08-15",0.04625,99.7625,99.825,0.139,,,"2036-08-15-0.04625"
"2026-08-19","2037-02-15",0.0475,101.09375,101.15625,0.84,,,"2037-02-15-0.04750"
"2026-08-19","2037-05-15",0.05,103.175,103.2375,0.846,,,"2037-05-15-0.05000"
"2026-08-19","2038-02-15",0.04375,97.5,97.5625,0.864,,,"2038-02-15-0.04375"
"2026-08-19","2038-05-15",0.045,98.20625,98.26875,0.862,,,"2038-05-15-0.04500"
"2026-08-19","2039-02-15",0.035,88.1875,88.25,0.88,,,"2039-02-15-0.03500"
"2026-08-19","2039-05-15",0.0425,94.675,94.7375,0.21,,,"2039-05-15-0.04250"
"2026-08-19","2039-08-15",0.045,96.7,96.7625,0.224,,,"2039-08-15-0.04500"
"2026-08-19","2039-11-15",0.04375,95.19375,95.25625,0.912,,,"2039-11-15-0.04375"
"2026-08-19","2040-02-15",0.04625,97.46875,97.53125,0.916,,,"2040-02-15-0.04625"
"2026-08-19","2040-05-15",0.01125,61.8875,61.95,0.228,,,"2040-05-15-0.01125"
"2026-08-19","2040-05-15",0.04375,94.75625,94.81875,0.238,,,"2040-05-15-0.04375"
"2026-08-19","2040-08-15",0.01125,61.225,61.2875,0.91,,,"2040-08-15-0.01125"
"2026-08-19","2040-08-15",0.03875,89.39375,89.45625,0.926,,,"2040-08-15-0.03875"
"2026-08-19","2040-11-15",0.01375,63.1125,63.175,0.914,,,"2040-11-15-0.01375"
"2026-08-19","2040-11-15",0.0425,92.91875,92.98125,0.252,,,"2040-11-15-0.04250"
"2026-08-19","2041-02-15",0.01875,67.725,67.7875,0.922,,,"2041-02-15-0.01875"
"2026-08-19","2041-02-15",0.0475,97.81875,97.88125,0.948,,,"2041-02-15-0.04750"
"2026-08-19","2041-05-15",0.0225,71.15625,71.21875,0.94,,,"2041-05-15-0.02250"
"2026-08-19","2041-05-15",0.04375,93.6625,93.725,0.952,,,"2041-05-15-0.04375"
"2026-08-19","2041-08-15",0.0175,65.3125,65.375,0.924,,,"2041-08-15-0.01750"
"2026-08-19","2041-08-15",0.0375,86.79375,86.85625,0.952,,,"2041-08-15-0.03750"
"2026-08-19","2041-11-15",0.03125,79.6875,79.75,0.946,,,"2041-11-15-0.03125"
"2026-08-19","2041-11-30",0.02,67.45625,67.51875,0.932,,,"2041-11-30-0.02000"
"2026-08-19","2042-02-15",0.02375,71.03125,71.09375,0.946,,,"2042-02-15-0.02375"
"2026-08-19","2042-02-15",0.03125,79.28125,79.34375,0.95,,,"2042-02-15-0.03125"
"2026-08-19","2042-05-15",0.03,77.5125,77.575,0.95,,,"2042-05-15-0.03000"
"2026-08-19","2042-05-15",0.0325,80.19375,80.25625,0.96,,,"2042-05-15-0.03250"
"2026-08-19","2042-08-15",0.0275,74.375,74.4375,0.954,,,"2042-08-15-0.02750"
"2026-08-19","2042-08-15",0.03375,81.25625,81.31875,0.972,,,"2042-08-15-0.03375"
"2026-08-19","2042-11-15",0.0275,73.96875,74.03125,0.276,,,"2042-11-15-0.02750"
"2026-08-19","2042-11-15",0.04,87.8875,87.95,0.99,,,"2042-11-15-0.04000"
"2026-08-19","2043-02-15",0.03125,77.8125,77.875,0.97,,,"2043-02-15-0.03125"
"2026-08-19","2043-02-15",0.03875,86.25625,86.31875,0.992,,,"2043-02-15-0.03875"
"2026-08-19","2043-05-15",0.02875,74.66875,74.73125,0.964,,,"2043-05-15-0.02875"
"2026-08-19","2043-05-15",0.03875,86.0125,86.075,0.994,,,"2043-05-15-0.03875"
"2026-08-19","2043-08-15",0.03625,82.875,82.9375,0.986,,,"2043-08-15-0.03625"
"2026-08-19","2043-08-15",0.04375,91.48125,91.54375,1,,,"2043-08-15-0.04375"
"2026-08-19","2043-11-15",0.0375,84.04375,84.10625,0.984,,,"2043-11-15-0.03750"
"2026-08-19","2043-11-15",0.0475,95.6875,95.75,1.018,,,"2043-11-15-0.04750"
"2026-08-19","2044-02-15",0.03625,82.3625,82.425,0.994,,,"2044-02-15-0.03625"
"2026-08-19","2044-02-15",0.045,92.6,92.6625,1.02,,,"2044-02-15-0.04500"
"2026-08-19","2044-05-15",0.03375,79.19375,79.25625,0.986,,,"2044-05-15-0.03375"
"2026-08-19","2044-05-15",0.04625,93.89375,93.95625,1.024,,,"2044-05-15-0.04625"
"2026-08-19","2044-08-15",0.03125,75.975,76.0375,0.306,,,"2044-08-15-0.03125"
"2026-08-19","2044-08-15",0.04125,87.825,87.8875,1.014,,,"2044-08-15-0.04125"
"2026-08-19","2044-11-15",0.03,74.21875,74.28125,0.998,,,"2044-11-15-0.03000"
"2026-08-19","2044-11-15",0.04625,93.60625,93.66875,1.02,,,"2044-11-15-0.04625"
"2026-08-19","2045-02-15",0.025,67.95625,68.01875,0.302,,,"2045-02-15-0.02500"
"2026-08-19","2045-02-15",0.0475,94.9875,95.05,1.02,,,"2045-02-15-0.04750"
"2026-08-19","2045-05-15",0.03,73.675,73.7375,0.976,,,"2045-05-15-0.03000"
"2026-08-19","2045-05-15",0.05,97.95,98.0125,1.04,,,"2045-05-15-0.05000"
"2026-08-19","2045-08-15",0.02875,71.875,71.9375,0.986,,,"2045-08-15-0.02875"
"2026-08-19","2045-08-15",0.04875,96.34375,96.40625,1.038,,,"2045-08-15-0.04875"
"2026-08-19","2045-11-15",0.03,73.14375,73.20625,0.986,,,"2045-11-15-0.03000"
"2026-08-19","2045-11-15",0.04625,93.1875,93.25,1.028,,,"2045-11-15-0.04625"
"2026-08-19","2046-02-15",0.025,66.7,66.7625,0.978,,,"2046-02-15-0.02500"
"2026-08-19","2046-02-15",0.04625,93.1,93.1625,1.03,,,"2046-02-15-0.04625"
"2026-08-19","2046-05-15",0.025,66.41875,66.48125,0.978,,,"2046-05-15-0.02500"
"2026-08-19","2046-05-15",0.05,97.70625,97.76875,1.04,,,"2046-05-15-0.05000"
"2026-08-19","2046-08-15",0.0225,63,63.0625,0.968,,,"2046-08-15-0.02250"
"2026-08-19","2046-11-15",0.02875,70.6,70.6625,0.976,,,"2046-11-15-0.02875"
"2026-08-19","2047-02-15",0.03,71.975,72.0375,0.996,,,"2047-02-15-0.03000"
"2026-08-19","2047-05-15",0.03,71.71875,71.78125,0.988,,,"2047-05-15-0.03000"
"2026-08-19","2047-08-15",0.0275,68.29375,68.35625,0.988,,,"2047-08-15-0.02750"
"2026-08-19","2047-11-15",0.0275,68.0375,68.1,0.988,,,"2047-11-15-0.02750"
"2026-08-19","2048-02-15",0.03,71.08125,71.14375,1.002,,,"2048-02-15-0.03000"
"2026-08-19","2048-05-15",0.03125,72.5125,72.575,1.01,,,"2048-05-15-0.03125"
"2026-08-19","2048-08-15",0.03,70.65625,70.71875,1,,,"2048-08-15-0.03000"
"2026-08-19","2048-11-15",0.03375,75.45,75.5125,1.012,,,"2048-11-15-0.03375"
"2026-08-19","2049-02-15",0.03,70.31875,70.38125,1.008,,,"2049-02-15-0.03000"
"2026-08-19","2049-05-15",0.02875,68.4125,68.475,0.998,,,"2049-05-15-0.02875"
"2026-08-19","2049-08-15",0.0225,59.8,59.8625,0.976,,,"2049-08-15-0.02250"
"2026-08-19","2049-11-15",0.02375,61.25625,61.31875,0.982,,,"2049-11-15-0.02375"
"2026-08-19","2050-02-15",0.02,55.95625,56.01875,0.284,,,"2050-02-15-0.02000"
"2026-08-19","2050-05-15",0.0125,45.5625,45.625,0.938,,,"2050-05-15-0.01250"
"2026-08-19","2050-08-15",0.01375,46.9375,47,0.264,,,"2050-08-15-0.01375"
"2026-08-19","2050-11-15",0.01625,50.06875,50.13125,0.952,,,"2050-11-15-0.01625"
"2026-08-19","2051-02-15",0.01875,53.2625,53.325,0.962,,,"2051-02-15-0.01875"
"2026-08-19","2051-05-15",0.02375,60.00625,60.06875,0.988,,,"2051-05-15-0.02375"
"2026-08-19","2051-08-15",0.02,54.55,54.6125,0.97,,,"2051-08-15-0.02000"
"2026-08-19","2051-11-15",0.01875,52.59375,52.65625,0.96,,,"2051-11-15-0.01875"
"2026-08-19","2052-02-15",0.0225,57.69375,57.75625,0.978,,,"2052-02-15-0.02250"
"2026-08-19","2052-05-15",0.02875,66.425,66.4875,1.01,,,"2052-05-15-0.02875"
"2026-08-19","2052-08-15",0.03,68.04375,68.10625,1.012,,,"2052-08-15-0.03000"
"2026-08-19","2052-11-15",0.04,82.2625,82.325,1.06,,,"2052-11-15-0.04000"
"2026-08-19","2053-02-15",0.03625,76.8625,76.925,1.046,,,"2053-02-15-0.03625"
"2026-08-19","2053-05-15",0.03625,76.75625,76.81875,1.042,,,"2053-05-15-0.03625"
"2026-08-19","2053-08-15",0.04125,83.96875,84.03125,1.068,,,"2053-08-15-0.04125"
"2026-08-19","2053-11-15",0.0475,93.06875,93.13125,1.78,,,"2053-11-15-0.04750"
"2026-08-19","2054-02-15",0.0425,85.71875,85.78125,1.066,,,"2054-02-15-0.04250"
"2026-08-19","2054-05-15",0.04625,91.2875,91.35,1.088,,,"2054-05-15-0.04625"
"2026-08-19","2054-08-15",0.0425,85.7,85.7625,1.068,,,"2054-08-15-0.04250"
"2026-08-19","2054-11-15",0.045,89.3875,89.45,1.082,,,"2054-11-15-0.04500"
"2026-08-19","2055-02-15",0.04625,91.225,91.2875,1.758,,,"2055-02-15-0.04625"
"2026-08-19","2055-05-15",0.0475,93.1125,93.175,1.77,,,"2055-05-15-0.04750"
"2026-08-19","2055-08-15",0.0475,93.1375,93.2,1.764,,,"2055-08-15-0.04750"
"2026-08-19","2055-11-15",0.04625,91.2625,91.325,1.768,,,"2055-11-15-0.04625"
"2026-08-19","2056-02-15",0.0475,93.19375,93.25625,1.768,,,"2056-02-15-0.04750"
"2026-08-19","2056-05-15",0.05,97.00625,97.06875,1.786,,,"2056-05-15-0.05000"
"2026-08-19","2056-08-15",0.05125,98.9375,99,1.11,,,"2056-08-15-0.05125"
