asOfDate,ticker,oneDayYield,sevenDayYield,thirtyDayYield,nav,aum,twelveMonTrlYield,yieldToWorst,yieldToMaturity,distributionYield,weightedAverageCoupon,durationYears,maturityYears,expenseRatio,accountType,source
"2026-02-19","VTES",,,0.0225,,,,,,,,,,0.0005,,"advisors.vanguard.com"
"2026-02-20","VTES",,,0.0224,,,,,,,,,,0.0005,,"advisors.vanguard.com"
"2026-02-23","VTES",,,0.0224,,1700000000,,0.0215,,0.0201,0.040999999999999995,2.6,3.4,0.0005,,"advisors.vanguard.com"
"2026-02-24","VTES",,,0.0223,,1700000000,,0.0216,,0.0201,0.040999999999999995,2.6,3.4,0.0005,"Short-Term Tax-Exempt Bond ETF","advisors.vanguard.com"
"2026-02-25","VTES",,,0.0222,,1700000000,,0.0215,,0.0201,0.0419,2.6,3.4,0.0005,"Short-Term Tax-Exempt Bond ETF","advisors.vanguard.com"
"2026-02-26","VTES",,,0.0222,,1700000000,,0.0216,,0.0201,0.0427,2.6,3.4,0.0005,"Short-Term Tax-Exempt Bond ETF","advisors.vanguard.com"
"2026-02-27","VTES",,,0.0221,101.91,1700000000,,0.0216,,0.0201,0.0437,2.6,3.4,0.0005,"Short-Term Tax-Exempt Bond ETF","advisors.vanguard.com"
"2026-03-02","VTES",,,0.0221,101.92,1800000000,,0.0216,,0.0201,0.0437,2.6,3.4,0.0005,"Short-Term Tax-Exempt Bond ETF","advisors.vanguard.com"
"2026-03-03","VTES",,,0.0221,101.92,1800000000,,0.0216,,0.0201,0.0437,2.6,3.4,0.0005,"Short-Term Tax-Exempt Bond ETF","advisors.vanguard.com"
"2026-03-04","VTES",,,0.0221,101.9,1800000000,,0.0216,,0.0201,0.0437,2.6,3.4,0.0005,"Short-Term Tax-Exempt Bond ETF","advisors.vanguard.com"
"2026-03-05","VTES",,,0.0221,101.85,1800000000,,0.0228,,0.0301,0.0426,2.6,3.4,0.0005,"Short-Term Tax-Exempt Bond ETF","advisors.vanguard.com"
"2026-03-11","VTES",,,0.0222,101.65,1800000000,,0.023,,0.0301,0.0432,2.6,3.4,0.0005,"Short-Term Tax-Exempt Bond ETF","advisors.vanguard.com"
"2026-03-12","VTES",,,0.0223,101.65,1800000000,,0.0253,,0.0301,0.0443,2.6,3.4,0.0005,"Short-Term Tax-Exempt Bond ETF","advisors.vanguard.com"
"2026-03-13","VTES",,,0.0224,101.68,1800000000,,0.0255,,0.0301,0.0446,2.6,3.4,0.0005,"Short-Term Tax-Exempt Bond ETF","advisors.vanguard.com"
"2026-03-19","VTES",,,0.0227,101.25,1800000000,,0.0258,,0.0301,0.0439,2.6,3.4,0.0005,"Short-Term Tax-Exempt Bond ETF","advisors.vanguard.com"
"2026-03-20","VTES",,,0.0228,100.95,1800000000,,0.0275,,0.0301,0.0436,2.6,3.4,0.0005,"Short-Term Tax-Exempt Bond ETF","advisors.vanguard.com"
"2026-03-23","VTES",,,0.023,100.95,1800000000,,0.0275,,0.0301,0.0436,2.6,3.4,0.0005,"Short-Term Tax-Exempt Bond ETF","advisors.vanguard.com"
"2026-03-24","VTES",,,0.0234,100.94,1800000000,,0.0275,,0.0301,0.0438,2.6,3.4,0.0005,"Short-Term Tax-Exempt Bond ETF","advisors.vanguard.com"
"2026-03-25","VTES",,,0.0236,100.94,1800000000,,0.0283,,0.0301,0.0438,2.6,3.3,0.0005,"Short-Term Tax-Exempt Bond ETF","advisors.vanguard.com"
"2026-03-26","VTES",,,0.0237,100.89,1800000000,,0.0285,,0.0301,0.0438,2.6,3.3,0.0005,"Short-Term Tax-Exempt Bond ETF","advisors.vanguard.com"
"2026-03-27","VTES",,,0.0239,100.95,1800000000,,0.0288,,0.0301,0.044,2.6,3.4,0.0005,"Short-Term Tax-Exempt Bond ETF","advisors.vanguard.com"
"2026-03-30","VTES",,,0.0241,101.06,1800000000,,0.0292,,0.0301,0.044,2.6,3.4,0.0005,"Short-Term Tax-Exempt Bond ETF","advisors.vanguard.com"
"2026-03-31","VTES",,,0.0246,100.97,1800000000,,0.0288,,0.0301,0.0452,2.6,3.4,0.0005,"Short-Term Tax-Exempt Bond ETF","advisors.vanguard.com"
"2026-04-01","VTES",,,0.0247,100.98,1800000000,,0.0281,,0.0301,0.0448,2.6,3.4,0.0005,"Short-Term Tax-Exempt Bond ETF","advisors.vanguard.com"
"2026-04-02","VTES",,,0.0248,101.03,1800000000,,0.0274,,0.0301,0.0453,2.6,3.4,0.0005,"Short-Term Tax-Exempt Bond ETF","advisors.vanguard.com"
"2026-04-06","VTES",,,0.025,101.33,1800000000,,0.0271,,0.0301,0.0457,2.6,3.4,0.0005,"Short-Term Tax-Exempt Bond ETF","advisors.vanguard.com"
"2026-04-07","VTES",,,0.0253,101.35,1800000000,,0.0273,,0.0267,0.0456,2.6,3.4,0.0005,"Short-Term Tax-Exempt Bond ETF","advisors.vanguard.com"
"2026-04-08","VTES",,,0.0254,101.35,1800000000,,0.0271,,0.0267,0.0461,2.6,3.4,0.0005,"Short-Term Tax-Exempt Bond ETF","advisors.vanguard.com"
"2026-04-09","VTES",,,0.0254,101.36,1800000000,,0.0259,,0.0267,0.047,2.6,3.4,0.0005,"Short-Term Tax-Exempt Bond ETF","advisors.vanguard.com"
"2026-04-10","VTES",,,0.0255,101.33,1800000000,,0.0259,,0.0267,0.047,2.6,3.4,0.0005,"Short-Term Tax-Exempt Bond ETF","advisors.vanguard.com"
"2026-04-13","VTES",,,0.0255,101.3,1800000000,,0.026,,0.0267,0.047,2.6,3.4,0.0005,"Short-Term Tax-Exempt Bond ETF","advisors.vanguard.com"
"2026-04-14","VTES",,,0.0256,101.3,1800000000,,0.0261,,0.0267,0.047,2.6,3.4,0.0005,"Short-Term Tax-Exempt Bond ETF","advisors.vanguard.com"
"2026-04-15","VTES",,,0.0257,101.37,1800000000,,0.0263,,0.0267,0.0476,2.6,3.4,0.0005,"Short-Term Tax-Exempt Bond ETF","advisors.vanguard.com"
"2026-04-16","VTES",,,0.0258,101.4,1800000000,,0.0263,,0.0267,0.0476,2.6,3.4,0.0005,"Short-Term Tax-Exempt Bond ETF","advisors.vanguard.com"
"2026-04-17","VTES",,,0.0258,101.4,1800000000,,0.0262,,0.0267,0.0477,2.6,3.4,0.0005,"Short-Term Tax-Exempt Bond ETF","advisors.vanguard.com"
"2026-04-20","VTES",,,0.0259,101.38,1800000000,,0.026,,0.0267,0.0477,2.6,3.4,0.0005,"Short-Term Tax-Exempt Bond ETF","advisors.vanguard.com"
"2026-04-21","VTES",,,0.0259,101.34,1800000000,,0.026,,0.0267,0.0482,2.6,3.4,0.0005,"Short-Term Tax-Exempt Bond ETF","advisors.vanguard.com"
"2026-04-22","VTES",,,0.0259,101.34,1800000000,,0.026,,0.0267,0.0481,2.6,3.4,0.0005,"Short-Term Tax-Exempt Bond ETF","advisors.vanguard.com"
"2026-04-23","VTES",,,0.0259,101.35,1800000000,,0.0265,,0.0267,0.0482,2.6,3.4,0.0005,"Short-Term Tax-Exempt Bond ETF","advisors.vanguard.com"
"2026-04-24","VTES",,,0.0259,101.28,1800000000,,0.0268,,0.0267,0.0483,2.6,3.4,0.0005,"Short-Term Tax-Exempt Bond ETF","advisors.vanguard.com"
"2026-04-27","VTES",,,0.0259,101.28,1800000000,,0.0267,,0.0267,0.0482,2.6,3.4,0.0005,"Short-Term Tax-Exempt Bond ETF","advisors.vanguard.com"
"2026-04-28","VTES",,,0.0258,101.2,1800000000,,0.0263,,0.0267,0.0482,2.5,3.4,0.0005,"Short-Term Tax-Exempt Bond ETF","advisors.vanguard.com"
"2026-04-29","VTES",,,0.0258,101.2,1800000000,,0.0267,,0.0267,0.0484,2.6,3.4,0.0005,"Short-Term Tax-Exempt Bond ETF","advisors.vanguard.com"
"2026-04-30","VTES",,,0.0258,100.96,1800000000,,0.027,,0.0267,0.0483,2.6,3.4,0.0005,"Short-Term Tax-Exempt Bond ETF","advisors.vanguard.com"
"2026-05-01","VTES",,,0.0258,100.95,1900000000,,0.0271,,0.0267,0.0482,2.6,3.4,0.0005,"Short-Term Tax-Exempt Bond ETF","advisors.vanguard.com"
"2026-05-04","VTES",,,0.0259,100.95,1900000000,,0.0271,,0.0267,0.0482,2.6,3.4,0.0005,"Short-Term Tax-Exempt Bond ETF","advisors.vanguard.com"
"2026-05-05","VTES",,,0.026,101.03,1900000000,,0.0264,,0.0276,0.0481,2.6,3.4,0.0005,"Short-Term Tax-Exempt Bond ETF","advisors.vanguard.com"
"2026-05-06","VTES",,,0.026,101.02,1900000000,,0.0269,,0.0276,0.0483,2.6,3.4,0.0005,"Short-Term Tax-Exempt Bond ETF","advisors.vanguard.com"
"2026-05-07","VTES",,,0.026,101.03,1900000000,,0.0271,,0.0276,0.0483,2.6,3.4,0.0005,"Short-Term Tax-Exempt Bond ETF","advisors.vanguard.com"
"2026-05-08","VTES",,,0.026,100.91,1900000000,,0.0271,,0.0276,0.0483,2.6,3.4,0.0005,"Short-Term Tax-Exempt Bond ETF","advisors.vanguard.com"
"2026-05-11","VTES",,,0.0261,100.91,1900000000,,0.0272,,0.0276,0.0483,2.6,3.4,0.0005,"Short-Term Tax-Exempt Bond ETF","advisors.vanguard.com"
"2026-05-12","VTES",,,0.0262,100.86,1900000000,,0.0271,,0.0276,0.0482,2.6,3.4,0.0005,"Short-Term Tax-Exempt Bond ETF","advisors.vanguard.com"
"2026-05-13","VTES",,,0.0263,100.67,1900000000,,0.0277,,0.0276,0.0481,2.6,3.4,0.0005,"Short-Term Tax-Exempt Bond ETF","advisors.vanguard.com"
"2026-05-14","VTES",,,0.0263,100.67,1900000000,,0.0277,,0.0276,0.0481,2.6,3.4,0.0005,"Short-Term Tax-Exempt Bond ETF","advisors.vanguard.com"
"2026-05-15","VTES",,,0.0264,100.6,1900000000,,0.0278,,0.0276,0.0479,2.6,3.3,0.0005,"Short-Term Tax-Exempt Bond ETF","advisors.vanguard.com"
"2026-05-18","VTES",,,0.0265,100.68,1900000000,,0.0283,,0.0276,0.0479,2.6,3.3,0.0005,"Short-Term Tax-Exempt Bond ETF","advisors.vanguard.com"
"2026-05-19","VTES",,,0.0267,100.7,1900000000,,0.0283,,0.0276,0.0479,2.6,3.3,0.0005,"Short-Term Tax-Exempt Bond ETF","advisors.vanguard.com"
"2026-05-20","VTES",,,0.0268,100.72,1900000000,,0.0284,,0.0276,0.0475,2.5,3.3,0.0005,"Short-Term Tax-Exempt Bond ETF","advisors.vanguard.com"
"2026-05-21","VTES",,,0.0269,100.9,1900000000,,0.0284,,0.0276,0.0479,2.6,3.3,0.0005,"Short-Term Tax-Exempt Bond ETF","advisors.vanguard.com"
"2026-05-22","VTES",,,0.0269,100.9,1900000000,,0.0285,,0.0276,0.048,2.6,3.3,0.0005,"Short-Term Tax-Exempt Bond ETF","advisors.vanguard.com"
"2026-05-26","VTES",,,0.027,101.08,1900000000,,0.0277,,0.0276,0.0477,2.5,3.3,0.0005,"Short-Term Tax-Exempt Bond ETF","advisors.vanguard.com"
"2026-05-27","VTES",,,0.0271,101.15,1900000000,,0.0277,,0.0276,0.0477,2.5,3.3,0.0005,"Short-Term Tax-Exempt Bond ETF","advisors.vanguard.com"
"2026-05-28","VTES",,,0.0271,101.15,1900000000,,0.0276,,0.0276,0.048,2.6,3.3,0.0005,"Short-Term Tax-Exempt Bond ETF","advisors.vanguard.com"
"2026-05-29","VTES",,,0.0271,101.04,1900000000,,0.0275,,0.0276,0.0485,2.6,3.4,0.0005,"Short-Term Tax-Exempt Bond ETF","advisors.vanguard.com"
"2026-06-02","VTES",,,0.0271,101.07,2000000000,,0.027,,0.0276,0.0479,2.6,3.3,0.0005,"Short-Term Tax-Exempt Bond ETF","advisors.vanguard.com"
"2026-06-03","VTES",,,0.027,101.11,2000000000,,0.0268,,0.0276,0.0483,2.6,3.4,0.0005,"Short-Term Tax-Exempt Bond ETF","advisors.vanguard.com"
"2026-06-04","VTES",,,0.027,101.09,2000000000,,0.0267,,0.0255,0.0484,2.6,3.4,0.0005,"Short-Term Tax-Exempt Bond ETF","advisors.vanguard.com"
"2026-06-05","VTES",,,0.027,101.11,2000000000,,0.0267,,0.0255,0.0485,2.6,3.4,0.0005,"Short-Term Tax-Exempt Bond ETF","advisors.vanguard.com"
"2026-06-08","VTES",,,0.027,101.11,2000000000,,0.0269,,0.0255,0.0485,2.6,3.4,0.0005,"Short-Term Tax-Exempt Bond ETF","advisors.vanguard.com"
"2026-06-09","VTES",,,0.0269,101.06,2000000000,,0.0267,,0.0255,0.0483,2.6,3.3,0.0005,"Short-Term Tax-Exempt Bond ETF","advisors.vanguard.com"
"2026-06-11","VTES",,,0.0269,101.04,2000000000,,0.0269,,0.0255,0.0486,2.6,3.4,0.0005,"Short-Term Tax-Exempt Bond ETF","advisors.vanguard.com"
"2026-06-15","VTES",,,0.0269,101.17,2000000000,,0.027,,0.0255,0.0482,2.6,3.3,0.0005,"Short-Term Tax-Exempt Bond ETF","advisors.vanguard.com"
"2026-06-17","VTES",,,0.0267,101.17,2000000000,,0.0266,,0.0255,0.0482,2.6,3.3,0.0005,"Short-Term Tax-Exempt Bond ETF","advisors.vanguard.com"
"2026-06-18","VTES",,,0.0266,101.17,2000000000,,0.0266,,0.0255,0.0482,2.6,3.3,0.0005,"Short-Term Tax-Exempt Bond ETF","advisors.vanguard.com"
"2026-06-22","VTES",,,0.0266,101.16,2000000000,,0.0267,,0.0255,0.0482,2.5,3.3,0.0005,"Short-Term Tax-Exempt Bond ETF","advisors.vanguard.com"
"2026-07-07","VTES",,,0.0264,101.03,2100000000,,,,,,2.6,2.6,0.0005,"Vanguard Short-Term Tax-Exempt Bond ETF","advisors.vanguard.com"
"2026-07-09","VTES",,,,101.03,2100000000,,,,,,2.6,2.6,,"Vanguard Short-Term Tax-Exempt Bond ETF","advisors.vanguard.com"
"2026-07-10","VTES",,,,101,2100000000,,,,,,2.6,2.6,,"Vanguard Short-Term Tax-Exempt Bond ETF","advisors.vanguard.com"
"2026-07-13","VTES",,,,100.98,2100000000,,,,,,2.6,2.6,,"Vanguard Short-Term Tax-Exempt Bond ETF","advisors.vanguard.com"
"2026-07-14","VTES",,,,100.99,2100000000,,,,,,2.6,2.6,,"Vanguard Short-Term Tax-Exempt Bond ETF","advisors.vanguard.com"
"2026-07-15","VTES",,,,100.98,2100000000,,,,,,2.6,2.6,,"Vanguard Short-Term Tax-Exempt Bond ETF","advisors.vanguard.com"
"2026-07-16","VTES",,,,100.88,2100000000,,,,,,2.6,2.6,,"Vanguard Short-Term Tax-Exempt Bond ETF","advisors.vanguard.com"
"2026-07-17","VTES",,,,100.84,2100000000,,,,,,2.6,2.6,,"Vanguard Short-Term Tax-Exempt Bond ETF","advisors.vanguard.com"
"2026-07-20","VTES",,,,100.83,2100000000,,,,,,2.6,2.6,,"Vanguard Short-Term Tax-Exempt Bond ETF","advisors.vanguard.com"
"2026-07-21","VTES",,,,100.78,2100000000,,,,,,2.6,2.6,,"Vanguard Short-Term Tax-Exempt Bond ETF","advisors.vanguard.com"
"2026-07-22","VTES",,,,100.65,2100000000,,,,,,2.6,2.6,,"Vanguard Short-Term Tax-Exempt Bond ETF","advisors.vanguard.com"
"2026-07-23","VTES",,,,100.35,2100000000,,,,,,2.6,2.6,,"Vanguard Short-Term Tax-Exempt Bond ETF","advisors.vanguard.com"
"2026-07-24","VTES",,,,100.38,2100000000,,,,,,2.6,2.6,,"Vanguard Short-Term Tax-Exempt Bond ETF","advisors.vanguard.com"
"2026-07-27","VTES",,,,100.55,2100000000,,,,,,2.6,2.6,,"Vanguard Short-Term Tax-Exempt Bond ETF","advisors.vanguard.com"
"2026-07-28","VTES",,,,100.6,2100000000,,,,,,2.6,2.6,,"Vanguard Short-Term Tax-Exempt Bond ETF","advisors.vanguard.com"
"2026-07-29","VTES",,,,100.59,2100000000,,,,,,2.6,2.6,,"Vanguard Short-Term Tax-Exempt Bond ETF","advisors.vanguard.com"
"2026-07-30","VTES",,,,100.56,2100000000,,,,,,2.6,2.6,,"Vanguard Short-Term Tax-Exempt Bond ETF","advisors.vanguard.com"
"2026-07-31","VTES",,,,100.51,2100000000,,,,,,2.7,2.7,,"Vanguard Short-Term Tax-Exempt Bond ETF","advisors.vanguard.com"
"2026-08-03","VTES",,,,100.38,2100000000,,,,,,2.7,2.7,,"Vanguard Short-Term Tax-Exempt Bond ETF","advisors.vanguard.com"
"2026-08-04","VTES",,,,100.52,2200000000,,,,,,2.7,2.7,,"Vanguard Short-Term Tax-Exempt Bond ETF","advisors.vanguard.com"
"2026-08-05","VTES",,,,100.66,2200000000,,,,,,2.7,2.7,,"Vanguard Short-Term Tax-Exempt Bond ETF","advisors.vanguard.com"
"2026-08-06","VTES",,,,100.68,2200000000,,,,,,2.7,2.7,,"Vanguard Short-Term Tax-Exempt Bond ETF","advisors.vanguard.com"
"2026-08-07","VTES",,,,100.76,2200000000,,,,,,2.7,2.7,,"Vanguard Short-Term Tax-Exempt Bond ETF","advisors.vanguard.com"
"2026-08-10","VTES",,,,100.78,2200000000,,,,,,2.7,2.7,,"Vanguard Short-Term Tax-Exempt Bond ETF","advisors.vanguard.com"
"2026-08-11","VTES",,,,100.78,2200000000,,,,,,2.7,2.7,,"Vanguard Short-Term Tax-Exempt Bond ETF","advisors.vanguard.com"
"2026-08-12","VTES",,,,100.81,2200000000,,,,,,2.7,2.7,,"Vanguard Short-Term Tax-Exempt Bond ETF","advisors.vanguard.com"
"2026-08-13","VTES",,,,100.87,2200000000,,,,,,2.7,2.7,,"Vanguard Short-Term Tax-Exempt Bond ETF","advisors.vanguard.com"
"2026-08-14","VTES",,,,100.82,2200000000,,,,,,2.7,2.7,,"Vanguard Short-Term Tax-Exempt Bond ETF","advisors.vanguard.com"
"2026-08-17","VTES",,,,100.75,2200000000,,,,,,2.7,2.7,,"Vanguard Short-Term Tax-Exempt Bond ETF","advisors.vanguard.com"
"2026-08-18","VTES",,,,100.71,2200000000,,,,,,2.7,2.7,,"Vanguard Short-Term Tax-Exempt Bond ETF","advisors.vanguard.com"
"2026-08-19","VTES",,,,100.77,2200000000,,,,,,2.7,2.7,,"Vanguard Short-Term Tax-Exempt Bond ETF","advisors.vanguard.com"
"2026-08-20","VTES",,,,100.74,2200000000,,,,,,2.7,2.7,,"Vanguard Short-Term Tax-Exempt Bond ETF","advisors.vanguard.com"
"2026-08-21","VTES",,,,100.73,2200000000,,,,,,2.7,2.7,,"Vanguard Short-Term Tax-Exempt Bond ETF","advisors.vanguard.com"
"2026-08-24","VTES",,,,100.78,2200000000,,,,,,2.7,2.7,,"Vanguard Short-Term Tax-Exempt Bond ETF","advisors.vanguard.com"
"2026-08-25","VTES",,,,100.84,2200000000,,,,,,2.7,2.7,,"Vanguard Short-Term Tax-Exempt Bond ETF","advisors.vanguard.com"
"2026-08-26","VTES",,,,100.82,2200000000,,,,,,2.7,2.7,,"Vanguard Short-Term Tax-Exempt Bond ETF","advisors.vanguard.com"
"2026-08-27","VTES",,,,100.77,2200000000,,,,,,2.7,2.7,,"Vanguard Short-Term Tax-Exempt Bond ETF","advisors.vanguard.com"
"2026-08-28","VTES",,,,100.69,2200000000,,,,,,2.7,2.7,,"Vanguard Short-Term Tax-Exempt Bond ETF","advisors.vanguard.com"
"2026-08-31","VTES",,,,100.71,2200000000,,,,,,2.7,2.7,,"Vanguard Short-Term Tax-Exempt Bond ETF","advisors.vanguard.com"
"2026-09-01","VTES",,,,100.3,2200000000,,,,,,2.7,2.7,,"Vanguard Short-Term Tax-Exempt Bond ETF","advisors.vanguard.com"
