asOfDate, cusip, securitytype, rate, maturitydate, calldate, buy, sell, endofdate
"2024-11-19","912797LE5","MARKET BASED BILL","0.000%","2024-11-21","","0.000000","99.975944",
"2024-11-19","912797MD6","MARKET BASED BILL","0.000%","2024-11-26","","99.913083","99.912889",
"2024-11-19","912797HP5","MARKET BASED BILL","0.000%","2024-11-29","","99.876528","99.876111",
"2024-11-19","912797ME4","MARKET BASED BILL","0.000%","2024-12-03","","99.826556","99.826167",
"2024-11-19","912797LF2","MARKET BASED BILL","0.000%","2024-12-05","","99.802444","99.801778",
"2024-11-19","912797MN4","MARKET BASED BILL","0.000%","2024-12-10","","99.739250","99.738667",
"2024-11-19","912797LP0","MARKET BASED BILL","0.000%","2024-12-12","","99.715056","99.714417",
"2024-11-19","912797MP9","MARKET BASED BILL","0.000%","2024-12-17","","99.651556","99.650778",
"2024-11-19","912797LQ8","MARKET BASED BILL","0.000%","2024-12-19","","99.627500","99.626667",
"2024-11-19","912797MQ7","MARKET BASED BILL","0.000%","2024-12-24","","99.563472","99.562500",
"2024-11-19","912796ZV4","MARKET BASED BILL","0.000%","2024-12-26","","99.538528","99.537500",
"2024-11-19","912797MR5","MARKET BASED BILL","0.000%","2024-12-31","","99.473250","99.472667",
"2024-11-19","912797LR6","MARKET BASED BILL","0.000%","2025-01-02","","99.456722","99.454889",
"2024-11-19","912797MW4","MARKET BASED BILL","0.000%","2025-01-07","","99.400431","99.398389",
"2024-11-19","912797LX3","MARKET BASED BILL","0.000%","2025-01-09","","99.373833","99.372417",
"2024-11-19","912797MX2","MARKET BASED BILL","0.000%","2025-01-14","","99.314778","99.314000",
"2024-11-19","912797LY1","MARKET BASED BILL","0.000%","2025-01-16","","99.293528","99.291111",
"2024-11-19","912797MY0","MARKET BASED BILL","0.000%","2025-01-21","","99.233500","99.231750",
"2024-11-19","912797JR9","MARKET BASED BILL","0.000%","2025-01-23","","99.209167","99.207361",
"2024-11-19","912797MZ7","MARKET BASED BILL","0.000%","2025-01-28","","99.147361","99.144444",
"2024-11-19","912797LZ8","MARKET BASED BILL","0.000%","2025-01-30","","99.122000","99.120000",
"2024-11-19","912797NF0","MARKET BASED BILL","0.000%","2025-02-04","","99.061028","99.058889",
"2024-11-19","912797MJ3","MARKET BASED BILL","0.000%","2025-02-06","","99.035542","99.034444",
"2024-11-19","912797NG8","MARKET BASED BILL","0.000%","2025-02-11","","98.975667","98.973333",
"2024-11-19","912797MK0","MARKET BASED BILL","0.000%","2025-02-13","","98.948889","98.946500",
"2024-11-19","912797NH6","MARKET BASED BILL","0.000%","2025-02-18","","98.897889","98.892833",
"2024-11-19","912797KA4","MARKET BASED BILL","0.000%","2025-02-20","","98.864625","98.863333",
"2024-11-19","912797NJ2","MARKET BASED BILL","0.000%","2025-02-25","","98.807667","98.804944",
"2024-11-19","912797ML8","MARKET BASED BILL","0.000%","2025-02-27","","98.783333","98.780556",
"2024-11-19","912797NK9","MARKET BASED BILL","0.000%","2025-03-04","","98.719583","98.716667",
"2024-11-19","912797MM6","MARKET BASED BILL","0.000%","2025-03-06","","98.704111","98.701139",
"2024-11-19","912797NQ6","MARKET BASED BILL","0.000%","2025-03-11","","98.635778","98.634222",
"2024-11-19","912797MT1","MARKET BASED BILL","0.000%","2025-03-13","","98.622500","98.619333",
"2024-11-19","912797NR4","MARKET BASED BILL","0.000%","2025-03-18","","98.550514","98.548861",
"2024-11-19","912797KJ5","MARKET BASED BILL","0.000%","2025-03-20","","98.541278","98.537917",
"2024-11-19","912797MU8","MARKET BASED BILL","0.000%","2025-03-27","","98.467556","98.464000",
"2024-11-19","912797MV6","MARKET BASED BILL","0.000%","2025-04-03","","98.380000","98.376250",
"2024-11-19","912797NB9","MARKET BASED BILL","0.000%","2025-04-10","","98.299944","98.296000",
"2024-11-19","912797KS5","MARKET BASED BILL","0.000%","2025-04-17","","98.214069","98.207861",
"2024-11-19","912797NC7","MARKET BASED BILL","0.000%","2025-04-24","","98.128000","98.123667",
"2024-11-19","912797ND5","MARKET BASED BILL","0.000%","2025-05-01","","98.046264","98.039472",
"2024-11-19","912797NE3","MARKET BASED BILL","0.000%","2025-05-08","","97.962361","97.960000",
"2024-11-19","912797LB1","MARKET BASED BILL","0.000%","2025-05-15","","97.876000","97.871083",
"2024-11-19","912797LN5","MARKET BASED BILL","0.000%","2025-06-12","","97.594097","97.574167",
"2024-11-19","912797LW5","MARKET BASED BILL","0.000%","2025-07-10","","97.288139","97.281667",
"2024-11-19","912797MG9","MARKET BASED BILL","0.000%","2025-08-07","","96.955000","96.940500",
"2024-11-19","912797MH7","MARKET BASED BILL","0.000%","2025-09-04","","96.632347","96.620306",
"2024-11-19","912797MS3","MARKET BASED BILL","0.000%","2025-10-02","","96.332486","96.319278",
"2024-11-19","912797NA1","MARKET BASED BILL","0.000%","2025-10-30","","96.032500","96.022917",
"2024-11-19","9128283J7","MARKET BASED NOTE","2.125%","2024-11-30","","0.000000","99.875000",
"2024-11-19","912828YV6","MARKET BASED NOTE","1.500%","2024-11-30","","0.000000","99.875000",
"2024-11-19","91282CFX4","MARKET BASED NOTE","4.500%","2024-11-30","","0.000000","99.968750",
"2024-11-19","91282CDN8","MARKET BASED NOTE","1.000%","2024-12-15","","0.000000","99.718750",
"2024-11-19","91282CGD7","MARKET BASED NOTE","4.250%","2024-12-31","","0.000000","99.937500",
"2024-11-19","912828YY0","MARKET BASED NOTE","1.750%","2024-12-31","","0.000000","99.656250",
"2024-11-19","9128283P3","MARKET BASED NOTE","2.250%","2024-12-31","","0.000000","99.718750",
"2024-11-19","91282CDS7","MARKET BASED NOTE","1.125%","2025-01-15","","0.000000","99.468750",
"2024-11-19","91282CGG0","MARKET BASED NOTE","4.125%","2025-01-31","","0.000000","99.906250",
"2024-11-19","9128283V0","MARKET BASED NOTE","2.500%","2025-01-31","","0.000000","99.593750",
"2024-11-19","912828Z52","MARKET BASED NOTE","1.375%","2025-01-31","","0.000000","99.375000",
"2024-11-19","912828J27","MARKET BASED NOTE","2.000%","2025-02-15","","0.000000","99.406250",
"2024-11-19","91282CDZ1","MARKET BASED NOTE","1.500%","2025-02-15","","0.000000","99.281250",
"2024-11-19","91282CGN5","MARKET BASED NOTE","4.625%","2025-02-28","","0.000000","100.031250",
"2024-11-19","9128283Z1","MARKET BASED NOTE","2.750%","2025-02-28","","0.000000","99.500000",
"2024-11-19","912828ZC7","MARKET BASED NOTE","1.125%","2025-02-28","","0.000000","99.062500",
"2024-11-19","91282CED9","MARKET BASED NOTE","1.750%","2025-03-15","","0.000000","99.125000",
"2024-11-19","91282CGU9","MARKET BASED NOTE","3.875%","2025-03-31","","0.000000","99.781250",
"2024-11-19","912828ZF0","MARKET BASED NOTE","0.500%","2025-03-31","","0.000000","98.593750",
"2024-11-19","9128284F4","MARKET BASED NOTE","2.625%","2025-03-31","","0.000000","99.343750",
"2024-11-19","91282CEH0","MARKET BASED NOTE","2.625%","2025-04-15","","0.000000","99.281250",
"2024-11-19","91282CGX3","MARKET BASED NOTE","3.875%","2025-04-30","","0.000000","99.718750",
"2024-11-19","9128284M9","MARKET BASED NOTE","2.875%","2025-04-30","","0.000000","99.281250",
"2024-11-19","912828ZL7","MARKET BASED NOTE","0.375%","2025-04-30","","0.000000","98.218750",
"2024-11-19","912828XB1","MARKET BASED NOTE","2.125%","2025-05-15","","0.000000","98.875000",
"2024-11-19","91282CEQ0","MARKET BASED NOTE","2.750%","2025-05-15","","0.000000","99.187500",
"2024-11-19","91282CHD6","MARKET BASED NOTE","4.250%","2025-05-31","","99.906250","99.875000",
"2024-11-19","9128284R8","MARKET BASED NOTE","2.875%","2025-05-31","","99.187500","99.156250",
"2024-11-19","912828ZT0","MARKET BASED NOTE","0.250%","2025-05-31","","97.828125","97.812500",
"2024-11-19","91282CEU1","MARKET BASED NOTE","2.875%","2025-06-15","","99.187500","99.156250",
"2024-11-19","91282CHL8","MARKET BASED NOTE","4.625%","2025-06-30","","100.140625","100.125000",
"2024-11-19","912828ZW3","MARKET BASED NOTE","0.250%","2025-06-30","","97.531250","97.500000",
"2024-11-19","912828XZ8","MARKET BASED NOTE","2.750%","2025-06-30","","99.062500","99.031250",
"2024-11-19","91282CEY3","MARKET BASED NOTE","3.000%","2025-07-15","","99.140625","99.125000",
"2024-11-19","91282CHN4","MARKET BASED NOTE","4.750%","2025-07-31","","100.203125","100.187500",
"2024-11-19","912828Y79","MARKET BASED NOTE","2.875%","2025-07-31","","98.968750","98.937500",
"2024-11-19","91282CAB7","MARKET BASED NOTE","0.250%","2025-07-31","","97.156250","97.125000",
"2024-11-19","912828K74","MARKET BASED NOTE","2.000%","2025-08-15","","98.250000","98.218750",
"2024-11-19","91282CFE6","MARKET BASED NOTE","3.125%","2025-08-15","","99.062500","99.031250",
"2024-11-19","91282CHV6","MARKET BASED NOTE","5.000%","2025-08-31","","100.406250","100.375000",
"2024-11-19","9128284Z0","MARKET BASED NOTE","2.750%","2025-08-31","","98.718750","98.687500",
"2024-11-19","91282CAJ0","MARKET BASED NOTE","0.250%","2025-08-31","","96.828125","96.812500",
"2024-11-19","91282CFK2","MARKET BASED NOTE","3.500%","2025-09-15","","99.296875","99.281250",
"2024-11-19","91282CJB8","MARKET BASED NOTE","5.000%","2025-09-30","","100.500000","100.468750",
"2024-11-19","91282CAM3","MARKET BASED NOTE","0.250%","2025-09-30","","96.531250","96.500000",
"2024-11-19","9128285C0","MARKET BASED NOTE","3.000%","2025-09-30","","98.843750","98.812500",
"2024-11-19","91282CFP1","MARKET BASED NOTE","4.250%","2025-10-15","","99.906250","99.875000",
"2024-11-19","91282CJE2","MARKET BASED NOTE","5.000%","2025-10-31","","100.562500","100.531250",
"2024-11-19","9128285J5","MARKET BASED NOTE","3.000%","2025-10-31","","98.750000","98.718750",
"2024-11-19","91282CAT8","MARKET BASED NOTE","0.250%","2025-10-31","","96.218750","96.187500",
"2024-11-19","912828M56","MARKET BASED NOTE","2.250%","2025-11-15","","97.968750","97.937500",
"2024-11-19","91282CFW6","MARKET BASED NOTE","4.500%","2025-11-15","","100.125000","100.093750",
"2024-11-19","91282CJL6","MARKET BASED NOTE","4.875%","2025-11-30","","100.484375","100.468750",
"2024-11-19","9128285N6","MARKET BASED NOTE","2.875%","2025-11-30","","98.500000","98.468750",
"2024-11-19","91282CAZ4","MARKET BASED NOTE","0.375%","2025-11-30","","96.031250","96.000000",
"2024-11-19","91282CGA3","MARKET BASED NOTE","4.000%","2025-12-15","","99.625000","99.593750",
"2024-11-19","91282CJS1","MARKET BASED NOTE","4.250%","2025-12-31","","99.859375","99.843750",
"2024-11-19","91282CBC4","MARKET BASED NOTE","0.375%","2025-12-31","","95.703125","95.687500",
"2024-11-19","9128285T3","MARKET BASED NOTE","2.625%","2025-12-31","","98.156250","98.125000",
"2024-11-19","91282CGE5","MARKET BASED NOTE","3.875%","2026-01-15","","99.500000","99.468750",
"2024-11-19","91282CJV4","MARKET BASED NOTE","4.250%","2026-01-31","","99.890625","99.875000",
"2024-11-19","9128286A3","MARKET BASED NOTE","2.625%","2026-01-31","","98.031250","98.000000",
"2024-11-19","91282CBH3","MARKET BASED NOTE","0.375%","2026-01-31","","95.421875","95.406250",
"2024-11-19","912828P46","MARKET BASED NOTE","1.625%","2026-02-15","","96.781250","96.750000",
"2024-11-19","91282CGL9","MARKET BASED NOTE","4.000%","2026-02-15","","99.625000","99.593750",
"2024-11-19","91282CKB6","MARKET BASED NOTE","4.625%","2026-02-28","","100.328125","100.312500",
"2024-11-19","9128286F2","MARKET BASED NOTE","2.500%","2026-02-28","","97.750000","97.718750",
"2024-11-19","91282CBQ3","MARKET BASED NOTE","0.500%","2026-02-28","","95.281250","95.250000",
"2024-11-19","91282CGR6","MARKET BASED NOTE","4.625%","2026-03-15","","100.375000","100.343750",
"2024-11-19","91282CKH3","MARKET BASED NOTE","4.500%","2026-03-31","","100.234375","100.218750",
"2024-11-19","91282CBT7","MARKET BASED NOTE","0.750%","2026-03-31","","95.312500","95.281250",
"2024-11-19","9128286L9","MARKET BASED NOTE","2.250%","2026-03-31","","97.281250","97.250000",
"2024-11-19","91282CGV7","MARKET BASED NOTE","3.750%","2026-04-15","","99.234375","99.218750",
"2024-11-19","91282CKK6","MARKET BASED NOTE","4.875%","2026-04-30","","100.765625","100.750000",
"2024-11-19","9128286S4","MARKET BASED NOTE","2.375%","2026-04-30","","97.328125","97.312500",
"2024-11-19","91282CBW0","MARKET BASED NOTE","0.750%","2026-04-30","","95.046875","95.031250",
"2024-11-19","912828R36","MARKET BASED NOTE","1.625%","2026-05-15","","96.187500","96.156250",
"2024-11-19","91282CHB0","MARKET BASED NOTE","3.625%","2026-05-15","","99.015625","99.000000",
"2024-11-19","91282CKS9","MARKET BASED NOTE","4.875%","2026-05-31","","100.828125","100.812500",
"2024-11-19","9128286X3","MARKET BASED NOTE","2.125%","2026-05-31","","96.796875","96.781250",
"2024-11-19","91282CCF6","MARKET BASED NOTE","0.750%","2026-05-31","","94.765625","94.750000",
"2024-11-19","91282CHH7","MARKET BASED NOTE","4.125%","2026-06-15","","99.734375","99.718750",
"2024-11-19","91282CKY6","MARKET BASED NOTE","4.625%","2026-06-30","","100.500000","100.500000",
"2024-11-19","91282CCJ8","MARKET BASED NOTE","0.875%","2026-06-30","","94.703125","94.687500",
"2024-11-19","9128287B0","MARKET BASED NOTE","1.875%","2026-06-30","","96.296875","96.281250",
"2024-11-19","91282CHM6","MARKET BASED NOTE","4.500%","2026-07-15","","100.328125","100.312500",
"2024-11-19","91282CLB5","MARKET BASED NOTE","4.375%","2026-07-31","","100.109375","100.093750",
"2024-11-19","912828Y95","MARKET BASED NOTE","1.875%","2026-07-31","","96.093750","96.062500",
"2024-11-19","91282CCP4","MARKET BASED NOTE","0.625%","2026-07-31","","94.046875","94.031250",
"2024-11-19","9128282A7","MARKET BASED NOTE","1.500%","2026-08-15","","95.406250","95.375000",
"2024-11-19","91282CHU8","MARKET BASED NOTE","4.375%","2026-08-15","","100.156250","100.125000",
"2024-11-19","91282CLH2","MARKET BASED NOTE","3.750%","2026-08-31","","99.062500","99.062500",
"2024-11-19","91282CCW9","MARKET BASED NOTE","0.750%","2026-08-31","","94.000000","93.968750",
"2024-11-19","912828YD6","MARKET BASED NOTE","1.375%","2026-08-31","","95.093750","95.062500",
"2024-11-19","91282CHY0","MARKET BASED NOTE","4.625%","2026-09-15","","100.593750","100.562500",
"2024-11-19","91282CLP4","MARKET BASED NOTE","3.500%","2026-09-30","","98.609375","98.593750",
"2024-11-19","912828YG9","MARKET BASED NOTE","1.625%","2026-09-30","","95.343750","95.312500",
"2024-11-19","91282CCZ2","MARKET BASED NOTE","0.875%","2026-09-30","","93.953125","93.937500",
"2024-11-19","91282CJC6","MARKET BASED NOTE","4.625%","2026-10-15","","100.640625","100.625000",
"2024-11-19","91282CLS8","MARKET BASED NOTE","4.125%","2026-10-31","","99.750000","99.750000",
"2024-11-19","91282CDG3","MARKET BASED NOTE","1.125%","2026-10-31","","94.187500","94.156250",
"2024-11-19","912828YQ7","MARKET BASED NOTE","1.625%","2026-10-31","","95.156250","95.125000",
"2024-11-19","912828U24","MARKET BASED NOTE","2.000%","2026-11-15","","95.781250","95.750000",
"2024-11-19","91282CJK8","MARKET BASED NOTE","4.625%","2026-11-15","","100.687500","100.656250",
"2024-11-19","912828YU8","MARKET BASED NOTE","1.625%","2026-11-30","","94.953125","94.937500",
"2024-11-19","91282CDK4","MARKET BASED NOTE","1.250%","2026-11-30","","94.203125","94.187500",
"2024-11-19","91282CJP7","MARKET BASED NOTE","4.375%","2026-12-15","","100.218750","100.187500",
"2024-11-19","91282CDQ1","MARKET BASED NOTE","1.250%","2026-12-31","","94.015625","94.000000",
"2024-11-19","912828YX2","MARKET BASED NOTE","1.750%","2026-12-31","","95.031250","95.000000",
"2024-11-19","91282CJT9","MARKET BASED NOTE","4.000%","2027-01-15","","99.468750","99.437500",
"2024-11-19","912828Z78","MARKET BASED NOTE","1.500%","2027-01-31","","94.265625","94.250000",
"2024-11-19","912828V98","MARKET BASED NOTE","2.250%","2027-02-15","","95.781250","95.750000",
"2024-11-19","91282CKA8","MARKET BASED NOTE","4.125%","2027-02-15","","99.703125","99.687500",
"2024-11-19","91282CEC1","MARKET BASED NOTE","1.875%","2027-02-28","","94.890625","94.875000",
"2024-11-19","912828ZB9","MARKET BASED NOTE","1.125%","2027-02-28","","93.312500","93.281250",
"2024-11-19","91282CKE0","MARKET BASED NOTE","4.250%","2027-03-15","","100.015625","100.000000",
"2024-11-19","91282CEF4","MARKET BASED NOTE","2.500%","2027-03-31","","96.140625","96.125000",
"2024-11-19","912828ZE3","MARKET BASED NOTE","0.625%","2027-03-31","","91.968750","91.937500",
"2024-11-19","91282CKJ9","MARKET BASED NOTE","4.500%","2027-04-15","","100.578125","100.562500",
"2024-11-19","91282CEN7","MARKET BASED NOTE","2.750%","2027-04-30","","96.578125","96.562500",
"2024-11-19","912828ZN3","MARKET BASED NOTE","0.500%","2027-04-30","","91.406250","91.375000",
"2024-11-19","912828X88","MARKET BASED NOTE","2.375%","2027-05-15","","95.656250","95.625000",
"2024-11-19","91282CKR1","MARKET BASED NOTE","4.500%","2027-05-15","","100.609375","100.593750",
"2024-11-19","91282CET4","MARKET BASED NOTE","2.625%","2027-05-31","","96.171875","96.156250",
"2024-11-19","912828ZS2","MARKET BASED NOTE","0.500%","2027-05-31","","91.093750","91.062500",
"2024-11-19","91282CKV2","MARKET BASED NOTE","4.625%","2027-06-15","","100.953125","100.937500",
"2024-11-19","91282CEW7","MARKET BASED NOTE","3.250%","2027-06-30","","97.609375","97.593750",
"2024-11-19","912828ZV5","MARKET BASED NOTE","0.500%","2027-06-30","","90.828125","90.812500",
"2024-11-19","91282CKZ3","MARKET BASED NOTE","4.375%","2027-07-15","","100.328125","100.312500",
"2024-11-19","91282CFB2","MARKET BASED NOTE","2.750%","2027-07-31","","96.234375","96.218750",
"2024-11-19","91282CAD3","MARKET BASED NOTE","0.375%","2027-07-31","","90.250000","90.218750",
"2024-11-19","9128282R0","MARKET BASED NOTE","2.250%","2027-08-15","","94.953125","94.937500",
"2024-11-19","91282CLG4","MARKET BASED NOTE","3.750%","2027-08-15","","98.765625","98.750000",
"2024-11-19","91282CFH9","MARKET BASED NOTE","3.125%","2027-08-31","","97.109375","97.093750",
"2024-11-19","91282CAH4","MARKET BASED NOTE","0.500%","2027-08-31","","90.296875","90.281250",
"2024-11-19","91282CLL3","MARKET BASED NOTE","3.375%","2027-09-15","","97.765625","97.750000",
"2024-11-19","91282CFM8","MARKET BASED NOTE","4.125%","2027-09-30","","99.734375","99.718750",
"2024-11-19","91282CAL5","MARKET BASED NOTE","0.375%","2027-09-30","","89.687500","89.656250",
"2024-11-19","91282CLQ2","MARKET BASED NOTE","3.875%","2027-10-15","","99.031250","99.031250",
"2024-11-19","91282CFU0","MARKET BASED NOTE","4.125%","2027-10-31","","99.734375","99.718750",
"2024-11-19","91282CAU5","MARKET BASED NOTE","0.500%","2027-10-31","","89.750000","89.718750",
"2024-11-19","9128283F5","MARKET BASED NOTE","2.250%","2027-11-15","","94.468750","94.437500",
"2024-11-19","91282CLX7","MARKET BASED NOTE","4.125%","2027-11-15","","99.718750","99.718750",
"2024-11-19","91282CFZ9","MARKET BASED NOTE","3.875%","2027-11-30","","98.984375","98.968750",
"2024-11-19","91282CAY7","MARKET BASED NOTE","0.625%","2027-11-30","","89.812500","89.781250",
"2024-11-19","91282CBB6","MARKET BASED NOTE","0.625%","2027-12-31","","89.531250","89.500000",
"2024-11-19","91282CGC9","MARKET BASED NOTE","3.875%","2027-12-31","","98.984375","98.968750",
"2024-11-19","91282CGH8","MARKET BASED NOTE","3.500%","2028-01-31","","97.796875","97.781250",
"2024-11-19","91282CBJ9","MARKET BASED NOTE","0.750%","2028-01-31","","89.625000","89.593750",
"2024-11-19","9128283W8","MARKET BASED NOTE","2.750%","2028-02-15","","95.531250","95.500000",
"2024-11-19","91282CBP5","MARKET BASED NOTE","1.125%","2028-02-29","","90.531250","90.500000",
"2024-11-19","91282CGP0","MARKET BASED NOTE","4.000%","2028-02-29","","99.265625","99.250000",
"2024-11-19","91282CGT2","MARKET BASED NOTE","3.625%","2028-03-31","","98.078125","98.062500",
"2024-11-19","91282CBS9","MARKET BASED NOTE","1.250%","2028-03-31","","90.687500","90.656250",
"2024-11-19","91282CBZ3","MARKET BASED NOTE","1.250%","2028-04-30","","90.468750","90.437500",
"2024-11-19","91282CHA2","MARKET BASED NOTE","3.500%","2028-04-30","","97.640625","97.625000",
"2024-11-19","9128284N7","MARKET BASED NOTE","2.875%","2028-05-15","","95.593750","95.562500",
"2024-11-19","91282CCE9","MARKET BASED NOTE","1.250%","2028-05-31","","90.281250","90.250000",
"2024-11-19","91282CHE4","MARKET BASED NOTE","3.625%","2028-05-31","","97.968750","97.937500",
"2024-11-19","91282CHK0","MARKET BASED NOTE","4.000%","2028-06-30","","99.171875","99.156250",
"2024-11-19","91282CCH2","MARKET BASED NOTE","1.250%","2028-06-30","","90.031250","90.000000",
"2024-11-19","91282CCR0","MARKET BASED NOTE","1.000%","2028-07-31","","88.953125","88.937500",
"2024-11-19","91282CHQ7","MARKET BASED NOTE","4.125%","2028-07-31","","99.578125","99.562500",
"2024-11-19","9128284V9","MARKET BASED NOTE","2.875%","2028-08-15","","95.250000","95.218750",
"2024-11-19","91282CCV1","MARKET BASED NOTE","1.125%","2028-08-31","","89.156250","89.125000",
"2024-11-19","91282CHX2","MARKET BASED NOTE","4.375%","2028-08-31","","100.390625","100.375000",
"2024-11-19","91282CJA0","MARKET BASED NOTE","4.625%","2028-09-30","","101.265625","101.250000",
"2024-11-19","91282CCY5","MARKET BASED NOTE","1.250%","2028-09-30","","89.375000","89.343750",
"2024-11-19","91282CJF9","MARKET BASED NOTE","4.875%","2028-10-31","","102.203125","102.187500",
"2024-11-19","91282CDF5","MARKET BASED NOTE","1.375%","2028-10-31","","89.625000","89.593750",
"2024-11-19","9128285M8","MARKET BASED NOTE","3.125%","2028-11-15","","95.906250","95.875000",
"2024-11-19","91282CDL2","MARKET BASED NOTE","1.500%","2028-11-30","","89.875000","89.843750",
"2024-11-19","91282CJN2","MARKET BASED NOTE","4.375%","2028-11-30","","100.421875","100.406250",
"2024-11-19","91282CJR3","MARKET BASED NOTE","3.750%","2028-12-31","","98.078125","98.062500",
"2024-11-19","91282CDP3","MARKET BASED NOTE","1.375%","2028-12-31","","89.218750","89.187500",
"2024-11-19","91282CDW8","MARKET BASED NOTE","1.750%","2029-01-31","","90.453125","90.437500",
"2024-11-19","91282CJW2","MARKET BASED NOTE","4.000%","2029-01-31","","98.984375","98.968750",
"2024-11-19","9128286B1","MARKET BASED NOTE","2.625%","2029-02-15","","93.734375","93.718750",
"2024-11-19","91282CKD2","MARKET BASED NOTE","4.250%","2029-02-28","","99.953125","99.937500",
"2024-11-19","91282CEB3","MARKET BASED NOTE","1.875%","2029-02-28","","90.765625","90.750000",
"2024-11-19","91282CEE7","MARKET BASED NOTE","2.375%","2029-03-31","","92.531250","92.500000",
"2024-11-19","91282CKG5","MARKET BASED NOTE","4.125%","2029-03-31","","99.453125","99.437500",
"2024-11-19","91282CKP5","MARKET BASED NOTE","4.625%","2029-04-30","","101.484375","101.468750",
"2024-11-19","91282CEM9","MARKET BASED NOTE","2.875%","2029-04-30","","94.421875","94.406250",
"2024-11-19","9128286T2","MARKET BASED NOTE","2.375%","2029-05-15","","92.421875","92.406250",
"2024-11-19","91282CES6","MARKET BASED NOTE","2.750%","2029-05-31","","93.828125","93.812500",
"2024-11-19","91282CKT7","MARKET BASED NOTE","4.500%","2029-05-31","","101.015625","101.000000",
"2024-11-19","91282CKX8","MARKET BASED NOTE","4.250%","2029-06-30","","99.953125","99.937500",
"2024-11-19","91282CEV9","MARKET BASED NOTE","3.250%","2029-06-30","","95.765625","95.750000",
"2024-11-19","91282CFC0","MARKET BASED NOTE","2.625%","2029-07-31","","93.093750","93.062500",
"2024-11-19","91282CLC3","MARKET BASED NOTE","4.000%","2029-07-31","","98.921875","98.906250",
"2024-11-19","912828YB0","MARKET BASED NOTE","1.625%","2029-08-15","","88.937500","88.906250",
"2024-11-19","91282CLK5","MARKET BASED NOTE","3.625%","2029-08-31","","97.343750","97.343750",
"2024-11-19","91282CFJ5","MARKET BASED NOTE","3.125%","2029-08-31","","95.109375","95.093750",
"2024-11-19","91282CFL0","MARKET BASED NOTE","3.875%","2029-09-30","","98.296875","98.281250",
"2024-11-19","91282CLN9","MARKET BASED NOTE","3.500%","2029-09-30","","96.703125","96.687500",
"2024-11-19","91282CLR0","MARKET BASED NOTE","4.125%","2029-10-31","","99.453125","99.437500",
"2024-11-19","91282CFT3","MARKET BASED NOTE","4.000%","2029-10-31","","98.828125","98.812500",
"2024-11-19","912828YS3","MARKET BASED NOTE","1.750%","2029-11-15","","89.000000","88.968750",
"2024-11-19","91282CFY2","MARKET BASED NOTE","3.875%","2029-11-30","","98.234375","98.218750",
"2024-11-19","91282CGB1","MARKET BASED NOTE","3.875%","2029-12-31","","98.203125","98.187500",
"2024-11-19","91282CGJ4","MARKET BASED NOTE","3.500%","2030-01-31","","96.421875","96.406250",
"2024-11-19","912828Z94","MARKET BASED NOTE","1.500%","2030-02-15","","87.062500","87.031250",
"2024-11-19","91282CGQ8","MARKET BASED NOTE","4.000%","2030-02-28","","98.734375","98.718750",
"2024-11-19","91282CGS4","MARKET BASED NOTE","3.625%","2030-03-31","","96.906250","96.875000",
"2024-11-19","91282CGZ8","MARKET BASED NOTE","3.500%","2030-04-30","","96.265625","96.250000",
"2024-11-19","912828ZQ6","MARKET BASED NOTE","0.625%","2030-05-15","","82.296875","82.250000",
"2024-11-19","91282CHF1","MARKET BASED NOTE","3.750%","2030-05-31","","97.421875","97.406250",
"2024-11-19","91282CHJ3","MARKET BASED NOTE","3.750%","2030-06-30","","97.359375","97.343750",
"2024-11-19","91282CHR5","MARKET BASED NOTE","4.000%","2030-07-31","","98.578125","98.562500",
"2024-11-19","91282CAE1","MARKET BASED NOTE","0.625%","2030-08-15","","81.515625","81.468750",
"2024-11-19","91282CHW4","MARKET BASED NOTE","4.125%","2030-08-31","","99.140625","99.125000",
"2024-11-19","91282CHZ7","MARKET BASED NOTE","4.625%","2030-09-30","","101.703125","101.687500",
"2024-11-19","91282CJG7","MARKET BASED NOTE","4.875%","2030-10-31","","103.015625","103.000000",
"2024-11-19","91282CAV3","MARKET BASED NOTE","0.875%","2030-11-15","","82.265625","82.218750",
"2024-11-19","91282CJM4","MARKET BASED NOTE","4.375%","2030-11-30","","100.421875","100.406250",
"2024-11-19","91282CJQ5","MARKET BASED NOTE","3.750%","2030-12-31","","97.078125","97.062500",
"2024-11-19","91282CJX0","MARKET BASED NOTE","4.000%","2031-01-31","","98.359375","98.343750",
"2024-11-19","91282CBL4","MARKET BASED NOTE","1.125%","2031-02-15","","83.015625","82.968750",
"2024-11-19","91282CKC4","MARKET BASED NOTE","4.250%","2031-02-28","","99.671875","99.656250",
"2024-11-19","91282CKF7","MARKET BASED NOTE","4.125%","2031-03-31","","98.984375","98.968750",
"2024-11-19","91282CKN0","MARKET BASED NOTE","4.625%","2031-04-30","","101.765625","101.750000",
"2024-11-19","91282CCB5","MARKET BASED NOTE","1.625%","2031-05-15","","84.937500","84.906250",
"2024-11-19","91282CKU4","MARKET BASED NOTE","4.625%","2031-05-31","","101.750000","101.750000",
"2024-11-19","91282CKW0","MARKET BASED NOTE","4.250%","2031-06-30","","99.640625","99.625000",
"2024-11-19","91282CLD1","MARKET BASED NOTE","4.125%","2031-07-31","","98.890625","98.875000",
"2024-11-19","91282CCS8","MARKET BASED NOTE","1.250%","2031-08-15","","82.218750","82.187500",
"2024-11-19","91282CLJ8","MARKET BASED NOTE","3.750%","2031-08-31","","96.671875","96.656250",
"2024-11-19","91282CLM1","MARKET BASED NOTE","3.625%","2031-09-30","","95.921875","95.906250",
"2024-11-19","91282CLU3","MARKET BASED NOTE","4.125%","2031-10-31","","98.875000","98.875000",
"2024-11-19","91282CDJ7","MARKET BASED NOTE","1.375%","2031-11-15","","82.359375","82.343750",
"2024-11-19","91282CDY4","MARKET BASED NOTE","1.875%","2032-02-15","","84.828125","84.812500",
"2024-11-19","91282CEP2","MARKET BASED NOTE","2.875%","2032-05-15","","90.703125","90.687500",
"2024-11-19","91282CFF3","MARKET BASED NOTE","2.750%","2032-08-15","","89.578125","89.562500",
"2024-11-19","91282CFV8","MARKET BASED NOTE","4.125%","2032-11-15","","98.578125","98.562500",
"2024-11-19","91282CGM7","MARKET BASED NOTE","3.500%","2033-02-15","","94.109375","94.093750",
"2024-11-19","91282CHC8","MARKET BASED NOTE","3.375%","2033-05-15","","93.015625","93.000000",
"2024-11-19","91282CHT1","MARKET BASED NOTE","3.875%","2033-08-15","","96.390625","96.375000",
"2024-11-19","91282CJJ1","MARKET BASED NOTE","4.500%","2033-11-15","","100.890625","100.875000",
"2024-11-19","91282CJZ5","MARKET BASED NOTE","4.000%","2034-02-15","","97.078125","97.062500",
"2024-11-19","91282CKQ3","MARKET BASED NOTE","4.375%","2034-05-15","","99.921875","99.906250",
"2024-11-19","91282CLF6","MARKET BASED NOTE","3.875%","2034-08-15","","95.953125","95.937500",
"2024-11-19","91282CLW9","MARKET BASED NOTE","4.250%","2034-11-15","","98.937500","98.937500",
"2024-11-19","912810ET1","MARKET BASED BOND","7.625%","2025-02-15","","0.000000","100.562500",
"2024-11-19","912810EV6","MARKET BASED BOND","6.875%","2025-08-15","","102.265625","101.968750",
"2024-11-19","912810EW4","MARKET BASED BOND","6.000%","2026-02-15","","102.171875","101.875000",
"2024-11-19","912810EX2","MARKET BASED BOND","6.750%","2026-08-15","","104.343750","104.125000",
"2024-11-19","912810EY0","MARKET BASED BOND","6.500%","2026-11-15","","104.812500","104.468750",
"2024-11-19","912810EZ7","MARKET BASED BOND","6.625%","2027-02-15","","105.515625","105.250000",
"2024-11-19","912810FA1","MARKET BASED BOND","6.375%","2027-08-15","","105.625000","105.343750",
"2024-11-19","912810FB9","MARKET BASED BOND","6.125%","2027-11-15","","105.375000","105.187500",
"2024-11-19","912810FE3","MARKET BASED BOND","5.500%","2028-08-15","","104.656250","104.468750",
"2024-11-19","912810FF0","MARKET BASED BOND","5.250%","2028-11-15","","103.734375","103.531250",
"2024-11-19","912810FG8","MARKET BASED BOND","5.250%","2029-02-15","","104.250000","104.062500",
"2024-11-19","912810FJ2","MARKET BASED BOND","6.125%","2029-08-15","","108.015625","107.812500",
"2024-11-19","912810FM5","MARKET BASED BOND","6.250%","2030-05-15","","109.578125","109.375000",
"2024-11-19","912810FP8","MARKET BASED BOND","5.375%","2031-02-15","","106.078125","105.875000",
"2024-11-19","912810FT0","MARKET BASED BOND","4.500%","2036-02-15","","101.781250","101.531250",
"2024-11-19","912810PT9","MARKET BASED BOND","4.750%","2037-02-15","","103.500000","103.375000",
"2024-11-19","912810PU6","MARKET BASED BOND","5.000%","2037-05-15","","105.828125","105.687500",
"2024-11-19","912810PW2","MARKET BASED BOND","4.375%","2038-02-15","","99.484375","99.343750",
"2024-11-19","912810PX0","MARKET BASED BOND","4.500%","2038-05-15","","100.593750","100.437500",
"2024-11-19","912810QA9","MARKET BASED BOND","3.500%","2039-02-15","","89.875000","89.750000",
"2024-11-19","912810QB7","MARKET BASED BOND","4.250%","2039-05-15","","97.390625","97.250000",
"2024-11-19","912810QC5","MARKET BASED BOND","4.500%","2039-08-15","","99.906250","99.781250",
"2024-11-19","912810QD3","MARKET BASED BOND","4.375%","2039-11-15","","98.453125","98.343750",
"2024-11-19","912810QE1","MARKET BASED BOND","4.625%","2040-02-15","","101.078125","100.968750",
"2024-11-19","912810QH4","MARKET BASED BOND","4.375%","2040-05-15","","98.312500","98.187500",
"2024-11-19","912810SR0","MARKET BASED BOND","1.125%","2040-05-15","","61.812500","61.687500",
"2024-11-19","912810SQ2","MARKET BASED BOND","1.125%","2040-08-15","","61.203125","61.093750",
"2024-11-19","912810QK7","MARKET BASED BOND","3.875%","2040-08-15","","92.531250","92.406250",
"2024-11-19","912810QL5","MARKET BASED BOND","4.250%","2040-11-15","","96.671875","96.531250",
"2024-11-19","912810ST6","MARKET BASED BOND","1.375%","2040-11-15","","63.500000","63.375000",
"2024-11-19","912810SW9","MARKET BASED BOND","1.875%","2041-02-15","","68.750000","68.656250",
"2024-11-19","912810QN1","MARKET BASED BOND","4.750%","2041-02-15","","102.375000","102.250000",
"2024-11-19","912810QQ4","MARKET BASED BOND","4.375%","2041-05-15","","97.921875","97.812500",
"2024-11-19","912810SY5","MARKET BASED BOND","2.250%","2041-05-15","","72.765625","72.656250",
"2024-11-19","912810TA6","MARKET BASED BOND","1.750%","2041-08-15","","66.453125","66.343750",
"2024-11-19","912810QS0","MARKET BASED BOND","3.750%","2041-08-15","","90.359375","90.218750",
"2024-11-19","912810QT8","MARKET BASED BOND","3.125%","2041-11-15","","82.750000","82.625000",
"2024-11-19","912810TC2","MARKET BASED BOND","2.000%","2041-11-15","","68.937500","68.843750",
"2024-11-19","912810TF5","MARKET BASED BOND","2.375%","2042-02-15","","73.015625","72.937500",
"2024-11-19","912810QU5","MARKET BASED BOND","3.125%","2042-02-15","","82.328125","82.218750",
"2024-11-19","912810QW1","MARKET BASED BOND","3.000%","2042-05-15","","80.375000","80.281250",
"2024-11-19","912810TH1","MARKET BASED BOND","3.250%","2042-05-15","","83.359375","83.281250",
"2024-11-19","912810TK4","MARKET BASED BOND","3.375%","2042-08-15","","84.625000","84.562500",
"2024-11-19","912810QX9","MARKET BASED BOND","2.750%","2042-08-15","","77.031250","76.937500",
"2024-11-19","912810QY7","MARKET BASED BOND","2.750%","2042-11-15","","76.718750","76.625000",
"2024-11-19","912810TM0","MARKET BASED BOND","4.000%","2042-11-15","","92.281250","92.218750",
"2024-11-19","912810TQ1","MARKET BASED BOND","3.875%","2043-02-15","","90.484375","90.437500",
"2024-11-19","912810QZ4","MARKET BASED BOND","3.125%","2043-02-15","","81.062500","80.968750",
"2024-11-19","912810RB6","MARKET BASED BOND","2.875%","2043-05-15","","77.640625","77.531250",
"2024-11-19","912810TS7","MARKET BASED BOND","3.875%","2043-05-15","","90.328125","90.281250",
"2024-11-19","912810TU2","MARKET BASED BOND","4.375%","2043-08-15","","96.531250","96.500000",
"2024-11-19","912810RC4","MARKET BASED BOND","3.625%","2043-08-15","","86.875000","86.781250",
"2024-11-19","912810RD2","MARKET BASED BOND","3.750%","2043-11-15","","88.281250","88.218750",
"2024-11-19","912810TW8","MARKET BASED BOND","4.750%","2043-11-15","","101.250000","101.218750",
"2024-11-19","912810TZ1","MARKET BASED BOND","4.500%","2044-02-15","","97.937500","97.906250",
"2024-11-19","912810RE0","MARKET BASED BOND","3.625%","2044-02-15","","86.515625","86.437500",
"2024-11-19","912810RG5","MARKET BASED BOND","3.375%","2044-05-15","","83.234375","83.156250",
"2024-11-19","912810UB2","MARKET BASED BOND","4.625%","2044-05-15","","99.500000","99.468750",
"2024-11-19","912810UD8","MARKET BASED BOND","4.125%","2044-08-15","","92.984375","92.968750",
"2024-11-19","912810RH3","MARKET BASED BOND","3.125%","2044-08-15","","79.765625","79.687500",
"2024-11-19","912810RJ9","MARKET BASED BOND","3.000%","2044-11-15","","77.921875","77.843750",
"2024-11-19","912810RK6","MARKET BASED BOND","2.500%","2045-02-15","","71.265625","71.187500",
"2024-11-19","912810RM2","MARKET BASED BOND","3.000%","2045-05-15","","77.609375","77.531250",
"2024-11-19","912810RN0","MARKET BASED BOND","2.875%","2045-08-15","","75.796875","75.718750",
"2024-11-19","912810RP5","MARKET BASED BOND","3.000%","2045-11-15","","77.328125","77.250000",
"2024-11-19","912810RQ3","MARKET BASED BOND","2.500%","2046-02-15","","70.328125","70.250000",
"2024-11-19","912810RS9","MARKET BASED BOND","2.500%","2046-05-15","","70.109375","70.031250",
"2024-11-19","912810RT7","MARKET BASED BOND","2.250%","2046-08-15","","66.484375","66.406250",
"2024-11-19","912810RU4","MARKET BASED BOND","2.875%","2046-11-15","","74.765625","74.687500",
"2024-11-19","912810RV2","MARKET BASED BOND","3.000%","2047-02-15","","76.203125","76.125000",
"2024-11-19","912810RX8","MARKET BASED BOND","3.000%","2047-05-15","","76.062500","76.000000",
"2024-11-19","912810RY6","MARKET BASED BOND","2.750%","2047-08-15","","72.437500","72.375000",
"2024-11-19","912810RZ3","MARKET BASED BOND","2.750%","2047-11-15","","72.281250","72.218750",
"2024-11-19","912810SA7","MARKET BASED BOND","3.000%","2048-02-15","","75.593750","75.531250",
"2024-11-19","912810SC3","MARKET BASED BOND","3.125%","2048-05-15","","77.218750","77.156250",
"2024-11-19","912810SD1","MARKET BASED BOND","3.000%","2048-08-15","","75.328125","75.250000",
"2024-11-19","912810SE9","MARKET BASED BOND","3.375%","2048-11-15","","80.531250","80.468750",
"2024-11-19","912810SF6","MARKET BASED BOND","3.000%","2049-02-15","","75.046875","74.968750",
"2024-11-19","912810SH2","MARKET BASED BOND","2.875%","2049-05-15","","73.156250","73.093750",
"2024-11-19","912810SJ8","MARKET BASED BOND","2.250%","2049-08-15","","64.000000","63.937500",
"2024-11-19","912810SK5","MARKET BASED BOND","2.375%","2049-11-15","","65.671875","65.625000",
"2024-11-19","912810SL3","MARKET BASED BOND","2.000%","2050-02-15","","60.078125","60.000000",
"2024-11-19","912810SN9","MARKET BASED BOND","1.250%","2050-05-15","","49.109375","49.062500",
"2024-11-19","912810SP4","MARKET BASED BOND","1.375%","2050-08-15","","50.609375","50.562500",
"2024-11-19","912810SS8","MARKET BASED BOND","1.625%","2050-11-15","","54.078125","54.031250",
"2024-11-19","912810SU3","MARKET BASED BOND","1.875%","2051-02-15","","57.718750","57.656250",
"2024-11-19","912810SX7","MARKET BASED BOND","2.375%","2051-05-15","","65.109375","65.062500",
"2024-11-19","912810SZ2","MARKET BASED BOND","2.000%","2051-08-15","","59.296875","59.250000",
"2024-11-19","912810TB4","MARKET BASED BOND","1.875%","2051-11-15","","57.296875","57.250000",
"2024-11-19","912810TD0","MARKET BASED BOND","2.250%","2052-02-15","","62.906250","62.875000",
"2024-11-19","912810TG3","MARKET BASED BOND","2.875%","2052-05-15","","72.468750","72.437500",
"2024-11-19","912810TJ7","MARKET BASED BOND","3.000%","2052-08-15","","74.421875","74.375000",
"2024-11-19","912810TL2","MARKET BASED BOND","4.000%","2052-11-15","","90.250000","90.218750",
"2024-11-19","912810TN8","MARKET BASED BOND","3.625%","2053-02-15","","84.218750","84.187500",
"2024-11-19","912810TR9","MARKET BASED BOND","3.625%","2053-05-15","","84.296875","84.281250",
"2024-11-19","912810TT5","MARKET BASED BOND","4.125%","2053-08-15","","92.328125","92.312500",
"2024-11-19","912810TV0","MARKET BASED BOND","4.750%","2053-11-15","","102.468750","102.437500",
"2024-11-19","912810TX6","MARKET BASED BOND","4.250%","2054-02-15","","94.500000","94.468750",
"2024-11-19","912810UA4","MARKET BASED BOND","4.625%","2054-05-15","","100.640625","100.625000",
"2024-11-19","912810UC0","MARKET BASED BOND","4.250%","2054-08-15","","94.609375","94.593750",
"2024-11-19","912810UE6","MARKET BASED BOND","4.500%","2054-11-15","","98.812500","98.812500",
"2024-11-19","912828H45","TIPS","0.250%","2025-01-15","","0.000000","99.437500",
"2024-11-19","912810FR4","TIPS","2.375%","2025-01-15","","0.000000","99.750000",
"2024-11-19","912828ZJ2","TIPS","0.125%","2025-04-15","","0.000000","98.906250",
"2024-11-19","912828XL9","TIPS","0.375%","2025-07-15","","99.093750","99.062500",
"2024-11-19","91282CAQ4","TIPS","0.125%","2025-10-15","","98.531250","98.500000",
"2024-11-19","912828N71","TIPS","0.625%","2026-01-15","","98.406250","98.375000",
"2024-11-19","912810FS2","TIPS","2.000%","2026-01-15","","99.937500","99.906250",
"2024-11-19","91282CCA7","TIPS","0.125%","2026-04-15","","97.421875","97.406250",
"2024-11-19","912828S50","TIPS","0.125%","2026-07-15","","97.531250","97.500000",
"2024-11-19","91282CDC2","TIPS","0.125%","2026-10-15","","97.062500","97.031250",
"2024-11-19","912828V49","TIPS","0.375%","2027-01-15","","96.875000","96.843750",
"2024-11-19","912810PS1","TIPS","2.375%","2027-01-15","","101.140625","101.093750",
"2024-11-19","91282CEJ6","TIPS","0.125%","2027-04-15","","95.875000","95.843750",
"2024-11-19","9128282L3","TIPS","0.375%","2027-07-15","","96.656250","96.625000",
"2024-11-19","91282CFR7","TIPS","1.625%","2027-10-15","","99.812500","99.781250",
"2024-11-19","9128283R9","TIPS","0.500%","2028-01-15","","95.906250","95.875000",
"2024-11-19","912810PV4","TIPS","1.750%","2028-01-15","","99.718750","99.687500",
"2024-11-19","912810FD5","TIPS","3.625%","2028-04-15","","105.625000","105.562500",
"2024-11-19","91282CGW5","TIPS","1.250%","2028-04-15","","97.875000","97.843750",
"2024-11-19","912828Y38","TIPS","0.750%","2028-07-15","","96.562500","96.531250",
"2024-11-19","91282CJH5","TIPS","2.375%","2028-10-15","","102.265625","102.250000",
"2024-11-19","9128285W6","TIPS","0.875%","2029-01-15","","96.046875","96.031250",
"2024-11-19","912810PZ5","TIPS","2.500%","2029-01-15","","102.453125","102.406250",
"2024-11-19","912810FH6","TIPS","3.875%","2029-04-15","","108.093750","108.031250",
"2024-11-19","91282CKL4","TIPS","2.125%","2029-04-15","","100.765625","100.750000",
"2024-11-19","9128287D6","TIPS","0.250%","2029-07-15","","93.125000","93.093750",
"2024-11-19","91282CLV1","TIPS","1.625%","2029-10-15","","98.984375","98.968750",
"2024-11-19","912828Z37","TIPS","0.125%","2030-01-15","","91.375000","91.343750",
"2024-11-19","912828ZZ6","TIPS","0.125%","2030-07-15","","90.812500","90.781250",
"2024-11-19","91282CBF7","TIPS","0.125%","2031-01-15","","89.562500","89.531250",
"2024-11-19","91282CCM1","TIPS","0.125%","2031-07-15","","88.968750","88.937500",
"2024-11-19","91282CDX6","TIPS","0.125%","2032-01-15","","87.781250","87.750000",
"2024-11-19","912810FQ6","TIPS","3.375%","2032-04-15","","109.828125","109.750000",
"2024-11-19","91282CEZ0","TIPS","0.625%","2032-07-15","","90.656250","90.625000",
"2024-11-19","91282CGK1","TIPS","1.125%","2033-01-15","","93.312500","93.281250",
"2024-11-19","91282CHP9","TIPS","1.375%","2033-07-15","","94.984375","94.968750",
"2024-11-19","91282CJY8","TIPS","1.750%","2034-01-15","","97.359375","97.343750",
"2024-11-19","91282CLE9","TIPS","1.875%","2034-07-15","","98.484375","98.468750",
"2024-11-19","912810QF8","TIPS","2.125%","2040-02-15","","99.296875","99.187500",
"2024-11-19","912810QP6","TIPS","2.125%","2041-02-15","","99.312500","99.218750",
"2024-11-19","912810QV3","TIPS","0.750%","2042-02-15","","78.984375","78.875000",
"2024-11-19","912810RA8","TIPS","0.625%","2043-02-15","","75.718750","75.625000",
"2024-11-19","912810RF7","TIPS","1.375%","2044-02-15","","86.109375","86.000000",
"2024-11-19","912810RL4","TIPS","0.750%","2045-02-15","","75.125000","75.031250",
"2024-11-19","912810RR1","TIPS","1.000%","2046-02-15","","78.125000","78.031250",
"2024-11-19","912810RW0","TIPS","0.875%","2047-02-15","","75.265625","75.156250",
"2024-11-19","912810SB5","TIPS","1.000%","2048-02-15","","76.718750","76.625000",
"2024-11-19","912810SG4","TIPS","1.000%","2049-02-15","","76.031250","75.937500",
"2024-11-19","912810SM1","TIPS","0.250%","2050-02-15","","61.109375","61.031250",
"2024-11-19","912810SV1","TIPS","0.125%","2051-02-15","","57.937500","57.843750",
"2024-11-19","912810TE8","TIPS","0.125%","2052-02-15","","57.203125","57.125000",
"2024-11-19","912810TP3","TIPS","1.500%","2053-02-15","","83.937500","83.875000",
"2024-11-19","912810TY4","TIPS","2.125%","2054-02-15","","96.781250","96.750000",
"2024-11-19","91282CGF2","MARKET BASED FRN","4.748%","2025-01-31","","0.000000","99.999075",
"2024-11-19","91282CGY1","MARKET BASED FRN","4.716%","2025-04-30","","99.996626","99.987258",
"2024-11-19","91282CHS3","MARKET BASED FRN","4.672%","2025-07-31","","99.965833","99.949491",
"2024-11-19","91282CJD4","MARKET BASED FRN","4.717%","2025-10-31","","99.996454","99.974301",
"2024-11-19","91282CJU6","MARKET BASED FRN","4.794%","2026-01-31","","100.088561","100.059184",
"2024-11-19","91282CKM2","MARKET BASED FRN","4.697%","2026-04-30","","99.962506","99.931593",
"2024-11-19","91282CLA7","MARKET BASED FRN","4.729%","2026-07-31","","100.013205","99.980371",
"2024-11-19","91282CLT6","MARKET BASED FRN","4.753%","2026-10-31","","100.063211","100.025698",
