asOfDate, cusip, securitytype, rate, maturitydate, calldate, buy, sell, endofday, key
"2026-08-03","912797US4","MARKET BASED BILL","0.00000","2026-08-04","","0.000000","99.990028","100.00000","2026-08-04-0.00000"
"2026-08-03","912797RG4","MARKET BASED BILL","0.00000","2026-08-06","","0.000000","99.969833","99.98000","2026-08-06-0.00000"
"2026-08-03","912797UT2","MARKET BASED BILL","0.00000","2026-08-11","","99.920000","99.919778","99.93000","2026-08-11-0.00000"
"2026-08-03","912797TW7","MARKET BASED BILL","0.00000","2026-08-13","","99.900417","99.900278","99.91025","2026-08-13-0.00000"
"2026-08-03","912797UU9","MARKET BASED BILL","0.00000","2026-08-18","","99.849583","99.849167","99.85961","2026-08-18-0.00000"
"2026-08-03","912797TX5","MARKET BASED BILL","0.00000","2026-08-20","","99.830000","99.829528","99.83956","2026-08-20-0.00000"
"2026-08-03","912797UV7","MARKET BASED BILL","0.00000","2026-08-25","","99.779694","99.779389","99.79000","2026-08-25-0.00000"
"2026-08-03","912797TY3","MARKET BASED BILL","0.00000","2026-08-27","","99.759000","99.758667","99.76872","2026-08-27-0.00000"
"2026-08-03","912797UW5","MARKET BASED BILL","0.00000","2026-09-01","","99.707181","99.706778","99.71689","2026-09-01-0.00000"
"2026-08-03","912797RS8","MARKET BASED BILL","0.00000","2026-09-03","","99.688708","99.688278","99.69750","2026-09-03-0.00000"
"2026-08-03","912797VB0","MARKET BASED BILL","0.00000","2026-09-08","","99.638000","99.637000","99.64806","2026-09-08-0.00000"
"2026-08-03","912797UF2","MARKET BASED BILL","0.00000","2026-09-10","","99.617361","99.616833","99.62692","2026-09-10-0.00000"
"2026-08-03","912797VC8","MARKET BASED BILL","0.00000","2026-09-15","","99.567611","99.566417","99.57650","2026-09-15-0.00000"
"2026-08-03","912797UG0","MARKET BASED BILL","0.00000","2026-09-17","","99.545000","99.543750","99.55389","2026-09-17-0.00000"
"2026-08-03","912797VD6","MARKET BASED BILL","0.00000","2026-09-22","","99.489583","99.488889","99.49911","2026-09-22-0.00000"
"2026-08-03","912797UH8","MARKET BASED BILL","0.00000","2026-09-24","","99.466278","99.465556","99.47583","2026-09-24-0.00000"
"2026-08-03","912797VE4","MARKET BASED BILL","0.00000","2026-09-29","","99.414958","99.414167","99.42289","2026-09-29-0.00000"
"2026-08-03","912797SA6","MARKET BASED BILL","0.00000","2026-10-01","","99.398528","99.396889","99.40389","2026-10-01-0.00000"
"2026-08-03","912797VK0","MARKET BASED BILL","0.00000","2026-10-06","","99.347556","99.345778","99.35425","2026-10-06-0.00000"
"2026-08-03","912797UJ4","MARKET BASED BILL","0.00000","2026-10-08","","99.328083","99.327167","99.33375","2026-10-08-0.00000"
"2026-08-03","912797VL8","MARKET BASED BILL","0.00000","2026-10-13","","99.278167","99.276194","99.28250","2026-10-13-0.00000"
"2026-08-03","912797UK1","MARKET BASED BILL","0.00000","2026-10-15","","99.253778","99.251750","99.26000","2026-10-15-0.00000"
"2026-08-03","912797VM6","MARKET BASED BILL","0.00000","2026-10-20","","99.202667","99.200500","99.21075","2026-10-20-0.00000"
"2026-08-03","912797UL9","MARKET BASED BILL","0.00000","2026-10-22","","99.181111","99.180000","99.18806","2026-10-22-0.00000"
"2026-08-03","912797VN4","MARKET BASED BILL","0.00000","2026-10-27","","99.131111","99.128750","99.13667","2026-10-27-0.00000"
"2026-08-03","912797SK4","MARKET BASED BILL","0.00000","2026-10-29","","99.107042","99.105833","99.11372","2026-10-29-0.00000"
"2026-08-03","912797VP9","MARKET BASED BILL","0.00000","2026-11-03","","99.054444","99.051889","99.05967","2026-11-03-0.00000"
"2026-08-03","912797UM7","MARKET BASED BILL","0.00000","2026-11-05","","99.029972","99.026056","99.03383","2026-11-05-0.00000"
"2026-08-03","912797VW4","MARKET BASED BILL","0.00000","2026-11-10","","98.981125","98.979750","98.99006","2026-11-10-0.00000"
"2026-08-03","912797UY1","MARKET BASED BILL","0.00000","2026-11-12","","98.956333","98.953528","98.96389","2026-11-12-0.00000"
"2026-08-03","912797VX2","MARKET BASED BILL","0.00000","2026-11-17","","98.900250","98.898778","98.90625","2026-11-17-0.00000"
"2026-08-03","912797UZ8","MARKET BASED BILL","0.00000","2026-11-19","","98.884000","98.881000","98.89136","2026-11-19-0.00000"
"2026-08-03","912797VY0","MARKET BASED BILL","0.00000","2026-11-24","","98.818208","98.816639","98.82400","2026-11-24-0.00000"
"2026-08-03","912797SU2","MARKET BASED BILL","0.00000","2026-11-27","","98.790056","98.785222","98.79569","2026-11-27-0.00000"
"2026-08-03","912797VA2","MARKET BASED BILL","0.00000","2026-12-03","","98.725778","98.722389","98.72950","2026-12-03-0.00000"
"2026-08-03","912797VG9","MARKET BASED BILL","0.00000","2026-12-10","","98.652667","98.649083","98.65956","2026-12-10-0.00000"
"2026-08-03","912797VH7","MARKET BASED BILL","0.00000","2026-12-17","","98.583333","98.579556","98.59000","2026-12-17-0.00000"
"2026-08-03","912797TC1","MARKET BASED BILL","0.00000","2026-12-24","","98.486583","98.482611","98.49322","2026-12-24-0.00000"
"2026-08-03","912797VJ3","MARKET BASED BILL","0.00000","2026-12-31","","98.410417","98.408333","98.41481","2026-12-31-0.00000"
"2026-08-03","912797VS3","MARKET BASED BILL","0.00000","2027-01-07","","98.347139","98.342778","98.35767","2027-01-07-0.00000"
"2026-08-03","912797VT1","MARKET BASED BILL","0.00000","2027-01-14","","98.273444","98.268889","98.27944","2027-01-14-0.00000"
"2026-08-03","912797TM9","MARKET BASED BILL","0.00000","2027-01-21","","98.185500","98.180750","98.19139","2027-01-21-0.00000"
"2026-08-03","912797VU8","MARKET BASED BILL","0.00000","2027-01-28","","98.108750","98.106278","98.11692","2027-01-28-0.00000"
"2026-08-03","912797TV9","MARKET BASED BILL","0.00000","2027-02-18","","97.929847","97.921556","97.93200","2027-02-18-0.00000"
"2026-08-03","912797UD7","MARKET BASED BILL","0.00000","2027-03-18","","97.641722","97.629111","97.62072","2027-03-18-0.00000"
"2026-08-03","912797UE5","MARKET BASED BILL","0.00000","2027-04-15","","97.322500","97.315417","97.31889","2027-04-15-0.00000"
"2026-08-03","912797UX3","MARKET BASED BILL","0.00000","2027-05-13","","97.028500","97.020639","97.03117","2027-05-13-0.00000"
"2026-08-03","912797VF1","MARKET BASED BILL","0.00000","2027-06-10","","96.691306","96.682667","96.70194","2027-06-10-0.00000"
"2026-08-03","912797VQ7","MARKET BASED BILL","0.00000","2027-07-08","","96.351042","96.346333","96.34772","2027-07-08-0.00000"
"2026-08-03","9128282A7","MARKET BASED NOTE","0.01500","2026-08-15","","0.000000","99.906250","99.90625","2026-08-15-0.01500"
"2026-08-03","91282CHU8","MARKET BASED NOTE","0.04375","2026-08-15","","0.000000","100.000000","100.00000","2026-08-15-0.04375"
"2026-08-03","91282CCW9","MARKET BASED NOTE","0.00750","2026-08-31","","0.000000","99.781250","99.78125","2026-08-31-0.00750"
"2026-08-03","912828YD6","MARKET BASED NOTE","0.01375","2026-08-31","","0.000000","99.812500","99.81250","2026-08-31-0.01375"
"2026-08-03","91282CLH2","MARKET BASED NOTE","0.03750","2026-08-31","","0.000000","100.000000","100.00000","2026-08-31-0.03750"
"2026-08-03","91282CHY0","MARKET BASED NOTE","0.04625","2026-09-15","","0.000000","100.093750","100.09375","2026-09-15-0.04625"
"2026-08-03","91282CLP4","MARKET BASED NOTE","0.03500","2026-09-30","","0.000000","99.937500","99.93750","2026-09-30-0.03500"
"2026-08-03","912828YG9","MARKET BASED NOTE","0.01625","2026-09-30","","0.000000","99.656250","99.65625","2026-09-30-0.01625"
"2026-08-03","91282CCZ2","MARKET BASED NOTE","0.00875","2026-09-30","","0.000000","99.531250","99.53125","2026-09-30-0.00875"
"2026-08-03","91282CJC6","MARKET BASED NOTE","0.04625","2026-10-15","","0.000000","100.156250","100.15625","2026-10-15-0.04625"
"2026-08-03","91282CLS8","MARKET BASED NOTE","0.04125","2026-10-31","","0.000000","100.031250","100.03125","2026-10-31-0.04125"
"2026-08-03","91282CDG3","MARKET BASED NOTE","0.01125","2026-10-31","","0.000000","99.343750","99.34375","2026-10-31-0.01125"
"2026-08-03","912828YQ7","MARKET BASED NOTE","0.01625","2026-10-31","","0.000000","99.468750","99.43750","2026-10-31-0.01625"
"2026-08-03","912828U24","MARKET BASED NOTE","0.02000","2026-11-15","","0.000000","99.468750","99.46875","2026-11-15-0.02000"
"2026-08-03","91282CJK8","MARKET BASED NOTE","0.04625","2026-11-15","","0.000000","100.187500","100.18750","2026-11-15-0.04625"
"2026-08-03","91282CLY5","MARKET BASED NOTE","0.04250","2026-11-30","","0.000000","100.093750","100.09375","2026-11-30-0.04250"
"2026-08-03","912828YU8","MARKET BASED NOTE","0.01625","2026-11-30","","0.000000","99.281250","99.28125","2026-11-30-0.01625"
"2026-08-03","91282CDK4","MARKET BASED NOTE","0.01250","2026-11-30","","0.000000","99.156250","99.15625","2026-11-30-0.01250"
"2026-08-03","91282CJP7","MARKET BASED NOTE","0.04375","2026-12-15","","0.000000","100.187500","100.18750","2026-12-15-0.04375"
"2026-08-03","91282CME8","MARKET BASED NOTE","0.04250","2026-12-31","","0.000000","100.125000","100.12500","2026-12-31-0.04250"
"2026-08-03","91282CDQ1","MARKET BASED NOTE","0.01250","2026-12-31","","0.000000","98.906250","98.90625","2026-12-31-0.01250"
"2026-08-03","912828YX2","MARKET BASED NOTE","0.01750","2026-12-31","","0.000000","99.125000","99.12500","2026-12-31-0.01750"
"2026-08-03","91282CJT9","MARKET BASED NOTE","0.04000","2027-01-15","","0.000000","100.031250","100.03125","2027-01-15-0.04000"
"2026-08-03","91282CMH1","MARKET BASED NOTE","0.04125","2027-01-31","","0.000000","100.062500","100.06250","2027-01-31-0.04125"
"2026-08-03","912828Z78","MARKET BASED NOTE","0.01500","2027-01-31","","0.000000","98.781250","98.78125","2027-01-31-0.01500"
"2026-08-03","912828V98","MARKET BASED NOTE","0.02250","2027-02-15","","99.109375","99.093750","99.09375","2027-02-15-0.02250"
"2026-08-03","91282CKA8","MARKET BASED NOTE","0.04125","2027-02-15","","100.078125","100.062500","100.06250","2027-02-15-0.04125"
"2026-08-03","91282CMP3","MARKET BASED NOTE","0.04125","2027-02-28","","100.078125","100.062500","100.06250","2027-02-28-0.04125"
"2026-08-03","912828ZB9","MARKET BASED NOTE","0.01125","2027-02-28","","98.406250","98.406250","98.40625","2027-02-28-0.01125"
"2026-08-03","91282CEC1","MARKET BASED NOTE","0.01875","2027-02-28","","98.812500","98.812500","98.81250","2027-02-28-0.01875"
"2026-08-03","91282CKE0","MARKET BASED NOTE","0.04250","2027-03-15","","100.171875","100.156250","100.15625","2027-03-15-0.04250"
"2026-08-03","91282CMV0","MARKET BASED NOTE","0.03875","2027-03-31","","99.921875","99.906250","99.90625","2027-03-31-0.03875"
"2026-08-03","91282CEF4","MARKET BASED NOTE","0.02500","2027-03-31","","99.031250","99.031250","99.03125","2027-03-31-0.02500"
"2026-08-03","912828ZE3","MARKET BASED NOTE","0.00625","2027-03-31","","97.843750","97.843750","97.84375","2027-03-31-0.00625"
"2026-08-03","91282CKJ9","MARKET BASED NOTE","0.04500","2027-04-15","","100.312500","100.312500","100.28125","2027-04-15-0.04500"
"2026-08-03","91282CMY4","MARKET BASED NOTE","0.03750","2027-04-30","","99.765625","99.750000","99.75000","2027-04-30-0.03750"
"2026-08-03","912828ZN3","MARKET BASED NOTE","0.00500","2027-04-30","","97.437500","97.437500","97.43750","2027-04-30-0.00500"
"2026-08-03","91282CEN7","MARKET BASED NOTE","0.02750","2027-04-30","","99.046875","99.031250","99.03125","2027-04-30-0.02750"
"2026-08-03","912828X88","MARKET BASED NOTE","0.02375","2027-05-15","","98.687500","98.687500","98.68750","2027-05-15-0.02375"
"2026-08-03","91282CKR1","MARKET BASED NOTE","0.04500","2027-05-15","","100.296875","100.281250","100.31250","2027-05-15-0.04500"
"2026-08-03","91282CNE7","MARKET BASED NOTE","0.03875","2027-05-31","","99.812500","99.812500","99.81250","2027-05-31-0.03875"
"2026-08-03","912828ZS2","MARKET BASED NOTE","0.00500","2027-05-31","","97.109375","97.093750","97.09375","2027-05-31-0.00500"
"2026-08-03","91282CET4","MARKET BASED NOTE","0.02625","2027-05-31","","98.812500","98.812500","98.81250","2027-05-31-0.02625"
"2026-08-03","91282CKV2","MARKET BASED NOTE","0.04625","2027-06-15","","100.437500","100.437500","100.40625","2027-06-15-0.04625"
"2026-08-03","91282CNL1","MARKET BASED NOTE","0.03750","2027-06-30","","99.671875","99.656250","99.65625","2027-06-30-0.03750"
"2026-08-03","91282CEW7","MARKET BASED NOTE","0.03250","2027-06-30","","99.234375","99.218750","99.21875","2027-06-30-0.03250"
"2026-08-03","912828ZV5","MARKET BASED NOTE","0.00500","2027-06-30","","96.828125","96.812500","96.81250","2027-06-30-0.00500"
"2026-08-03","91282CKZ3","MARKET BASED NOTE","0.04375","2027-07-15","","100.218750","100.218750","100.21875","2027-07-15-0.04375"
"2026-08-03","91282CNP2","MARKET BASED NOTE","0.03875","2027-07-31","","99.718750","99.718750","99.71875","2027-07-31-0.03875"
"2026-08-03","91282CAD3","MARKET BASED NOTE","0.00375","2027-07-31","","96.359375","96.343750","96.34375","2027-07-31-0.00375"
"2026-08-03","91282CFB2","MARKET BASED NOTE","0.02750","2027-07-31","","98.640625","98.625000","98.62500","2027-07-31-0.02750"
"2026-08-03","9128282R0","MARKET BASED NOTE","0.02250","2027-08-15","","98.078125","98.062500","98.06250","2027-08-15-0.02250"
"2026-08-03","91282CLG4","MARKET BASED NOTE","0.03750","2027-08-15","","99.578125","99.562500","99.56250","2027-08-15-0.03750"
"2026-08-03","91282CNV9","MARKET BASED NOTE","0.03625","2027-08-31","","99.421875","99.406250","99.40625","2027-08-31-0.03625"
"2026-08-03","91282CAH4","MARKET BASED NOTE","0.00500","2027-08-31","","96.187500","96.187500","96.15625","2027-08-31-0.00500"
"2026-08-03","91282CFH9","MARKET BASED NOTE","0.03125","2027-08-31","","98.921875","98.906250","98.87500","2027-08-31-0.03125"
"2026-08-03","91282CLL3","MARKET BASED NOTE","0.03375","2027-09-15","","99.140625","99.125000","99.12500","2027-09-15-0.03375"
"2026-08-03","91282CPB1","MARKET BASED NOTE","0.03500","2027-09-30","","99.234375","99.218750","99.21875","2027-09-30-0.03500"
"2026-08-03","91282CFM8","MARKET BASED NOTE","0.04125","2027-09-30","","99.921875","99.906250","99.90625","2027-09-30-0.04125"
"2026-08-03","91282CAL5","MARKET BASED NOTE","0.00375","2027-09-30","","95.750000","95.750000","95.71875","2027-09-30-0.00375"
"2026-08-03","91282CLQ2","MARKET BASED NOTE","0.03875","2027-10-15","","99.640625","99.625000","99.62500","2027-10-15-0.03875"
"2026-08-03","91282CPE5","MARKET BASED NOTE","0.03500","2027-10-31","","99.156250","99.156250","99.15625","2027-10-31-0.03500"
"2026-08-03","91282CAU5","MARKET BASED NOTE","0.00500","2027-10-31","","95.578125","95.562500","95.56250","2027-10-31-0.00500"
"2026-08-03","91282CFU0","MARKET BASED NOTE","0.04125","2027-10-31","","99.921875","99.906250","99.90625","2027-10-31-0.04125"
"2026-08-03","9128283F5","MARKET BASED NOTE","0.02250","2027-11-15","","97.578125","97.562500","97.56250","2027-11-15-0.02250"
"2026-08-03","91282CLX7","MARKET BASED NOTE","0.04125","2027-11-15","","99.890625","99.875000","99.87500","2027-11-15-0.04125"
"2026-08-03","91282CPL9","MARKET BASED NOTE","0.03375","2027-11-30","","98.937500","98.937500","98.93750","2027-11-30-0.03375"
"2026-08-03","91282CAY7","MARKET BASED NOTE","0.00625","2027-11-30","","95.453125","95.437500","95.43750","2027-11-30-0.00625"
"2026-08-03","91282CFZ9","MARKET BASED NOTE","0.03875","2027-11-30","","99.578125","99.562500","99.56250","2027-11-30-0.03875"
"2026-08-03","91282CMB4","MARKET BASED NOTE","0.04000","2027-12-15","","99.718750","99.718750","99.71875","2027-12-15-0.04000"
"2026-08-03","91282CPS4","MARKET BASED NOTE","0.03375","2027-12-31","","98.843750","98.843750","98.84375","2027-12-31-0.03375"
"2026-08-03","91282CGC9","MARKET BASED NOTE","0.03875","2027-12-31","","99.531250","99.531250","99.50000","2027-12-31-0.03875"
"2026-08-03","91282CBB6","MARKET BASED NOTE","0.00625","2027-12-31","","95.140625","95.125000","95.12500","2027-12-31-0.00625"
"2026-08-03","91282CMF5","MARKET BASED NOTE","0.04250","2028-01-15","","100.031250","100.031250","100.03125","2028-01-15-0.04250"
"2026-08-03","91282CBJ9","MARKET BASED NOTE","0.00750","2028-01-31","","95.015625","95.000000","95.00000","2028-01-31-0.00750"
"2026-08-03","91282CGH8","MARKET BASED NOTE","0.03500","2028-01-31","","98.953125","98.937500","98.93750","2028-01-31-0.03500"
"2026-08-03","9128283W8","MARKET BASED NOTE","0.02750","2028-02-15","","97.812500","97.812500","97.81250","2028-02-15-0.02750"
"2026-08-03","91282CMN8","MARKET BASED NOTE","0.04250","2028-02-15","","100.015625","100.000000","100.00000","2028-02-15-0.04250"
"2026-08-03","91282CQB0","MARKET BASED NOTE","0.03375","2028-02-29","","98.718750","98.718750","98.71875","2028-02-29-0.03375"
"2026-08-03","91282CBP5","MARKET BASED NOTE","0.01125","2028-02-29","","95.312500","95.312500","95.31250","2028-02-29-0.01125"
"2026-08-03","91282CGP0","MARKET BASED NOTE","0.04000","2028-02-29","","99.656250","99.656250","99.65625","2028-02-29-0.04000"
"2026-08-03","91282CMS7","MARKET BASED NOTE","0.03875","2028-03-15","","99.453125","99.437500","99.43750","2028-03-15-0.03875"
"2026-08-03","91282CQH7","MARKET BASED NOTE","0.03875","2028-03-31","","99.421875","99.406250","99.40625","2028-03-31-0.03875"
"2026-08-03","91282CGT2","MARKET BASED NOTE","0.03625","2028-03-31","","99.015625","99.000000","99.00000","2028-03-31-0.03625"
"2026-08-03","91282CBS9","MARKET BASED NOTE","0.01250","2028-03-31","","95.250000","95.250000","95.25000","2028-03-31-0.01250"
"2026-08-03","91282CMW8","MARKET BASED NOTE","0.03750","2028-04-15","","99.187500","99.187500","99.18750","2028-04-15-0.03750"
"2026-08-03","91282CQL8","MARKET BASED NOTE","0.03750","2028-04-30","","99.187500","99.187500","99.18750","2028-04-30-0.03750"
"2026-08-03","91282CBZ3","MARKET BASED NOTE","0.01250","2028-04-30","","95.015625","95.000000","95.00000","2028-04-30-0.01250"
"2026-08-03","91282CHA2","MARKET BASED NOTE","0.03500","2028-04-30","","98.750000","98.750000","98.75000","2028-04-30-0.03500"
"2026-08-03","9128284N7","MARKET BASED NOTE","0.02875","2028-05-15","","97.671875","97.656250","97.65625","2028-05-15-0.02875"
"2026-08-03","91282CND9","MARKET BASED NOTE","0.03750","2028-05-15","","99.156250","99.156250","99.12500","2028-05-15-0.03750"
"2026-08-03","91282CQS3","MARKET BASED NOTE","0.04000","2028-05-31","","99.562500","99.562500","99.56250","2028-05-31-0.04000"
"2026-08-03","91282CHE4","MARKET BASED NOTE","0.03625","2028-05-31","","98.906250","98.906250","98.90625","2028-05-31-0.03625"
"2026-08-03","91282CCE9","MARKET BASED NOTE","0.01250","2028-05-31","","94.781250","94.781250","94.78125","2028-05-31-0.01250"
"2026-08-03","91282CNH0","MARKET BASED NOTE","0.03875","2028-06-15","","99.328125","99.312500","99.31250","2028-06-15-0.03875"
"2026-08-03","91282CQY0","MARKET BASED NOTE","0.04125","2028-06-30","","99.765625","99.750000","99.75000","2028-06-30-0.04125"
"2026-08-03","91282CCH2","MARKET BASED NOTE","0.01250","2028-06-30","","94.546875","94.531250","94.53125","2028-06-30-0.01250"
"2026-08-03","91282CHK0","MARKET BASED NOTE","0.04000","2028-06-30","","99.531250","99.531250","99.53125","2028-06-30-0.04000"
"2026-08-03","91282CNM9","MARKET BASED NOTE","0.03875","2028-07-15","","99.281250","99.281250","99.28125","2028-07-15-0.03875"
"2026-08-03","91282CRB9","MARKET BASED NOTE","0.04250","2028-07-31","","100.000000","100.000000","100.00000","2028-07-31-0.04250"
"2026-08-03","91282CHQ7","MARKET BASED NOTE","0.04125","2028-07-31","","99.750000","99.750000","99.75000","2028-07-31-0.04125"
"2026-08-03","91282CCR0","MARKET BASED NOTE","0.01000","2028-07-31","","93.828125","93.812500","93.81250","2028-07-31-0.01000"
"2026-08-03","9128284V9","MARKET BASED NOTE","0.02875","2028-08-15","","97.328125","97.312500","97.31250","2028-08-15-0.02875"
"2026-08-03","91282CNU1","MARKET BASED NOTE","0.03625","2028-08-15","","98.765625","98.750000","98.75000","2028-08-15-0.03625"
"2026-08-03","91282CCV1","MARKET BASED NOTE","0.01125","2028-08-31","","93.828125","93.812500","93.81250","2028-08-31-0.01125"
"2026-08-03","91282CHX2","MARKET BASED NOTE","0.04375","2028-08-31","","100.203125","100.187500","100.21875","2028-08-31-0.04375"
"2026-08-03","91282CNY3","MARKET BASED NOTE","0.03375","2028-09-15","","98.203125","98.187500","98.18750","2028-09-15-0.03375"
"2026-08-03","91282CJA0","MARKET BASED NOTE","0.04625","2028-09-30","","100.703125","100.687500","100.68750","2028-09-30-0.04625"
"2026-08-03","91282CCY5","MARKET BASED NOTE","0.01250","2028-09-30","","93.812500","93.812500","93.81250","2028-09-30-0.01250"
"2026-08-03","91282CPC9","MARKET BASED NOTE","0.03500","2028-10-15","","98.359375","98.343750","98.34375","2028-10-15-0.03500"
"2026-08-03","91282CJF9","MARKET BASED NOTE","0.04875","2028-10-31","","101.234375","101.218750","101.21875","2028-10-31-0.04875"
"2026-08-03","91282CDF5","MARKET BASED NOTE","0.01375","2028-10-31","","93.828125","93.812500","93.81250","2028-10-31-0.01375"
"2026-08-03","9128285M8","MARKET BASED NOTE","0.03125","2028-11-15","","97.500000","97.468750","97.46875","2028-11-15-0.03125"
"2026-08-03","91282CPK1","MARKET BASED NOTE","0.03500","2028-11-15","","98.296875","98.281250","98.28125","2028-11-15-0.03500"
"2026-08-03","91282CJN2","MARKET BASED NOTE","0.04375","2028-11-30","","100.171875","100.156250","100.15625","2028-11-30-0.04375"
"2026-08-03","91282CDL2","MARKET BASED NOTE","0.01500","2028-11-30","","93.890625","93.875000","93.87500","2028-11-30-0.01500"
"2026-08-03","91282CPP0","MARKET BASED NOTE","0.03500","2028-12-15","","98.234375","98.218750","98.21875","2028-12-15-0.03500"
"2026-08-03","91282CJR3","MARKET BASED NOTE","0.03750","2028-12-31","","98.765625","98.750000","98.75000","2028-12-31-0.03750"
"2026-08-03","91282CDP3","MARKET BASED NOTE","0.01375","2028-12-31","","93.390625","93.375000","93.37500","2028-12-31-0.01375"
"2026-08-03","91282CPT2","MARKET BASED NOTE","0.03500","2029-01-15","","98.156250","98.156250","98.15625","2029-01-15-0.03500"
"2026-08-03","91282CJW2","MARKET BASED NOTE","0.04000","2029-01-31","","99.296875","99.281250","99.28125","2029-01-31-0.04000"
"2026-08-03","91282CDW8","MARKET BASED NOTE","0.01750","2029-01-31","","94.031250","94.031250","94.03125","2029-01-31-0.01750"
"2026-08-03","9128286B1","MARKET BASED NOTE","0.02625","2029-02-15","","96.015625","96.000000","96.00000","2029-02-15-0.02625"
"2026-08-03","91282CQA2","MARKET BASED NOTE","0.03500","2029-02-15","","98.078125","98.062500","98.09375","2029-02-15-0.03500"
"2026-08-03","91282CKD2","MARKET BASED NOTE","0.04250","2029-02-28","","99.890625","99.875000","99.87500","2029-02-28-0.04250"
"2026-08-03","91282CEB3","MARKET BASED NOTE","0.01875","2029-02-28","","94.140625","94.125000","94.12500","2029-02-28-0.01875"
"2026-08-03","91282CQE4","MARKET BASED NOTE","0.03500","2029-03-15","","98.031250","98.031250","98.03125","2029-03-15-0.03500"
"2026-08-03","91282CKG5","MARKET BASED NOTE","0.04125","2029-03-31","","99.546875","99.531250","99.53125","2029-03-31-0.04125"
"2026-08-03","91282CEE7","MARKET BASED NOTE","0.02375","2029-03-31","","95.203125","95.187500","95.18750","2029-03-31-0.02375"
"2026-08-03","91282CQJ3","MARKET BASED NOTE","0.03875","2029-04-15","","98.906250","98.906250","98.90625","2029-04-15-0.03875"
"2026-08-03","91282CKP5","MARKET BASED NOTE","0.04625","2029-04-30","","100.796875","100.781250","100.78125","2029-04-30-0.04625"
"2026-08-03","91282CEM9","MARKET BASED NOTE","0.02875","2029-04-30","","96.328125","96.312500","96.31250","2029-04-30-0.02875"
"2026-08-03","9128286T2","MARKET BASED NOTE","0.02375","2029-05-15","","94.984375","94.968750","94.96875","2029-05-15-0.02375"
"2026-08-03","91282CQR5","MARKET BASED NOTE","0.03875","2029-05-15","","98.875000","98.875000","98.87500","2029-05-15-0.03875"
"2026-08-03","91282CKT7","MARKET BASED NOTE","0.04500","2029-05-31","","100.484375","100.468750","100.46875","2029-05-31-0.04500"
"2026-08-03","91282CES6","MARKET BASED NOTE","0.02750","2029-05-31","","95.890625","95.875000","95.87500","2029-05-31-0.02750"
"2026-08-03","91282CQV6","MARKET BASED NOTE","0.04125","2029-06-15","","99.500000","99.500000","99.50000","2029-06-15-0.04125"
"2026-08-03","91282CKX8","MARKET BASED NOTE","0.04250","2029-06-30","","99.796875","99.781250","99.81250","2029-06-30-0.04250"
"2026-08-03","91282CEV9","MARKET BASED NOTE","0.03250","2029-06-30","","97.109375","97.093750","97.09375","2029-06-30-0.03250"
"2026-08-03","91282CQZ7","MARKET BASED NOTE","0.04125","2029-07-15","","99.484375","99.468750","99.46875","2029-07-15-0.04125"
"2026-08-03","91282CLC3","MARKET BASED NOTE","0.04000","2029-07-31","","99.109375","99.093750","99.09375","2029-07-31-0.04000"
"2026-08-03","91282CFC0","MARKET BASED NOTE","0.02625","2029-07-31","","95.296875","95.281250","95.28125","2029-07-31-0.02625"
"2026-08-03","912828YB0","MARKET BASED NOTE","0.01625","2029-08-15","","92.468750","92.437500","92.46875","2029-08-15-0.01625"
"2026-08-03","91282CFJ5","MARKET BASED NOTE","0.03125","2029-08-31","","96.578125","96.562500","96.56250","2029-08-31-0.03125"
"2026-08-03","91282CLK5","MARKET BASED NOTE","0.03625","2029-08-31","","98.000000","98.000000","98.00000","2029-08-31-0.03625"
"2026-08-03","91282CLN9","MARKET BASED NOTE","0.03500","2029-09-30","","97.578125","97.562500","97.56250","2029-09-30-0.03500"
"2026-08-03","91282CFL0","MARKET BASED NOTE","0.03875","2029-09-30","","98.671875","98.656250","98.65625","2029-09-30-0.03875"
"2026-08-03","91282CFT3","MARKET BASED NOTE","0.04000","2029-10-31","","98.984375","98.968750","98.96875","2029-10-31-0.04000"
"2026-08-03","91282CLR0","MARKET BASED NOTE","0.04125","2029-10-31","","99.359375","99.343750","99.34375","2029-10-31-0.04125"
"2026-08-03","912828YS3","MARKET BASED NOTE","0.01750","2029-11-15","","92.203125","92.187500","92.18750","2029-11-15-0.01750"
"2026-08-03","91282CFY2","MARKET BASED NOTE","0.03875","2029-11-30","","98.578125","98.562500","98.56250","2029-11-30-0.03875"
"2026-08-03","91282CMA6","MARKET BASED NOTE","0.04125","2029-11-30","","99.328125","99.312500","99.34375","2029-11-30-0.04125"
"2026-08-03","91282CMD0","MARKET BASED NOTE","0.04375","2029-12-31","","100.109375","100.093750","100.09375","2029-12-31-0.04375"
"2026-08-03","91282CGB1","MARKET BASED NOTE","0.03875","2029-12-31","","98.515625","98.500000","98.50000","2029-12-31-0.03875"
"2026-08-03","91282CGJ4","MARKET BASED NOTE","0.03500","2030-01-31","","97.265625","97.250000","97.25000","2030-01-31-0.03500"
"2026-08-03","91282CMG3","MARKET BASED NOTE","0.04250","2030-01-31","","99.671875","99.656250","99.65625","2030-01-31-0.04250"
"2026-08-03","912828Z94","MARKET BASED NOTE","0.01500","2030-02-15","","90.796875","90.781250","90.78125","2030-02-15-0.01500"
"2026-08-03","91282CGQ8","MARKET BASED NOTE","0.04000","2030-02-28","","98.859375","98.843750","98.84375","2030-02-28-0.04000"
"2026-08-03","91282CGS4","MARKET BASED NOTE","0.03625","2030-03-31","","97.546875","97.531250","97.53125","2030-03-31-0.03625"
"2026-08-03","91282CMU2","MARKET BASED NOTE","0.04000","2030-03-31","","98.812500","98.812500","98.81250","2030-03-31-0.04000"
"2026-08-03","91282CMZ1","MARKET BASED NOTE","0.03875","2030-04-30","","98.343750","98.343750","98.34375","2030-04-30-0.03875"
"2026-08-03","91282CGZ8","MARKET BASED NOTE","0.03500","2030-04-30","","97.062500","97.031250","97.06250","2030-04-30-0.03500"
"2026-08-03","912828ZQ6","MARKET BASED NOTE","0.00625","2030-05-15","","87.109375","87.093750","87.09375","2030-05-15-0.00625"
"2026-08-03","91282CHF1","MARKET BASED NOTE","0.03750","2030-05-31","","97.859375","97.843750","97.84375","2030-05-31-0.03750"
"2026-08-03","91282CNG2","MARKET BASED NOTE","0.04000","2030-05-31","","98.734375","98.718750","98.71875","2030-05-31-0.04000"
"2026-08-03","91282CNK3","MARKET BASED NOTE","0.03875","2030-06-30","","98.234375","98.218750","98.25000","2030-06-30-0.03875"
"2026-08-03","91282CHJ3","MARKET BASED NOTE","0.03750","2030-06-30","","97.796875","97.781250","97.78125","2030-06-30-0.03750"
"2026-08-03","91282CHR5","MARKET BASED NOTE","0.04000","2030-07-31","","98.671875","98.656250","98.65625","2030-07-31-0.04000"
"2026-08-03","91282CNN7","MARKET BASED NOTE","0.03875","2030-07-31","","98.187500","98.187500","98.18750","2030-07-31-0.03875"
"2026-08-03","91282CAE1","MARKET BASED NOTE","0.00625","2030-08-15","","86.281250","86.250000","86.28125","2030-08-15-0.00625"
"2026-08-03","91282CHW4","MARKET BASED NOTE","0.04125","2030-08-31","","99.046875","99.031250","99.06250","2030-08-31-0.04125"
"2026-08-03","91282CNX5","MARKET BASED NOTE","0.03625","2030-08-31","","97.203125","97.187500","97.21875","2030-08-31-0.03625"
"2026-08-03","91282CPA3","MARKET BASED NOTE","0.03625","2030-09-30","","97.171875","97.156250","97.15625","2030-09-30-0.03625"
"2026-08-03","91282CHZ7","MARKET BASED NOTE","0.04625","2030-09-30","","100.921875","100.906250","100.93750","2030-09-30-0.04625"
"2026-08-03","91282CJG7","MARKET BASED NOTE","0.04875","2030-10-31","","101.890625","101.875000","101.90625","2030-10-31-0.04875"
"2026-08-03","91282CPD7","MARKET BASED NOTE","0.03625","2030-10-31","","97.093750","97.093750","97.09375","2030-10-31-0.03625"
"2026-08-03","91282CAV3","MARKET BASED NOTE","0.00875","2030-11-15","","86.453125","86.437500","86.43750","2030-11-15-0.00875"
"2026-08-03","91282CPN5","MARKET BASED NOTE","0.03500","2030-11-30","","96.531250","96.531250","96.53125","2030-11-30-0.03500"
"2026-08-03","91282CJM4","MARKET BASED NOTE","0.04375","2030-11-30","","99.953125","99.937500","99.93750","2030-11-30-0.04375"
"2026-08-03","91282CJQ5","MARKET BASED NOTE","0.03750","2030-12-31","","97.453125","97.437500","97.46875","2030-12-31-0.03750"
"2026-08-03","91282CPR6","MARKET BASED NOTE","0.03625","2030-12-31","","96.953125","96.937500","96.96875","2030-12-31-0.03625"
"2026-08-03","91282CPW5","MARKET BASED NOTE","0.03750","2031-01-31","","97.406250","97.406250","97.40625","2031-01-31-0.03750"
"2026-08-03","91282CJX0","MARKET BASED NOTE","0.04000","2031-01-31","","98.406250","98.375000","98.40625","2031-01-31-0.04000"
"2026-08-03","91282CBL4","MARKET BASED NOTE","0.01125","2031-02-15","","86.781250","86.750000","86.78125","2031-02-15-0.01125"
"2026-08-03","91282CKC4","MARKET BASED NOTE","0.04250","2031-02-28","","99.421875","99.406250","99.40625","2031-02-28-0.04250"
"2026-08-03","91282CQD6","MARKET BASED NOTE","0.03500","2031-02-28","","96.359375","96.343750","96.37500","2031-02-28-0.03500"
"2026-08-03","91282CQG9","MARKET BASED NOTE","0.03875","2031-03-31","","97.828125","97.812500","97.84375","2031-03-31-0.03875"
"2026-08-03","91282CKF7","MARKET BASED NOTE","0.04125","2031-03-31","","98.859375","98.843750","98.87500","2031-03-31-0.04125"
"2026-08-03","91282CKN0","MARKET BASED NOTE","0.04625","2031-04-30","","100.953125","100.937500","100.93750","2031-04-30-0.04625"
"2026-08-03","91282CQK0","MARKET BASED NOTE","0.03875","2031-04-30","","97.796875","97.781250","97.81250","2031-04-30-0.03875"
"2026-08-03","91282CCB5","MARKET BASED NOTE","0.01625","2031-05-15","","88.125000","88.093750","88.12500","2031-05-15-0.01625"
"2026-08-03","91282CQU8","MARKET BASED NOTE","0.04125","2031-05-31","","98.812500","98.812500","98.81250","2031-05-31-0.04125"
"2026-08-03","91282CKU4","MARKET BASED NOTE","0.04625","2031-05-31","","100.921875","100.906250","100.93750","2031-05-31-0.04625"
"2026-08-03","91282CKW0","MARKET BASED NOTE","0.04250","2031-06-30","","99.296875","99.281250","99.31250","2031-06-30-0.04250"
"2026-08-03","91282CQX2","MARKET BASED NOTE","0.04125","2031-06-30","","98.781250","98.781250","98.78125","2031-06-30-0.04125"
"2026-08-03","91282CRA1","MARKET BASED NOTE","0.04375","2031-07-31","","99.875000","99.875000","99.87500","2031-07-31-0.04375"
"2026-08-03","91282CLD1","MARKET BASED NOTE","0.04125","2031-07-31","","98.734375","98.718750","98.71875","2031-07-31-0.04125"
"2026-08-03","91282CCS8","MARKET BASED NOTE","0.01250","2031-08-15","","85.828125","85.812500","85.81250","2031-08-15-0.01250"
"2026-08-03","91282CLJ8","MARKET BASED NOTE","0.03750","2031-08-31","","96.984375","96.968750","97.00000","2031-08-31-0.03750"
"2026-08-03","91282CLM1","MARKET BASED NOTE","0.03625","2031-09-30","","96.359375","96.343750","96.37500","2031-09-30-0.03625"
"2026-08-03","91282CLU3","MARKET BASED NOTE","0.04125","2031-10-31","","98.609375","98.593750","98.62500","2031-10-31-0.04125"
"2026-08-03","91282CDJ7","MARKET BASED NOTE","0.01375","2031-11-15","","85.703125","85.687500","85.68750","2031-11-15-0.01375"
"2026-08-03","91282CLZ2","MARKET BASED NOTE","0.04125","2031-11-30","","98.546875","98.531250","98.56250","2031-11-30-0.04125"
"2026-08-03","91282CMC2","MARKET BASED NOTE","0.04500","2031-12-31","","100.296875","100.281250","100.31250","2031-12-31-0.04500"
"2026-08-03","91282CMK4","MARKET BASED NOTE","0.04375","2032-01-31","","99.671875","99.656250","99.65625","2032-01-31-0.04375"
"2026-08-03","91282CDY4","MARKET BASED NOTE","0.01875","2032-02-15","","87.453125","87.437500","87.46875","2032-02-15-0.01875"
"2026-08-03","91282CMR9","MARKET BASED NOTE","0.04125","2032-02-29","","98.437500","98.437500","98.43750","2032-02-29-0.04125"
"2026-08-03","91282CMT5","MARKET BASED NOTE","0.04125","2032-03-31","","98.359375","98.343750","98.37500","2032-03-31-0.04125"
"2026-08-03","91282CNA5","MARKET BASED NOTE","0.04000","2032-04-30","","97.703125","97.687500","97.71875","2032-04-30-0.04000"
"2026-08-03","91282CEP2","MARKET BASED NOTE","0.02875","2032-05-15","","91.953125","91.937500","91.96875","2032-05-15-0.02875"
"2026-08-03","91282CNF4","MARKET BASED NOTE","0.04125","2032-05-31","","98.265625","98.250000","98.28125","2032-05-31-0.04125"
"2026-08-03","91282CNJ6","MARKET BASED NOTE","0.04000","2032-06-30","","97.578125","97.562500","97.59375","2032-06-30-0.04000"
"2026-08-03","91282CNR8","MARKET BASED NOTE","0.04000","2032-07-31","","97.515625","97.500000","97.53125","2032-07-31-0.04000"
"2026-08-03","91282CFF3","MARKET BASED NOTE","0.02750","2032-08-15","","90.906250","90.875000","90.90625","2032-08-15-0.02750"
"2026-08-03","91282CNW7","MARKET BASED NOTE","0.03875","2032-08-31","","96.796875","96.781250","96.81250","2032-08-31-0.03875"
"2026-08-03","91282CNZ0","MARKET BASED NOTE","0.03875","2032-09-30","","96.718750","96.718750","96.71875","2032-09-30-0.03875"
"2026-08-03","91282CPF2","MARKET BASED NOTE","0.03750","2032-10-31","","95.968750","95.968750","95.96875","2032-10-31-0.03750"
"2026-08-03","91282CFV8","MARKET BASED NOTE","0.04125","2032-11-15","","97.984375","97.968750","98.00000","2032-11-15-0.04125"
"2026-08-03","91282CPM7","MARKET BASED NOTE","0.03750","2032-11-30","","95.890625","95.875000","95.90625","2032-11-30-0.03750"
"2026-08-03","91282CPQ8","MARKET BASED NOTE","0.03875","2032-12-31","","96.515625","96.500000","96.53125","2032-12-31-0.03875"
"2026-08-03","91282CPY1","MARKET BASED NOTE","0.04000","2033-01-31","","97.140625","97.125000","97.15625","2033-01-31-0.04000"
"2026-08-03","91282CGM7","MARKET BASED NOTE","0.03500","2033-02-15","","94.296875","94.281250","94.31250","2033-02-15-0.03500"
"2026-08-03","91282CQC8","MARKET BASED NOTE","0.03750","2033-02-28","","95.703125","95.687500","95.71875","2033-02-28-0.03750"
"2026-08-03","91282CQF1","MARKET BASED NOTE","0.04250","2033-03-31","","98.453125","98.437500","98.46875","2033-03-31-0.04250"
"2026-08-03","91282CQN4","MARKET BASED NOTE","0.04125","2033-04-30","","97.671875","97.656250","97.68750","2033-04-30-0.04125"
"2026-08-03","91282CHC8","MARKET BASED NOTE","0.03375","2033-05-15","","93.312500","93.281250","93.31250","2033-05-15-0.03375"
"2026-08-03","91282CQT1","MARKET BASED NOTE","0.04250","2033-05-31","","98.359375","98.343750","98.37500","2033-05-31-0.04250"
"2026-08-03","91282CQW4","MARKET BASED NOTE","0.04250","2033-06-30","","98.312500","98.312500","98.34375","2033-06-30-0.04250"
"2026-08-03","91282CRC7","MARKET BASED NOTE","0.04375","2033-07-31","","99.000000","99.000000","99.03125","2033-07-31-0.04375"
"2026-08-03","91282CHT1","MARKET BASED NOTE","0.03875","2033-08-15","","95.984375","95.968750","96.00000","2033-08-15-0.03875"
"2026-08-03","91282CJJ1","MARKET BASED NOTE","0.04500","2033-11-15","","99.640625","99.625000","99.65625","2033-11-15-0.04500"
"2026-08-03","91282CJZ5","MARKET BASED NOTE","0.04000","2034-02-15","","96.359375","96.343750","96.37500","2034-02-15-0.04000"
"2026-08-03","91282CKQ3","MARKET BASED NOTE","0.04375","2034-05-15","","98.609375","98.593750","98.62500","2034-05-15-0.04375"
"2026-08-03","91282CLF6","MARKET BASED NOTE","0.03875","2034-08-15","","95.140625","95.125000","95.15625","2034-08-15-0.03875"
"2026-08-03","91282CLW9","MARKET BASED NOTE","0.04250","2034-11-15","","97.468750","97.468750","97.46875","2034-11-15-0.04250"
"2026-08-03","91282CMM0","MARKET BASED NOTE","0.04625","2035-02-15","","99.937500","99.937500","99.96875","2035-02-15-0.04625"
"2026-08-03","91282CNC1","MARKET BASED NOTE","0.04250","2035-05-15","","97.171875","97.156250","97.18750","2035-05-15-0.04250"
"2026-08-03","91282CNT4","MARKET BASED NOTE","0.04250","2035-08-15","","97.015625","97.000000","97.03125","2035-08-15-0.04250"
"2026-08-03","91282CPJ4","MARKET BASED NOTE","0.04000","2035-11-15","","94.984375","94.968750","94.96875","2035-11-15-0.04000"
"2026-08-03","91282CPZ8","MARKET BASED NOTE","0.04125","2036-02-15","","95.765625","95.750000","95.78125","2036-02-15-0.04125"
"2026-08-03","91282CQQ7","MARKET BASED NOTE","0.04375","2036-05-15","","97.562500","97.562500","97.56250","2036-05-15-0.04375"
"2026-08-03","912810EX2","MARKET BASED BOND","0.06750","2026-08-15","","0.000000","99.937500","99.96875","2026-08-15-0.06750"
"2026-08-03","912810EY0","MARKET BASED BOND","0.06500","2026-11-15","","0.000000","100.531250","100.53125","2026-11-15-0.06500"
"2026-08-03","912810EZ7","MARKET BASED BOND","0.06625","2027-02-15","","101.468750","101.218750","101.21875","2027-02-15-0.06625"
"2026-08-03","912810FA1","MARKET BASED BOND","0.06375","2027-08-15","","102.265625","102.031250","101.96875","2027-08-15-0.06375"
"2026-08-03","912810FB9","MARKET BASED BOND","0.06125","2027-11-15","","102.406250","102.156250","102.15625","2027-11-15-0.06125"
"2026-08-03","912810FE3","MARKET BASED BOND","0.05500","2028-08-15","","102.406250","102.156250","102.15625","2028-08-15-0.05500"
"2026-08-03","912810FF0","MARKET BASED BOND","0.05250","2028-11-15","","102.140625","101.937500","101.90625","2028-11-15-0.05250"
"2026-08-03","912810FG8","MARKET BASED BOND","0.05250","2029-02-15","","102.578125","102.375000","102.37500","2029-02-15-0.05250"
"2026-08-03","912810FJ2","MARKET BASED BOND","0.06125","2029-08-15","","105.125000","104.937500","104.93750","2029-08-15-0.06125"
"2026-08-03","912810FM5","MARKET BASED BOND","0.06250","2030-05-15","","106.578125","106.406250","106.37500","2030-05-15-0.06250"
"2026-08-03","912810FP8","MARKET BASED BOND","0.05375","2031-02-15","","104.125000","103.968750","103.93750","2031-02-15-0.05375"
"2026-08-03","912810FT0","MARKET BASED BOND","0.04500","2036-02-15","","99.375000","99.218750","99.21875","2036-02-15-0.04500"
"2026-08-03","912810PT9","MARKET BASED BOND","0.04750","2037-02-15","","100.671875","100.593750","100.62500","2037-02-15-0.04750"
"2026-08-03","912810PU6","MARKET BASED BOND","0.05000","2037-05-15","","102.765625","102.656250","102.71875","2037-05-15-0.05000"
"2026-08-03","912810PW2","MARKET BASED BOND","0.04375","2038-02-15","","96.921875","96.843750","96.87500","2038-02-15-0.04375"
"2026-08-03","912810PX0","MARKET BASED BOND","0.04500","2038-05-15","","97.734375","97.656250","97.68750","2038-05-15-0.04500"
"2026-08-03","912810QA9","MARKET BASED BOND","0.03500","2039-02-15","","87.671875","87.593750","87.65625","2039-02-15-0.03500"
"2026-08-03","912810QB7","MARKET BASED BOND","0.04250","2039-05-15","","94.125000","94.062500","94.12500","2039-05-15-0.04250"
"2026-08-03","912810QC5","MARKET BASED BOND","0.04500","2039-08-15","","96.062500","96.000000","96.06250","2039-08-15-0.04500"
"2026-08-03","912810QD3","MARKET BASED BOND","0.04375","2039-11-15","","94.593750","94.531250","94.56250","2039-11-15-0.04375"
"2026-08-03","912810QE1","MARKET BASED BOND","0.04625","2040-02-15","","96.843750","96.781250","96.81250","2040-02-15-0.04625"
"2026-08-03","912810QH4","MARKET BASED BOND","0.04375","2040-05-15","","94.109375","94.062500","94.09375","2040-05-15-0.04375"
"2026-08-03","912810SR0","MARKET BASED BOND","0.01125","2040-05-15","","61.250000","61.187500","61.21875","2040-05-15-0.01125"
"2026-08-03","912810QK7","MARKET BASED BOND","0.03875","2040-08-15","","88.718750","88.656250","88.71875","2040-08-15-0.03875"
"2026-08-03","912810SQ2","MARKET BASED BOND","0.01125","2040-08-15","","60.609375","60.562500","60.59375","2040-08-15-0.01125"
"2026-08-03","912810QL5","MARKET BASED BOND","0.04250","2040-11-15","","92.203125","92.156250","92.18750","2040-11-15-0.04250"
"2026-08-03","912810ST6","MARKET BASED BOND","0.01375","2040-11-15","","62.484375","62.437500","62.50000","2040-11-15-0.01375"
"2026-08-03","912810SW9","MARKET BASED BOND","0.01875","2041-02-15","","67.093750","67.062500","67.12500","2041-02-15-0.01875"
"2026-08-03","912810QN1","MARKET BASED BOND","0.04750","2041-02-15","","97.125000","97.062500","97.12500","2041-02-15-0.04750"
"2026-08-03","912810SY5","MARKET BASED BOND","0.02250","2041-05-15","","70.468750","70.437500","70.46875","2041-05-15-0.02250"
"2026-08-03","912810QQ4","MARKET BASED BOND","0.04375","2041-05-15","","92.953125","92.906250","93.00000","2041-05-15-0.04375"
"2026-08-03","912810QS0","MARKET BASED BOND","0.03750","2041-08-15","","86.125000","86.062500","86.12500","2041-08-15-0.03750"
"2026-08-03","912810TA6","MARKET BASED BOND","0.01750","2041-08-15","","64.671875","64.625000","64.68750","2041-08-15-0.01750"
"2026-08-03","912810TC2","MARKET BASED BOND","0.02000","2041-11-15","","66.812500","66.781250","66.84375","2041-11-15-0.02000"
"2026-08-03","912810QT8","MARKET BASED BOND","0.03125","2041-11-15","","79.015625","78.968750","79.03125","2041-11-15-0.03125"
"2026-08-03","912810QU5","MARKET BASED BOND","0.03125","2042-02-15","","78.609375","78.562500","78.59375","2042-02-15-0.03125"
"2026-08-03","912810TF5","MARKET BASED BOND","0.02375","2042-02-15","","70.343750","70.312500","70.37500","2042-02-15-0.02375"
"2026-08-03","912810TH1","MARKET BASED BOND","0.03250","2042-05-15","","79.500000","79.468750","79.53125","2042-05-15-0.03250"
"2026-08-03","912810QW1","MARKET BASED BOND","0.03000","2042-05-15","","76.843750","76.781250","76.84375","2042-05-15-0.03000"
"2026-08-03","912810QX9","MARKET BASED BOND","0.02750","2042-08-15","","73.671875","73.593750","73.68750","2042-08-15-0.02750"
"2026-08-03","912810TK4","MARKET BASED BOND","0.03375","2042-08-15","","80.500000","80.468750","80.59375","2042-08-15-0.03375"
"2026-08-03","912810TM0","MARKET BASED BOND","0.04000","2042-11-15","","87.125000","87.093750","87.18750","2042-11-15-0.04000"
"2026-08-03","912810QY7","MARKET BASED BOND","0.02750","2042-11-15","","73.281250","73.218750","73.28125","2042-11-15-0.02750"
"2026-08-03","912810QZ4","MARKET BASED BOND","0.03125","2043-02-15","","77.109375","77.062500","77.09375","2043-02-15-0.03125"
"2026-08-03","912810TQ1","MARKET BASED BOND","0.03875","2043-02-15","","85.468750","85.437500","85.53125","2043-02-15-0.03875"
"2026-08-03","912810TS7","MARKET BASED BOND","0.03875","2043-05-15","","85.250000","85.218750","85.28125","2043-05-15-0.03875"
"2026-08-03","912810RB6","MARKET BASED BOND","0.02875","2043-05-15","","73.968750","73.906250","73.93750","2043-05-15-0.02875"
"2026-08-03","912810RC4","MARKET BASED BOND","0.03625","2043-08-15","","82.125000","82.062500","82.12500","2043-08-15-0.03625"
"2026-08-03","912810TU2","MARKET BASED BOND","0.04375","2043-08-15","","90.718750","90.687500","90.75000","2043-08-15-0.04375"
"2026-08-03","912810RD2","MARKET BASED BOND","0.03750","2043-11-15","","83.312500","83.281250","83.34375","2043-11-15-0.03750"
"2026-08-03","912810TW8","MARKET BASED BOND","0.04750","2043-11-15","","94.906250","94.875000","94.93750","2043-11-15-0.04750"
"2026-08-03","912810TZ1","MARKET BASED BOND","0.04500","2044-02-15","","91.828125","91.812500","91.84375","2044-02-15-0.04500"
"2026-08-03","912810RE0","MARKET BASED BOND","0.03625","2044-02-15","","81.625000","81.593750","81.65625","2044-02-15-0.03625"
"2026-08-03","912810RG5","MARKET BASED BOND","0.03375","2044-05-15","","78.500000","78.468750","78.53125","2044-05-15-0.03375"
"2026-08-03","912810UB2","MARKET BASED BOND","0.04625","2044-05-15","","93.140625","93.125000","93.18750","2044-05-15-0.04625"
"2026-08-03","912810UD8","MARKET BASED BOND","0.04125","2044-08-15","","87.125000","87.093750","87.15625","2044-08-15-0.04125"
"2026-08-03","912810RH3","MARKET BASED BOND","0.03125","2044-08-15","","75.281250","75.250000","75.31250","2044-08-15-0.03125"
"2026-08-03","912810RJ9","MARKET BASED BOND","0.03000","2044-11-15","","73.531250","73.500000","73.53125","2044-11-15-0.03000"
"2026-08-03","912810UF3","MARKET BASED BOND","0.04625","2044-11-15","","92.906250","92.875000","92.93750","2044-11-15-0.04625"
"2026-08-03","912810UJ5","MARKET BASED BOND","0.04750","2045-02-15","","94.296875","94.281250","94.34375","2045-02-15-0.04750"
"2026-08-03","912810RK6","MARKET BASED BOND","0.02500","2045-02-15","","67.281250","67.250000","67.31250","2045-02-15-0.02500"
"2026-08-03","912810RM2","MARKET BASED BOND","0.03000","2045-05-15","","73.046875","73.000000","73.06250","2045-05-15-0.03000"
"2026-08-03","912810UL0","MARKET BASED BOND","0.05000","2045-05-15","","97.203125","97.187500","97.25000","2045-05-15-0.05000"
"2026-08-03","912810UN6","MARKET BASED BOND","0.04875","2045-08-15","","95.609375","95.593750","95.65625","2045-08-15-0.04875"
"2026-08-03","912810RN0","MARKET BASED BOND","0.02875","2045-08-15","","71.234375","71.187500","71.25000","2045-08-15-0.02875"
"2026-08-03","912810RP5","MARKET BASED BOND","0.03000","2045-11-15","","72.515625","72.468750","72.53125","2045-11-15-0.03000"
"2026-08-03","912810UQ9","MARKET BASED BOND","0.04625","2045-11-15","","92.500000","92.468750","92.53125","2045-11-15-0.04625"
"2026-08-03","912810UT3","MARKET BASED BOND","0.04625","2046-02-15","","92.437500","92.437500","92.46875","2046-02-15-0.04625"
"2026-08-03","912810RQ3","MARKET BASED BOND","0.02500","2046-02-15","","66.140625","66.093750","66.15625","2046-02-15-0.02500"
"2026-08-03","912810RS9","MARKET BASED BOND","0.02500","2046-05-15","","65.859375","65.812500","65.87500","2046-05-15-0.02500"
"2026-08-03","912810UV8","MARKET BASED BOND","0.05000","2046-05-15","","97.046875","97.031250","97.09375","2046-05-15-0.05000"
"2026-08-03","912810RT7","MARKET BASED BOND","0.02250","2046-08-15","","62.468750","62.437500","62.46875","2046-08-15-0.02250"
"2026-08-03","912810RU4","MARKET BASED BOND","0.02875","2046-11-15","","70.062500","70.031250","70.06250","2046-11-15-0.02875"
"2026-08-03","912810RV2","MARKET BASED BOND","0.03000","2047-02-15","","71.406250","71.375000","71.40625","2047-02-15-0.03000"
"2026-08-03","912810RX8","MARKET BASED BOND","0.03000","2047-05-15","","71.156250","71.125000","71.18750","2047-05-15-0.03000"
"2026-08-03","912810RY6","MARKET BASED BOND","0.02750","2047-08-15","","67.734375","67.718750","67.75000","2047-08-15-0.02750"
"2026-08-03","912810RZ3","MARKET BASED BOND","0.02750","2047-11-15","","67.500000","67.468750","67.50000","2047-11-15-0.02750"
"2026-08-03","912810SA7","MARKET BASED BOND","0.03000","2048-02-15","","70.500000","70.468750","70.53125","2048-02-15-0.03000"
"2026-08-03","912810SC3","MARKET BASED BOND","0.03125","2048-05-15","","71.937500","71.906250","71.96875","2048-05-15-0.03125"
"2026-08-03","912810SD1","MARKET BASED BOND","0.03000","2048-08-15","","70.109375","70.062500","70.12500","2048-08-15-0.03000"
"2026-08-03","912810SE9","MARKET BASED BOND","0.03375","2048-11-15","","74.875000","74.843750","74.87500","2048-11-15-0.03375"
"2026-08-03","912810SF6","MARKET BASED BOND","0.03000","2049-02-15","","69.750000","69.718750","69.75000","2049-02-15-0.03000"
"2026-08-03","912810SH2","MARKET BASED BOND","0.02875","2049-05-15","","67.906250","67.875000","67.90625","2049-05-15-0.02875"
"2026-08-03","912810SJ8","MARKET BASED BOND","0.02250","2049-08-15","","59.312500","59.281250","59.31250","2049-08-15-0.02250"
"2026-08-03","912810SK5","MARKET BASED BOND","0.02375","2049-11-15","","60.781250","60.750000","60.81250","2049-11-15-0.02375"
"2026-08-03","912810SL3","MARKET BASED BOND","0.02000","2050-02-15","","55.531250","55.500000","55.53125","2050-02-15-0.02000"
"2026-08-03","912810SN9","MARKET BASED BOND","0.01250","2050-05-15","","45.187500","45.156250","45.18750","2050-05-15-0.01250"
"2026-08-03","912810SP4","MARKET BASED BOND","0.01375","2050-08-15","","46.562500","46.531250","46.56250","2050-08-15-0.01375"
"2026-08-03","912810SS8","MARKET BASED BOND","0.01625","2050-11-15","","49.687500","49.656250","49.68750","2050-11-15-0.01625"
"2026-08-03","912810SU3","MARKET BASED BOND","0.01875","2051-02-15","","52.875000","52.843750","52.87500","2051-02-15-0.01875"
"2026-08-03","912810SX7","MARKET BASED BOND","0.02375","2051-05-15","","59.578125","59.562500","59.56250","2051-05-15-0.02375"
"2026-08-03","912810SZ2","MARKET BASED BOND","0.02000","2051-08-15","","54.140625","54.125000","54.12500","2051-08-15-0.02000"
"2026-08-03","912810TB4","MARKET BASED BOND","0.01875","2051-11-15","","52.218750","52.187500","52.21875","2051-11-15-0.01875"
"2026-08-03","912810TD0","MARKET BASED BOND","0.02250","2052-02-15","","57.296875","57.281250","57.28125","2052-02-15-0.02250"
"2026-08-03","912810TG3","MARKET BASED BOND","0.02875","2052-05-15","","65.953125","65.937500","65.96875","2052-05-15-0.02875"
"2026-08-03","912810TJ7","MARKET BASED BOND","0.03000","2052-08-15","","67.593750","67.562500","67.59375","2052-08-15-0.03000"
"2026-08-03","912810TL2","MARKET BASED BOND","0.04000","2052-11-15","","81.734375","81.718750","81.75000","2052-11-15-0.04000"
"2026-08-03","912810TN8","MARKET BASED BOND","0.03625","2053-02-15","","76.343750","76.312500","76.34375","2053-02-15-0.03625"
"2026-08-03","912810TR9","MARKET BASED BOND","0.03625","2053-05-15","","76.265625","76.250000","76.28125","2053-05-15-0.03625"
"2026-08-03","912810TT5","MARKET BASED BOND","0.04125","2053-08-15","","83.453125","83.437500","83.46875","2053-08-15-0.04125"
"2026-08-03","912810TV0","MARKET BASED BOND","0.04750","2053-11-15","","92.484375","92.468750","92.50000","2053-11-15-0.04750"
"2026-08-03","912810TX6","MARKET BASED BOND","0.04250","2054-02-15","","85.218750","85.187500","85.21875","2054-02-15-0.04250"
"2026-08-03","912810UA4","MARKET BASED BOND","0.04625","2054-05-15","","90.750000","90.718750","90.75000","2054-05-15-0.04625"
"2026-08-03","912810UC0","MARKET BASED BOND","0.04250","2054-08-15","","85.234375","85.218750","85.25000","2054-08-15-0.04250"
"2026-08-03","912810UE6","MARKET BASED BOND","0.04500","2054-11-15","","88.921875","88.906250","88.90625","2054-11-15-0.04500"
"2026-08-03","912810UG1","MARKET BASED BOND","0.04625","2055-02-15","","90.765625","90.750000","90.78125","2055-02-15-0.04625"
"2026-08-03","912810UK2","MARKET BASED BOND","0.04750","2055-05-15","","92.640625","92.625000","92.65625","2055-05-15-0.04750"
"2026-08-03","912810UM8","MARKET BASED BOND","0.04750","2055-08-15","","92.671875","92.656250","92.68750","2055-08-15-0.04750"
"2026-08-03","912810UP1","MARKET BASED BOND","0.04625","2055-11-15","","90.796875","90.781250","90.81250","2055-11-15-0.04625"
"2026-08-03","912810UR7","MARKET BASED BOND","0.04750","2056-02-15","","92.765625","92.750000","92.75000","2056-02-15-0.04750"
"2026-08-03","912810UU0","MARKET BASED BOND","0.05000","2056-05-15","","96.531250","96.531250","96.53125","2056-05-15-0.05000"
"2026-08-03","91282CDC2","TIPS","0.00125","2026-10-15","","0.000000","99.093750","99.09375","2026-10-15-0.00125"
"2026-08-03","912828V49","TIPS","0.00375","2027-01-15","","0.000000","98.343750","98.34375","2027-01-15-0.00375"
"2026-08-03","912810PS1","TIPS","0.02375","2027-01-15","","0.000000","99.218750","99.21875","2027-01-15-0.02375"
"2026-08-03","91282CEJ6","TIPS","0.00125","2027-04-15","","97.750000","97.718750","97.71875","2027-04-15-0.00125"
"2026-08-03","9128282L3","TIPS","0.00375","2027-07-15","","98.031250","98.000000","98.03125","2027-07-15-0.00375"
"2026-08-03","91282CFR7","TIPS","0.01625","2027-10-15","","99.093750","99.062500","99.09375","2027-10-15-0.01625"
"2026-08-03","9128283R9","TIPS","0.00500","2028-01-15","","97.156250","97.125000","97.12500","2028-01-15-0.00500"
"2026-08-03","912810PV4","TIPS","0.01750","2028-01-15","","98.906250","98.875000","98.84375","2028-01-15-0.01750"
"2026-08-03","912810FD5","TIPS","0.03625","2028-04-15","","101.890625","101.843750","101.81250","2028-04-15-0.03625"
"2026-08-03","91282CGW5","TIPS","0.01250","2028-04-15","","98.000000","97.968750","97.93750","2028-04-15-0.01250"
"2026-08-03","912828Y38","TIPS","0.00750","2028-07-15","","97.437500","97.406250","97.37500","2028-07-15-0.00750"
"2026-08-03","91282CJH5","TIPS","0.02375","2028-10-15","","100.562500","100.531250","100.50000","2028-10-15-0.02375"
"2026-08-03","9128285W6","TIPS","0.00875","2029-01-15","","96.812500","96.781250","96.75000","2029-01-15-0.00875"
"2026-08-03","912810PZ5","TIPS","0.02500","2029-01-15","","100.640625","100.593750","100.56250","2029-01-15-0.02500"
"2026-08-03","912810FH6","TIPS","0.03875","2029-04-15","","104.234375","104.187500","104.15625","2029-04-15-0.03875"
"2026-08-03","91282CKL4","TIPS","0.02125","2029-04-15","","99.687500","99.656250","99.62500","2029-04-15-0.02125"
"2026-08-03","9128287D6","TIPS","0.00250","2029-07-15","","94.968750","94.937500","94.90625","2029-07-15-0.00250"
"2026-08-03","91282CLV1","TIPS","0.01625","2029-10-15","","98.687500","98.656250","98.62500","2029-10-15-0.01625"
"2026-08-03","912828Z37","TIPS","0.00125","2030-01-15","","93.406250","93.375000","93.34375","2030-01-15-0.00125"
"2026-08-03","91282CNB3","TIPS","0.01625","2030-04-15","","98.078125","98.062500","98.00000","2030-04-15-0.01625"
"2026-08-03","912828ZZ6","TIPS","0.00125","2030-07-15","","92.875000","92.843750","92.78125","2030-07-15-0.00125"
"2026-08-03","91282CPH8","TIPS","0.01125","2030-10-15","","96.343750","96.312500","96.28125","2030-10-15-0.01125"
"2026-08-03","91282CBF7","TIPS","0.00125","2031-01-15","","91.718750","91.687500","91.65625","2031-01-15-0.00125"
"2026-08-03","91282CQP9","TIPS","0.01250","2031-04-15","","96.046875","96.031250","95.96875","2031-04-15-0.01250"
"2026-08-03","91282CCM1","TIPS","0.00125","2031-07-15","","91.062500","91.031250","91.00000","2031-07-15-0.00125"
"2026-08-03","91282CDX6","TIPS","0.00125","2032-01-15","","89.781250","89.750000","89.68750","2032-01-15-0.00125"
"2026-08-03","912810FQ6","TIPS","0.03375","2032-04-15","","106.453125","106.406250","106.34375","2032-04-15-0.03375"
"2026-08-03","91282CEZ0","TIPS","0.00625","2032-07-15","","91.750000","91.718750","91.65625","2032-07-15-0.00625"
"2026-08-03","91282CGK1","TIPS","0.01125","2033-01-15","","93.593750","93.562500","93.50000","2033-01-15-0.01125"
"2026-08-03","91282CHP9","TIPS","0.01375","2033-07-15","","94.781250","94.750000","94.68750","2033-07-15-0.01375"
"2026-08-03","91282CJY8","TIPS","0.01750","2034-01-15","","96.468750","96.437500","96.34375","2034-01-15-0.01750"
"2026-08-03","91282CLE9","TIPS","0.01875","2034-07-15","","97.187500","97.156250","97.06250","2034-07-15-0.01875"
"2026-08-03","91282CML2","TIPS","0.02125","2035-01-15","","98.343750","98.312500","98.21875","2035-01-15-0.02125"
"2026-08-03","91282CNS6","TIPS","0.01875","2035-07-15","","96.250000","96.218750","96.09375","2035-07-15-0.01875"
"2026-08-03","91282CPU9","TIPS","0.01875","2036-01-15","","95.421875","95.406250","95.31250","2036-01-15-0.01875"
"2026-08-03","91282CRE3","TIPS","0.02375","2036-07-15","","99.609375","99.593750","99.50000","2036-07-15-0.02375"
"2026-08-03","912810QF8","TIPS","0.02125","2040-02-15","","94.015625","93.937500","93.84375","2040-02-15-0.02125"
"2026-08-03","912810QP6","TIPS","0.02125","2041-02-15","","92.890625","92.812500","92.68750","2041-02-15-0.02125"
"2026-08-03","912810QV3","TIPS","0.00750","2042-02-15","","73.859375","73.781250","73.65625","2042-02-15-0.00750"
"2026-08-03","912810RA8","TIPS","0.00625","2043-02-15","","70.328125","70.250000","70.15625","2043-02-15-0.00625"
"2026-08-03","912810RF7","TIPS","0.01375","2044-02-15","","78.718750","78.656250","78.56250","2044-02-15-0.01375"
"2026-08-03","912810RL4","TIPS","0.00750","2045-02-15","","68.328125","68.250000","68.18750","2045-02-15-0.00750"
"2026-08-03","912810RR1","TIPS","0.01000","2046-02-15","","70.484375","70.406250","70.31250","2046-02-15-0.01000"
"2026-08-03","912810RW0","TIPS","0.00875","2047-02-15","","67.390625","67.312500","67.21875","2047-02-15-0.00875"
"2026-08-03","912810SB5","TIPS","0.01000","2048-02-15","","68.109375","68.031250","67.93750","2048-02-15-0.01000"
"2026-08-03","912810SG4","TIPS","0.01000","2049-02-15","","67.140625","67.062500","66.96875","2049-02-15-0.01000"
"2026-08-03","912810SM1","TIPS","0.00250","2050-02-15","","53.484375","53.406250","53.31250","2050-02-15-0.00250"
"2026-08-03","912810SV1","TIPS","0.00125","2051-02-15","","50.046875","49.968750","49.87500","2051-02-15-0.00125"
"2026-08-03","912810TE8","TIPS","0.00125","2052-02-15","","48.890625","48.812500","48.68750","2052-02-15-0.00125"
"2026-08-03","912810TP3","TIPS","0.01500","2053-02-15","","72.296875","72.218750","72.09375","2053-02-15-0.01500"
"2026-08-03","912810TY4","TIPS","0.02125","2054-02-15","","83.265625","83.187500","83.03125","2054-02-15-0.02125"
"2026-08-03","912810UH9","TIPS","0.02375","2055-02-15","","87.796875","87.718750","87.56250","2055-02-15-0.02375"
"2026-08-03","912810US5","TIPS","0.02375","2056-02-15","","87.875000","87.812500","87.65625","2056-02-15-0.02375"
"2026-08-03","91282CLT6","MARKET BASED FRN","0.04113","2026-10-31","","0.000000","100.053465","100.05347","2026-10-31-0.04113"
"2026-08-03","91282CMJ7","MARKET BASED FRN","0.04005","2027-01-31","","100.049125","100.042960","100.04543","2027-01-31-0.04005"
"2026-08-03","91282CMX6","MARKET BASED FRN","0.04068","2027-04-30","","100.131560","100.122385","100.12238","2027-04-30-0.04068"
"2026-08-03","91282CNQ0","MARKET BASED FRN","0.04067","2027-07-31","","100.143000","100.130751","100.13075","2027-07-31-0.04067"
"2026-08-03","91282CPG0","MARKET BASED FRN","0.04098","2027-10-31","","100.189023","100.179845","100.18902","2027-10-31-0.04098"
"2026-08-03","91282CPX3","MARKET BASED FRN","0.04006","2028-01-31","","100.093235","100.085914","100.08957","2028-01-31-0.04006"
"2026-08-03","91282CQM6","MARKET BASED FRN","0.04010","2028-04-30","","100.102232","100.093743","100.11072","2028-04-30-0.04010"
"2026-08-03","91282CRD5","MARKET BASED FRN","0.03956","2028-07-31","","100.006839","99.999590","100.00925","2028-07-31-0.03956"
