asOfDate, basis, nominalBasis, curveDate, term, date, tipsZeroCc, tipsZeroBey, nominalZeroCc, nominalZeroBey, beiCc, beiBey
"2026-10-08T1705","Market-bid-settle-sa","Market-bid-settle","2026-10-09",0.5,"2027-04-09",0.00825,0.00826,0.04273,0.04319,0.03448,0.03493
"2026-10-08T1705","Market-bid-settle-sa","Market-bid-settle","2026-10-09",1,"2027-10-09",0.01892,0.01901,0.04472,0.04522,0.0258,0.02621
"2026-10-08T1705","Market-bid-settle-sa","Market-bid-settle","2026-10-09",1.5,"2028-04-09",0.02187,0.02199,0.04617,0.0467,0.0243,0.02472
"2026-10-08T1705","Market-bid-settle-sa","Market-bid-settle","2026-10-09",2,"2028-10-09",0.02272,0.02285,0.04722,0.04778,0.0245,0.02493
"2026-10-08T1705","Market-bid-settle-sa","Market-bid-settle","2026-10-09",2.5,"2029-04-09",0.02309,0.02322,0.04797,0.04855,0.02488,0.02533
"2026-10-08T1705","Market-bid-settle-sa","Market-bid-settle","2026-10-09",3,"2029-10-09",0.0234,0.02354,0.04851,0.04911,0.02511,0.02557
"2026-10-08T1705","Market-bid-settle-sa","Market-bid-settle","2026-10-09",3.5,"2030-04-09",0.02375,0.02389,0.04891,0.04951,0.02516,0.02562
"2026-10-08T1705","Market-bid-settle-sa","Market-bid-settle","2026-10-09",4,"2030-10-09",0.02414,0.02428,0.0492,0.04981,0.02507,0.02553
"2026-10-08T1705","Market-bid-settle-sa","Market-bid-settle","2026-10-09",4.5,"2031-04-09",0.02455,0.0247,0.04944,0.05005,0.02489,0.02535
"2026-10-08T1705","Market-bid-settle-sa","Market-bid-settle","2026-10-09",5,"2031-10-09",0.02498,0.02514,0.04963,0.05026,0.02465,0.02512
"2026-10-08T1705","Market-bid-settle-sa","Market-bid-settle","2026-10-09",5.5,"2032-04-09",0.02542,0.02558,0.04982,0.05044,0.0244,0.02486
"2026-10-08T1705","Market-bid-settle-sa","Market-bid-settle","2026-10-09",6,"2032-10-09",0.02586,0.02603,0.05,0.05063,0.02414,0.02461
"2026-10-08T1705","Market-bid-settle-sa","Market-bid-settle","2026-10-09",6.5,"2033-04-09",0.02629,0.02646,0.05019,0.05083,0.02391,0.02437
"2026-10-08T1705","Market-bid-settle-sa","Market-bid-settle","2026-10-09",7,"2033-10-09",0.02671,0.02689,0.0504,0.05104,0.0237,0.02416
"2026-10-08T1705","Market-bid-settle-sa","Market-bid-settle","2026-10-09",7.5,"2034-04-09",0.02711,0.0273,0.05063,0.05128,0.02352,0.02398
"2026-10-08T1705","Market-bid-settle-sa","Market-bid-settle","2026-10-09",8,"2034-10-09",0.02751,0.0277,0.05088,0.05153,0.02337,0.02383
"2026-10-08T1705","Market-bid-settle-sa","Market-bid-settle","2026-10-09",8.5,"2035-04-09",0.02789,0.02808,0.05114,0.0518,0.02326,0.02372
"2026-10-08T1705","Market-bid-settle-sa","Market-bid-settle","2026-10-09",9,"2035-10-09",0.02826,0.02846,0.05143,0.0521,0.02318,0.02364
"2026-10-08T1705","Market-bid-settle-sa","Market-bid-settle","2026-10-09",9.5,"2036-04-09",0.02861,0.02881,0.05173,0.05241,0.02313,0.0236
"2026-10-08T1705","Market-bid-settle-sa","Market-bid-settle","2026-10-09",10,"2036-10-09",0.02894,0.02915,0.05205,0.05274,0.02311,0.02358
"2026-10-08T1705","Market-bid-settle-sa","Market-bid-settle","2026-10-09",10.5,"2037-04-09",0.02926,0.02948,0.05238,0.05307,0.02312,0.02359
"2026-10-08T1705","Market-bid-settle-sa","Market-bid-settle","2026-10-09",11,"2037-10-09",0.02957,0.02979,0.05272,0.05342,0.02315,0.02363
"2026-10-08T1705","Market-bid-settle-sa","Market-bid-settle","2026-10-09",11.5,"2038-04-09",0.02986,0.03009,0.05306,0.05377,0.0232,0.02369
"2026-10-08T1705","Market-bid-settle-sa","Market-bid-settle","2026-10-09",12,"2038-10-09",0.03014,0.03037,0.05341,0.05413,0.02327,0.02376
"2026-10-08T1705","Market-bid-settle-sa","Market-bid-settle","2026-10-09",12.5,"2039-04-09",0.0304,0.03063,0.05375,0.05448,0.02335,0.02385
"2026-10-08T1705","Market-bid-settle-sa","Market-bid-settle","2026-10-09",13,"2039-10-09",0.03065,0.03089,0.05409,0.05483,0.02344,0.02394
"2026-10-08T1705","Market-bid-settle-sa","Market-bid-settle","2026-10-09",13.5,"2040-04-09",0.03089,0.03113,0.05443,0.05517,0.02354,0.02405
"2026-10-08T1705","Market-bid-settle-sa","Market-bid-settle","2026-10-09",14,"2040-10-09",0.03111,0.03135,0.05475,0.05551,0.02364,0.02416
"2026-10-08T1705","Market-bid-settle-sa","Market-bid-settle","2026-10-09",14.5,"2041-04-09",0.03132,0.03157,0.05507,0.05583,0.02375,0.02427
"2026-10-08T1705","Market-bid-settle-sa","Market-bid-settle","2026-10-09",15,"2041-10-09",0.03152,0.03177,0.05537,0.05615,0.02386,0.02438
"2026-10-08T1705","Market-bid-settle-sa","Market-bid-settle","2026-10-09",15.5,"2042-04-09",0.0317,0.03195,0.05566,0.05644,0.02396,0.02449
"2026-10-08T1705","Market-bid-settle-sa","Market-bid-settle","2026-10-09",16,"2042-10-09",0.03188,0.03213,0.05594,0.05673,0.02406,0.02459
"2026-10-08T1705","Market-bid-settle-sa","Market-bid-settle","2026-10-09",16.5,"2043-04-09",0.03204,0.0323,0.05619,0.05699,0.02415,0.02469
"2026-10-08T1705","Market-bid-settle-sa","Market-bid-settle","2026-10-09",17,"2043-10-09",0.03219,0.03245,0.05643,0.05724,0.02424,0.02478
"2026-10-08T1705","Market-bid-settle-sa","Market-bid-settle","2026-10-09",17.5,"2044-04-09",0.03234,0.0326,0.05665,0.05746,0.02432,0.02486
"2026-10-08T1705","Market-bid-settle-sa","Market-bid-settle","2026-10-09",18,"2044-10-09",0.03247,0.03273,0.05685,0.05767,0.02438,0.02493
"2026-10-08T1705","Market-bid-settle-sa","Market-bid-settle","2026-10-09",18.5,"2045-04-09",0.03259,0.03286,0.05703,0.05785,0.02444,0.02499
"2026-10-08T1705","Market-bid-settle-sa","Market-bid-settle","2026-10-09",19,"2045-10-09",0.0327,0.03297,0.05719,0.05801,0.02448,0.02504
"2026-10-08T1705","Market-bid-settle-sa","Market-bid-settle","2026-10-09",19.5,"2046-04-09",0.03281,0.03308,0.05732,0.05815,0.02451,0.02507
"2026-10-08T1705","Market-bid-settle-sa","Market-bid-settle","2026-10-09",20,"2046-10-09",0.0329,0.03318,0.05744,0.05827,0.02453,0.02509
"2026-10-08T1705","Market-bid-settle-sa","Market-bid-settle","2026-10-09",20.5,"2047-04-09",0.03299,0.03326,0.05753,0.05836,0.02454,0.0251
"2026-10-08T1705","Market-bid-settle-sa","Market-bid-settle","2026-10-09",21,"2047-10-09",0.03307,0.03334,0.0576,0.05843,0.02453,0.02509
"2026-10-08T1705","Market-bid-settle-sa","Market-bid-settle","2026-10-09",21.5,"2048-04-09",0.03314,0.03342,0.05764,0.05848,0.0245,0.02506
"2026-10-08T1705","Market-bid-settle-sa","Market-bid-settle","2026-10-09",22,"2048-10-09",0.03321,0.03348,0.05767,0.05851,0.02446,0.02502
"2026-10-08T1705","Market-bid-settle-sa","Market-bid-settle","2026-10-09",22.5,"2049-04-09",0.03326,0.03354,0.05767,0.05851,0.02441,0.02497
"2026-10-08T1705","Market-bid-settle-sa","Market-bid-settle","2026-10-09",23,"2049-10-09",0.03331,0.03359,0.05765,0.05849,0.02434,0.0249
"2026-10-08T1705","Market-bid-settle-sa","Market-bid-settle","2026-10-09",23.5,"2050-04-09",0.03336,0.03364,0.05761,0.05845,0.02425,0.02481
"2026-10-08T1705","Market-bid-settle-sa","Market-bid-settle","2026-10-09",24,"2050-10-09",0.0334,0.03368,0.05755,0.05839,0.02415,0.02471
"2026-10-08T1705","Market-bid-settle-sa","Market-bid-settle","2026-10-09",24.5,"2051-04-09",0.03343,0.03371,0.05747,0.0583,0.02404,0.02459
"2026-10-08T1705","Market-bid-settle-sa","Market-bid-settle","2026-10-09",25,"2051-10-09",0.03345,0.03373,0.05737,0.0582,0.02391,0.02446
"2026-10-08T1705","Market-bid-settle-sa","Market-bid-settle","2026-10-09",25.5,"2052-04-09",0.03347,0.03376,0.05724,0.05807,0.02377,0.02431
"2026-10-08T1705","Market-bid-settle-sa","Market-bid-settle","2026-10-09",26,"2052-10-09",0.03349,0.03377,0.0571,0.05792,0.02361,0.02415
"2026-10-08T1705","Market-bid-settle-sa","Market-bid-settle","2026-10-09",26.5,"2053-04-09",0.0335,0.03378,0.05694,0.05776,0.02344,0.02398
"2026-10-08T1705","Market-bid-settle-sa","Market-bid-settle","2026-10-09",27,"2053-10-09",0.0335,0.03379,0.05676,0.05757,0.02325,0.02378
"2026-10-08T1705","Market-bid-settle-sa","Market-bid-settle","2026-10-09",27.5,"2054-04-09",0.03351,0.03379,0.05656,0.05737,0.02306,0.02358
"2026-10-08T1705","Market-bid-settle-sa","Market-bid-settle","2026-10-09",28,"2054-10-09",0.0335,0.03378,0.05635,0.05715,0.02284,0.02336
"2026-10-08T1705","Market-bid-settle-sa","Market-bid-settle","2026-10-09",28.5,"2055-04-09",0.03349,0.03378,0.05611,0.05691,0.02262,0.02313
"2026-10-08T1705","Market-bid-settle-sa","Market-bid-settle","2026-10-09",29,"2055-10-09",0.03348,0.03376,0.05586,0.05665,0.02238,0.02289
"2026-10-08T1705","Market-bid-settle-sa","Market-bid-settle","2026-10-09",29.5,"2056-04-09",0.03347,0.03375,0.0556,0.05638,0.02213,0.02263
"2026-10-08T1705","Market-bid-settle-sa","Market-bid-settle","2026-10-09",30,"2056-10-09",0.03345,0.03373,0.05532,0.05609,0.02187,0.02236
