asOfDate, side, adjustment, valuation, curveDate, forwardDate, bonds, shortBonds, shortRmsBp, shortPriceRms, knownInflation, nominal0_5y, bei0_5y, loo0_5yBp, loo0_5yCusip, looImplied0_5yBp, implied0_5y, nominal1y, bei1y, loo1yBp, loo1yCusip, looImplied1yBp, implied1y, nominal2y, bei2y, loo2yBp, loo2yCusip, looImplied2yBp, implied2y, nominal5y, bei5y, loo5yBp, loo5yCusip, looImplied5yBp, implied5y
"2026-10-06T1705","ask","sa","settle","2026-10-07","2026-11-01",52,16,4.158,0.054067,0.00319,0.042301,0.035483,3.821,"91282CFR7",4.937,0.031244,0.044551,0.025796,3.388,"91282CFR7",3.232,0.023909,0.047364,0.024742,0.65,"912810FD5",0.636,0.024062,0.050013,0.02488,0.08,"912810FD5",0.085,0.024546
"2026-10-06T1705","ask","sa","forward","2026-11-01","2026-11-01",52,17,4.648,0.073193,,0.043209,0.031499,4.451,"91282CFR7",4.451,,0.045241,0.023829,2.839,"91282CFR7",2.839,,0.047781,0.024095,0.7,"912810FD5",0.7,,0.050193,0.024536,0.226,"91282CLV1",0.226,
"2026-10-06T1705","ask","sa-decay","settle","2026-10-07","2026-11-01",52,16,3.985,0.04992,0.00319,0.042301,0.035427,3.162,"91282CFR7",4.122,0.03125,0.044551,0.025824,2.943,"91282CFR7",2.822,0.023922,0.047364,0.024662,0.761,"912828Y38",0.763,0.023982,0.050013,0.024905,0.07,"912828Y38",0.077,0.024573
"2026-10-06T1705","ask","sa-decay","forward","2026-11-01","2026-11-01",52,17,4.645,0.064186,,0.043209,0.031516,3.705,"91282CFR7",3.705,,0.045241,0.023843,2.473,"91282CFR7",2.473,,0.047781,0.024016,0.797,"912828Y38",0.797,,0.050193,0.024563,0.177,"91282CLV1",0.177,
"2026-10-06T1705","bid","sa","settle","2026-10-07","2026-11-01",52,16,4.691,0.058025,0.00319,0.042474,0.032772,3.963,"91282CFR7",5.225,0.028663,0.044711,0.024739,3.971,"91282CFR7",3.846,0.022854,0.047491,0.024101,0.579,"912828Y38",0.582,0.023417,0.050072,0.024665,0.062,"91282CGW5",0.066,0.024332
"2026-10-06T1705","bid","sa","forward","2026-11-01","2026-11-01",52,17,5.155,0.07222,,0.043369,0.028861,4.993,"91282CFR7",4.993,,0.045394,0.02282,3.734,"91282CFR7",3.734,,0.047907,0.023431,0.635,"91282CLV1",0.635,,0.050249,0.024327,0.179,"91282CLV1",0.179,
"2026-10-06T1705","bid","sa-decay","settle","2026-10-07","2026-11-01",52,16,4.416,0.056143,0.00319,0.042474,0.032687,3.307,"91282CFR7",4.397,0.028638,0.044711,0.024775,3.486,"91282CFR7",3.397,0.022879,0.047491,0.024022,0.801,"912828Y38",0.805,0.023335,0.050072,0.024691,0.065,"912828Y38",0.072,0.024359
"2026-10-06T1705","bid","sa-decay","forward","2026-11-01","2026-11-01",52,17,4.963,0.06491,,0.043369,0.028841,4.212,"91282CFR7",4.212,,0.045394,0.022853,3.332,"91282CFR7",3.332,,0.047907,0.023349,0.846,"912828Y38",0.846,,0.050249,0.024355,0.132,"91282CLV1",0.132,
"2026-10-07T1705","ask","sa","settle","2026-10-08","2026-11-01",52,16,4.309,0.056779,0.003057,0.042188,0.035291,4.196,"91282CFR7",5.359,0.031311,0.044355,0.02595,3.691,"91282CFR7",3.529,0.024161,0.047125,0.024838,0.676,"912810FD5",0.662,0.024185,0.049941,0.024945,0.084,"912810FD5",0.088,0.024628
"2026-10-07T1705","ask","sa","forward","2026-11-01","2026-11-01",52,17,4.606,0.074218,,0.043083,0.031605,4.936,"91282CFR7",4.936,,0.045025,0.024121,3.179,"91282CFR7",3.179,,0.047521,0.024214,0.722,"912810FD5",0.722,,0.050116,0.024618,0.222,"91282CLV1",0.222,
"2026-10-07T1705","ask","sa-decay","settle","2026-10-08","2026-11-01",52,16,3.993,0.052719,0.003057,0.042188,0.035236,3.525,"91282CFR7",4.543,0.031315,0.044355,0.025978,3.263,"91282CFR7",3.136,0.024176,0.047125,0.02476,0.763,"912828Y38",0.765,0.024105,0.049941,0.02497,0.07,"912828Y38",0.077,0.024654
"2026-10-07T1705","ask","sa-decay","forward","2026-11-01","2026-11-01",52,17,4.453,0.065272,,0.043083,0.031619,4.187,"91282CFR7",4.187,,0.045025,0.024134,2.828,"91282CFR7",2.828,,0.047521,0.024136,0.8,"912828Y38",0.8,,0.050116,0.024645,0.172,"91282CLV1",0.172,
"2026-10-07T1705","bid","sa","settle","2026-10-08","2026-11-01",52,16,4.402,0.056598,0.003057,0.042392,0.032661,3.929,"91282CFR7",5.103,0.028799,0.044544,0.024954,3.863,"91282CFR7",3.744,0.023177,0.047273,0.024309,0.505,"91282CGW5",0.499,0.023655,0.050004,0.024793,0.056,"91282CGW5",0.06,0.024477
"2026-10-07T1705","bid","sa","forward","2026-11-01","2026-11-01",52,17,4.737,0.070674,,0.043205,0.028969,4.884,"91282CFR7",4.884,,0.045171,0.023145,3.654,"91282CFR7",3.654,,0.047664,0.023665,0.619,"91282CLV1",0.619,,0.050176,0.024472,0.18,"91282CLV1",0.18,
"2026-10-07T1705","bid","sa-decay","settle","2026-10-08","2026-11-01",52,16,4.161,0.054815,0.003057,0.042392,0.032576,3.275,"91282CFR7",4.289,0.028771,0.044544,0.024987,3.389,"91282CFR7",3.305,0.023199,0.047273,0.024232,0.721,"912828Y38",0.724,0.023576,0.050004,0.024819,0.059,"912828Y38",0.065,0.024503
"2026-10-07T1705","bid","sa-decay","forward","2026-11-01","2026-11-01",52,17,4.44,0.063315,,0.043205,0.028942,4.107,"91282CFR7",4.107,,0.045171,0.023174,3.25,"91282CFR7",3.25,,0.047664,0.023585,0.758,"912828Y38",0.758,,0.050176,0.0245,0.133,"91282CLV1",0.133,
"2026-10-08T1705","ask","sa","settle","2026-10-09","2026-11-01",52,16,4.349,0.05737,0.002935,0.042117,0.036617,4.514,"91282CFR7",5.722,0.032825,0.044279,0.026544,4.023,"91282CFR7",3.862,0.024799,0.046996,0.024956,0.621,"912810FD5",0.608,0.024318,0.049567,0.024815,0.075,"912810FD5",0.079,0.024507
"2026-10-08T1705","ask","sa","forward","2026-11-01","2026-11-01",52,17,4.673,0.075169,,0.042946,0.033122,5.302,"91282CFR7",5.302,,0.044903,0.024733,3.464,"91282CFR7",3.464,,0.047366,0.024353,0.674,"912810FD5",0.674,,0.049725,0.024495,0.222,"91282CLV1",0.222,
"2026-10-08T1705","ask","sa-decay","settle","2026-10-09","2026-11-01",52,16,4.081,0.054299,0.002935,0.042117,0.036561,3.834,"91282CFR7",4.901,0.032826,0.044279,0.026576,3.594,"91282CFR7",3.467,0.024819,0.046996,0.024876,0.847,"912828Y38",0.851,0.024237,0.049567,0.024841,0.077,"912828Y38",0.084,0.024533
"2026-10-08T1705","ask","sa-decay","forward","2026-11-01","2026-11-01",52,17,4.53,0.066816,,0.042946,0.033137,4.549,"91282CFR7",4.549,,0.044903,0.024751,3.118,"91282CFR7",3.118,,0.047366,0.024273,0.897,"912828Y38",0.897,,0.049725,0.024522,0.172,"91282CLV1",0.172,
"2026-10-08T1705","bid","sa","settle","2026-10-09","2026-11-01",52,16,4.535,0.057273,0.002935,0.042738,0.034439,4.015,"91282CFR7",5.162,0.030773,0.044717,0.025798,3.954,"91282CFR7",3.84,0.024062,0.047213,0.024494,0.584,"912828Y38",0.586,0.023851,0.049634,0.024653,0.05,"912828Y38",0.055,0.024345
"2026-10-08T1705","bid","sa","forward","2026-11-01","2026-11-01",52,17,4.794,0.072008,,0.043479,0.030963,4.947,"91282CFR7",4.947,,0.045288,0.02401,3.695,"91282CFR7",3.695,,0.047567,0.023868,0.648,"91282CLV1",0.648,,0.049786,0.024339,0.185,"91282CLV1",0.185,
"2026-10-08T1705","bid","sa-decay","settle","2026-10-09","2026-11-01",52,16,4.137,0.056361,0.002935,0.042738,0.034355,3.363,"91282CFR7",4.358,0.030744,0.044717,0.025833,3.481,"91282CFR7",3.401,0.024088,0.047213,0.024416,0.803,"912828Y38",0.807,0.02377,0.049634,0.024679,0.064,"912828Y38",0.071,0.024372
"2026-10-08T1705","bid","sa-decay","forward","2026-11-01","2026-11-01",52,17,4.412,0.065152,,0.043479,0.03094,4.18,"91282CFR7",4.18,,0.045288,0.024041,3.296,"91282CFR7",3.296,,0.047567,0.023786,0.854,"912828Y38",0.854,,0.049786,0.024367,0.139,"91282CLV1",0.139,
"2026-10-09T0805","ask","sa","settle","2026-10-13","2026-11-01",52,16,4.468,0.057104,0.002425,0.042484,0.035207,4.474,"91282CFR7",5.45,0.032125,0.044592,0.026006,4.019,"91282CFR7",3.901,0.024568,0.047235,0.024703,0.57,"912828Y38",0.572,0.024177,0.049703,0.024792,0.066,"912810FD5",0.069,0.024537
"2026-10-09T0805","ask","sa","forward","2026-11-01","2026-11-01",52,17,4.71,0.07408,,0.043164,0.032326,5.205,"91282CFR7",5.205,,0.045108,0.024512,3.679,"91282CFR7",3.679,,0.047546,0.024197,0.665,"91282CLV1",0.665,,0.049835,0.024529,0.203,"91282CLV1",0.203,
"2026-10-09T0805","ask","sa-decay","settle","2026-10-13","2026-11-01",52,16,4.018,0.053469,0.002425,0.042484,0.035143,3.779,"91282CFR7",4.635,0.032108,0.044592,0.02604,3.57,"91282CFR7",3.481,0.024592,0.047235,0.024624,0.804,"912828Y38",0.807,0.024097,0.049703,0.024818,0.07,"912828Y38",0.076,0.024564
"2026-10-09T0805","ask","sa-decay","forward","2026-11-01","2026-11-01",52,17,4.349,0.065151,,0.043164,0.032321,4.436,"91282CFR7",4.436,,0.045108,0.024539,3.304,"91282CFR7",3.304,,0.047546,0.024115,0.851,"912828Y38",0.851,,0.049835,0.024557,0.155,"91282CLV1",0.155,
"2026-10-09T0805","bid","sa","settle","2026-10-13","2026-11-01",52,16,4.881,0.059311,0.002425,0.042607,0.034536,4.567,"91282CFR7",5.594,0.0315,0.044708,0.025818,4.298,"91282CFR7",4.191,0.024384,0.047327,0.024605,0.584,"912828Y38",0.586,0.02408,0.04974,0.02479,0.06,"912810FD5",0.063,0.024536
"2026-10-09T0805","bid","sa","forward","2026-11-01","2026-11-01",52,17,5.123,0.074781,,0.043253,0.031687,5.411,"91282CFR7",5.411,,0.045202,0.024333,4.045,"91282CFR7",4.045,,0.047628,0.024095,0.672,"91282CLV1",0.672,,0.049868,0.02453,0.19,"91282CLV1",0.19,
"2026-10-09T0805","bid","sa-decay","settle","2026-10-13","2026-11-01",52,16,4.401,0.056616,0.002425,0.042607,0.034461,3.872,"91282CFR7",4.773,0.03147,0.044708,0.025854,3.829,"91282CFR7",3.752,0.024412,0.047327,0.024527,0.805,"912828Y38",0.808,0.024,0.04974,0.024817,0.067,"912828Y38",0.072,0.024563
"2026-10-09T0805","bid","sa-decay","forward","2026-11-01","2026-11-01",52,17,4.696,0.066556,,0.043253,0.031668,4.627,"91282CFR7",4.627,,0.045202,0.024366,3.65,"91282CFR7",3.65,,0.047628,0.024012,0.853,"912828Y38",0.853,,0.049868,0.024558,0.143,"91282CLV1",0.143,
