cusip, interest_rate, security_term, series, maturity_date, dated_date, report_source, asOfDate, settle_date, fwd_date, settle_clean_price, dated_refcpi, settle_refcpi, fwd_refcpi, settle_mature_sa_ratio, settle_mature_sa_ratio_decay, fwd_mature_sa_ratio, fwd_mature_sa_ratio_decay, repo_rate, fwd_clean_price, settle_ytm, settle_sa_ytm, settle_sa_decay_ytm, forward_ytm, forward_sa_ytm, forward_sa_decay_ytm, settle_sao
"91282CDC2",0.00125,5,"AE-2026","2026-10-15","2021-10-15","Market ask","2026-10-06T1705","2026-10-07","2026-11-01",100.086,273.25771,334.12355,334.98,1.0002,1.0002,0.99957,0.99957,0.03906,,-0.0377,-0.04665,-0.04665,,,,-0.0217
"912810PS1",0.02375,20,"TIPS of January 2027","2027-01-15","2007-01-15","Market ask","2026-10-06T1705","2026-10-07","2026-11-01",100.407,201.66452,334.12355,334.98,1.0044,1.00428,1.00376,1.00365,0.03906,100.256939,0.0087,-0.00738,-0.00694,0.01105,-0.00725,-0.00672,-0.0025
"912828V49",0.00375,10,"A-2027","2027-01-15","2017-01-15","Market ask","2026-10-06T1705","2026-10-07","2026-11-01",99.844,241.55919,334.12355,334.98,1.0044,1.00428,1.00376,1.00365,0.03906,99.829695,0.00951,-0.00665,-0.00621,0.01214,-0.00629,-0.00575,-0.0025
"91282CEJ6",0.00125,5,"X-2027","2027-04-15","2022-04-15","Market ask","2026-10-06T1705","2026-10-07","2026-11-01",99.045,282.3464,334.12355,334.98,1.00633,1.00606,1.0057,1.00543,0.03906,99.047503,0.01973,0.00756,0.00808,0.02249,0.00985,0.01044,0.00847
"9128282L3",0.00375,10,"D-2027","2027-07-15","2017-07-15","Market ask","2026-10-06T1705","2026-10-07","2026-11-01",99.063,244.61839,334.12355,334.98,1.00061,1.00085,0.99998,1.00022,0.03906,99.048608,0.01601,0.01522,0.0149,0.01741,0.01744,0.01709,0.01492
"91282CFR7",0.01625,5,"AE-2027","2027-10-15","2022-10-15","Market ask","2026-10-06T1705","2026-10-07","2026-11-01",99.591,296.22858,334.12355,334.98,1.0002,1.00039,0.99957,0.99976,0.03906,99.490744,0.02031,0.02011,0.01993,0.02167,0.02213,0.02193,0.01865
"912810PV4",0.0175,20,"TIPS of January 2028","2028-01-15","2008-01-15","Market ask","2026-10-06T1705","2026-10-07","2026-11-01",99.118,209.49645,334.12355,334.98,1.0044,1.00427,1.00376,1.00364,0.03906,99.010239,0.02458,0.02106,0.02117,0.02589,0.02272,0.02282,0.02075
"9128283R9",0.005,10,"A-2028","2028-01-15","2018-01-15","Market ask","2026-10-06T1705","2026-10-07","2026-11-01",97.577,246.66571,334.12355,334.98,1.0044,1.00427,1.00376,1.00364,0.03906,97.553952,0.02446,0.02097,0.02107,0.02576,0.0226,0.0227,0.02075
"912810FD5",0.03625,30,"TIPS of April 2028","2028-04-15","1998-04-15","Market ask","2026-10-06T1705","2026-10-07","2026-11-01",101.61,161.74,334.12355,334.98,1.00633,1.006,1.0057,1.00538,0.03906,101.372878,0.02539,0.02112,0.02135,0.02655,0.02253,0.02275,0.02193
"91282CGW5",0.0125,5,"X-2028","2028-04-15","2023-04-15","Market ask","2026-10-06T1705","2026-10-07","2026-11-01",98.069,299.94933,334.12355,334.98,1.00633,1.006,1.0057,1.00538,0.03906,97.99428,0.02552,0.02129,0.02151,0.02666,0.02268,0.0229,0.02193
"912828Y38",0.0075,10,"D-2028","2028-07-15","2018-07-15","Market ask","2026-10-06T1705","2026-10-07","2026-11-01",97.438,251.01658,334.12355,334.98,1.00061,1.00091,0.99998,1.00027,0.03906,97.39796,0.02233,0.02198,0.0218,0.02316,0.02317,0.023,0.02259
"91282CJH5",0.02375,5,"AE-2028","2028-10-15","2023-10-15","Market ask","2026-10-06T1705","2026-10-07","2026-11-01",100.13,306.2939,334.12355,334.98,1.0002,1.00047,0.99957,0.99984,0.03906,99.978395,0.02309,0.02298,0.02285,0.02386,0.02409,0.02395,0.02298
"912810PZ5",0.025,20,"TIPS of January 2029","2029-01-15","2009-01-15","Market ask","2026-10-06T1705","2026-10-07","2026-11-01",100.047,214.69971,334.12355,334.98,1.0044,1.00423,1.00376,1.0036,0.03906,99.88841,0.02478,0.02278,0.02286,0.02551,0.02376,0.02383,0.02322
"9128285W6",0.00875,10,"A-2029","2029-01-15","2019-01-15","Market ask","2026-10-06T1705","2026-10-07","2026-11-01",96.469,252.50248,334.12355,334.98,1.0044,1.00423,1.00376,1.0036,0.03906,96.420363,0.02483,0.02286,0.02293,0.02556,0.02382,0.02389,0.02322
"912810FH6",0.03875,30,"TIPS of April 2029","2029-04-15","1999-04-15","Market ask","2026-10-06T1705","2026-10-07","2026-11-01",103.204,164.39333,334.12355,334.98,1.00633,1.00588,1.0057,1.00525,0.03906,102.949919,0.02555,0.02292,0.02311,0.02625,0.02382,0.02401,0.02339
"91282CKL4",0.02125,5,"X-2029","2029-04-15","2024-04-15","Market ask","2026-10-06T1705","2026-10-07","2026-11-01",98.935,309.30787,334.12355,334.98,1.00633,1.00588,1.0057,1.00525,0.03906,98.800397,0.02564,0.02305,0.02323,0.02633,0.02393,0.02412,0.02339
"9128287D6",0.0025,10,"D-2029","2029-07-15","2019-07-15","Market ask","2026-10-06T1705","2026-10-07","2026-11-01",94.344,255.79368,334.12355,334.98,1.00061,1.001,0.99998,1.00036,0.03906,94.337568,0.0237,0.02348,0.02334,0.02426,0.02427,0.02413,0.02353
"91282CLV1",0.01625,5,"AE-2029","2029-10-15","2024-10-15","Market ask","2026-10-06T1705","2026-10-07","2026-11-01",97.662,314.65561,334.12355,334.98,1.0002,1.00052,0.99957,0.99989,0.03906,97.561529,0.02432,0.02425,0.02414,0.02486,0.02501,0.0249,0.02367
"912828Z37",0.00125,10,"A-2030","2030-01-15","2020-01-15","Market ask","2026-10-06T1705","2026-10-07","2026-11-01",92.445,257.28368,334.12355,334.98,1.0044,1.00422,1.00376,1.00359,0.03906,92.446846,0.02546,0.0241,0.02416,0.02597,0.02478,0.02484,0.02382
"91282CNB3",0.01625,5,"X-2030","2030-04-15","2025-04-15","Market ask","2026-10-06T1705","2026-10-07","2026-11-01",96.725,318.32947,334.12355,334.98,1.00633,1.0058,1.0057,1.00516,0.03906,96.624424,0.02604,0.02418,0.02434,0.02654,0.02484,0.025,0.02398
"912828ZZ6",0.00125,10,"D-2030","2030-07-15","2020-07-15","Market ask","2026-10-06T1705","2026-10-07","2026-11-01",91.641,256.39126,334.12355,334.98,1.00061,1.00106,0.99998,1.00043,0.03906,91.642756,0.02459,0.02443,0.02431,0.02502,0.02502,0.0249,0.02415
"91282CPH8",0.01125,5,"AE-2030","2030-10-15","2025-10-15","Market ask","2026-10-06T1705","2026-10-07","2026-11-01",94.78,323.4671,334.12355,334.98,1.0002,1.00056,0.99957,0.99993,0.03906,94.71348,0.02497,0.02492,0.02483,0.02539,0.0255,0.02541,0.02433
"91282CBF7",0.00125,10,"A-2031","2031-01-15","2021-01-15","Market ask","2026-10-06T1705","2026-10-07","2026-11-01",90.196,260.31619,334.12355,334.98,1.0044,1.00419,1.00376,1.00357,0.03906,90.197595,0.02563,0.02458,0.02463,0.02602,0.02511,0.02516,0.02453
"91282CQP9",0.0125,5,"X-2031","2031-04-15","2026-04-15","Market ask","2026-10-06T1705","2026-10-07","2026-11-01",94.18,325.9674,334.12355,334.98,1.00633,1.00574,1.0057,1.00511,0.03906,94.104845,0.02623,0.02478,0.02492,0.02663,0.0253,0.02544,0.02472
"91282CCM1",0.00125,10,"D-2031","2031-07-15","2021-07-15","Market ask","2026-10-06T1705","2026-10-07","2026-11-01",89.297,268.0209,334.12355,334.98,1.00061,1.00111,0.99998,1.00048,0.03906,89.298494,0.0252,0.02507,0.02496,0.02554,0.02554,0.02544,0.02493
"91282CDX6",0.00125,10,"A-2032","2032-01-15","2022-01-15","Market ask","2026-10-06T1705","2026-10-07","2026-11-01",87.749,277.20274,334.12355,334.98,1.0044,1.00417,1.00376,1.00354,0.03906,87.750321,0.02629,0.02544,0.02549,0.02661,0.02588,0.02592,0.0254
"912810FQ6",0.03375,30.5,"TIPS of April 2032","2032-04-15","2001-10-15","Market ask","2026-10-06T1705","2026-10-07","2026-11-01",103.705,177.5,334.12355,334.98,1.00633,1.00571,1.0057,1.00508,0.03906,103.485248,0.02649,0.02524,0.02536,0.02684,0.02569,0.02582,0.02547
"91282CEZ0",0.00625,10,"D-2032","2032-07-15","2022-07-15","Market ask","2026-10-06T1705","2026-10-07","2026-11-01",89.464,290.54829,334.12355,334.98,1.00061,1.00118,0.99998,1.00054,0.03906,89.431557,0.02603,0.02592,0.02582,0.02633,0.02633,0.02623,0.02582
"91282CGK1",0.01125,10,"A-2033","2033-01-15","2023-01-15","Market ask","2026-10-06T1705","2026-10-07","2026-11-01",90.977,297.87606,334.12355,334.98,1.0044,1.00414,1.00376,1.00351,0.03906,90.910771,0.02698,0.02625,0.02629,0.02727,0.02664,0.02668,0.02629
"91282CHP9",0.01375,10,"D-2033","2033-07-15","2023-07-15","Market ask","2026-10-06T1705","2026-10-07","2026-11-01",91.954,303.70803,334.12355,334.98,1.00061,1.00125,0.99998,1.00062,0.03906,91.870904,0.02682,0.02673,0.02663,0.02709,0.02709,0.02699,0.02663
"91282CJY8",0.0175,10,"A-2034","2034-01-15","2024-01-15","Market ask","2026-10-06T1705","2026-10-07","2026-11-01",93.321,307.391,334.12355,334.98,1.0044,1.00412,1.00376,1.00349,0.03906,93.212591,0.0277,0.02705,0.02709,0.02797,0.02741,0.02745,0.02709
"91282CLE9",0.01875,10,"D-2034","2034-07-15","2024-07-15","Market ask","2026-10-06T1705","2026-10-07","2026-11-01",93.833,313.78329,334.12355,334.98,1.00061,1.0013,0.99998,1.00067,0.03906,93.716159,0.02762,0.02753,0.02744,0.02787,0.02787,0.02777,0.02744
"91282CML2",0.02125,10,"A-2035","2035-01-15","2025-01-15","Market ask","2026-10-06T1705","2026-10-07","2026-11-01",94.782,315.58677,334.12355,334.98,1.0044,1.00411,1.00376,1.00348,0.03906,94.648287,0.02837,0.02778,0.02782,0.02861,0.02811,0.02815,0.02782
"91282CNS6",0.01875,10,"D-2035","2035-07-15","2025-07-15","Market ask","2026-10-06T1705","2026-10-07","2026-11-01",92.538,321.09758,334.12355,334.98,1.00061,1.00134,0.99998,1.00071,0.03906,92.421014,0.02842,0.02834,0.02825,0.02865,0.02865,0.02856,0.02825
"91282CPU9",0.01875,10,"A-2036","2036-01-15","2026-01-15","Market ask","2026-10-06T1705","2026-10-07","2026-11-01",91.654,324.93471,334.12355,334.98,1.0044,1.0041,1.00376,1.00347,0.03906,91.536915,0.02908,0.02856,0.02859,0.02931,0.02886,0.02889,0.02859
"91282CRE3",0.02375,10,"D-2036","2036-07-15","2026-07-15","Market ask","2026-10-06T1705","2026-10-07","2026-11-01",95.53,333.96974,334.12355,334.98,1.00061,1.00139,0.99998,1.00075,0.03906,95.379394,0.02903,0.02896,0.02887,0.02925,0.02925,0.02916,0.02887
"912810QF8",0.02125,30,"TIPS of February 2040","2040-02-15","2010-02-15","Market ask","2026-10-06T1705","2026-10-07","2026-11-01",89.133,216.1395,334.12355,334.98,1.00768,1.00617,1.00705,1.00554,0.03906,88.998636,0.03126,0.03059,0.03072,0.03144,0.03082,0.03095,0.03072
"912810QP6",0.02125,30,"TIPS of February 2041","2041-02-15","2011-02-15","Market ask","2026-10-06T1705","2026-10-07","2026-11-01",87.858,218.991,334.12355,334.98,1.00768,1.00606,1.00705,1.00544,0.03906,87.723493,0.03185,0.03122,0.03135,0.03202,0.03144,0.03157,0.03135
"912810QV3",0.0075,30,"TIPS of February 2042","2042-02-15","2012-02-15","Market ask","2026-10-06T1705","2026-10-07","2026-11-01",69.88,225.96062,334.12355,334.98,1.00768,1.00597,1.00705,1.00533,0.03906,69.836872,0.03258,0.03204,0.03216,0.03273,0.03223,0.03235,0.03216
"912810RA8",0.00625,30,"TIPS of February 2043","2043-02-15","2013-02-15","Market ask","2026-10-06T1705","2026-10-07","2026-11-01",66.54,229.911,334.12355,334.98,1.00768,1.00591,1.00705,1.00527,0.03906,66.504989,0.03286,0.03235,0.03247,0.033,0.03253,0.03265,0.03247
"912810RF7",0.01375,30,"TIPS of February 2044","2044-02-15","2014-02-15","Market ask","2026-10-06T1705","2026-10-07","2026-11-01",74.537,233.059,334.12355,334.98,1.00768,1.00584,1.00705,1.00521,0.03906,74.451944,0.03316,0.03265,0.03277,0.03331,0.03283,0.03296,0.03277
"912810RL4",0.0075,30,"TIPS of February 2045","2045-02-15","2015-02-15","Market ask","2026-10-06T1705","2026-10-07","2026-11-01",64.556,235.4815,334.12355,334.98,1.00768,1.00577,1.00705,1.00514,0.03906,64.512277,0.03351,0.03305,0.03316,0.03364,0.03321,0.03333,0.03316
"912810RR1",0.01,30,"TIPS of February 2046","2046-02-15","2016-02-15","Market ask","2026-10-06T1705","2026-10-07","2026-11-01",66.571,236.94448,334.12355,334.98,1.00768,1.00571,1.00705,1.00508,0.03906,66.510523,0.03364,0.03318,0.0333,0.03377,0.03335,0.03347,0.0333
"912810RW0",0.00875,30,"TIPS of February 2047","2047-02-15","2017-02-15","Market ask","2026-10-06T1705","2026-10-07","2026-11-01",63.374,241.3925,334.12355,334.98,1.00768,1.00565,1.00705,1.00502,0.03906,63.321655,0.03378,0.03335,0.03346,0.0339,0.0335,0.03362,0.03346
"912810SB5",0.01,30,"TIPS of February 2048","2048-02-15","2018-02-15","Market ask","2026-10-06T1705","2026-10-07","2026-11-01",63.919,246.5965,334.12355,334.98,1.00768,1.0056,1.00705,1.00497,0.03906,63.858226,0.03387,0.03345,0.03357,0.03399,0.03361,0.03372,0.03357
"912810SG4",0.01,30,"TIPS of February 2049","2049-02-15","2019-02-15","Market ask","2026-10-06T1705","2026-10-07","2026-11-01",62.829,251.6355,334.12355,334.98,1.00768,1.00555,1.00705,1.00492,0.03906,62.768104,0.03383,0.03343,0.03354,0.03395,0.03358,0.03369,0.03354
"912810SM1",0.0025,30,"TIPS of February 2050","2050-02-15","2020-02-15","Market ask","2026-10-06T1705","2026-10-07","2026-11-01",49.602,257.09503,334.12355,334.98,1.00768,1.00549,1.00705,1.00487,0.03906,49.590565,0.03391,0.03357,0.03366,0.03401,0.03369,0.03379,0.03366
"912810SV1",0.00125,30,"TIPS of February 2051","2051-02-15","2021-02-15","Market ask","2026-10-06T1705","2026-10-07","2026-11-01",46.235,260.3515,334.12355,334.98,1.00768,1.00544,1.00705,1.00482,0.03906,46.231678,0.03383,0.0335,0.0336,0.03392,0.03362,0.03372,0.0336
"912810TE8",0.00125,30,"TIPS of February 2052","2052-02-15","2022-02-15","Market ask","2026-10-06T1705","2026-10-07","2026-11-01",44.829,278.375,334.12355,334.98,1.00768,1.0054,1.00705,1.00477,0.03906,44.825521,0.03383,0.03352,0.03361,0.03392,0.03363,0.03373,0.03361
"912810TP3",0.015,30,"TIPS of February 2053","2053-02-15","2023-02-15","Market ask","2026-10-06T1705","2026-10-07","2026-11-01",67.234,297.254,334.12355,334.98,1.00768,1.00535,1.00705,1.00473,0.03906,67.139638,0.0339,0.03352,0.03364,0.03401,0.03366,0.03377,0.03364
"912810TY4",0.02125,30,"TIPS of February 2054","2054-02-15","2024-02-15","Market ask","2026-10-06T1705","2026-10-07","2026-11-01",77.442,306.90376,334.12355,334.98,1.00768,1.00531,1.00705,1.00468,0.03906,77.306329,0.03398,0.03359,0.03371,0.03409,0.03373,0.03385,0.03371
"912810UH9",0.02375,30,"TIPS of February 2055","2055-02-15","2025-02-15","Market ask","2026-10-06T1705","2026-10-07","2026-11-01",81.538,315.549,334.12355,334.98,1.00768,1.00527,1.00705,1.00464,0.03906,81.385808,0.03394,0.03355,0.03367,0.03405,0.03369,0.03381,0.03367
"912810US5",0.02375,30,"TIPS of February 2056","2056-02-15","2026-02-15","Market ask","2026-10-06T1705","2026-10-07","2026-11-01",81.466,324.088,334.12355,334.98,1.00768,1.00523,1.00705,1.0046,0.03906,81.3138,0.03375,0.03336,0.03349,0.03386,0.0335,0.03363,0.03349
