cusip, interest_rate, security_term, series, maturity_date, dated_date, report_source, asOfDate, settle_date, fwd_date, settle_clean_price, dated_refcpi, settle_refcpi, fwd_refcpi, settle_mature_sa_ratio, settle_mature_sa_ratio_decay, fwd_mature_sa_ratio, fwd_mature_sa_ratio_decay, repo_rate, fwd_clean_price_unadjusted, settle_ytm, settle_sa_ytm, settle_sa_decay_ytm, forward_ytm, forward_sa_ytm, forward_sa_decay_ytm
"91282CDC2",0.00125,5,"AE-2026","2026-10-15","2021-10-15","Market ask","2026-10-06T0805","2026-10-07","2026-11-01",100.036,273.25771,334.12355,334.98,1.0002,1.0002,0.99957,0.99957,0.03897,,-0.01515,-0.0242,-0.0242,,,
"912810PS1",0.02375,20,"TIPS of January 2027","2027-01-15","2007-01-15","Market ask","2026-10-06T0805","2026-10-07","2026-11-01",100.301,201.66452,334.12355,334.98,1.0044,1.00428,1.00376,1.00365,0.03897,100.150307,0.01259,-0.00352,-0.00308,0.01628,-0.00208,-0.00154
"912828V49",0.00375,10,"A-2027","2027-01-15","2017-01-15","Market ask","2026-10-06T0805","2026-10-07","2026-11-01",99.754,241.55919,334.12355,334.98,1.0044,1.00428,1.00376,1.00365,0.03897,99.739071,0.01284,-0.00334,-0.0029,0.01662,-0.00184,-0.00131
"91282CEJ6",0.00125,5,"X-2027","2027-04-15","2022-04-15","Market ask","2026-10-06T0805","2026-10-07","2026-11-01",98.965,282.3464,334.12355,334.98,1.00633,1.00606,1.0057,1.00543,0.03897,98.966886,0.0213,0.00912,0.00963,0.0243,0.01165,0.01225
"9128282L3",0.00375,10,"D-2027","2027-07-15","2017-07-15","Market ask","2026-10-06T0805","2026-10-07","2026-11-01",99.008,244.61839,334.12355,334.98,1.00061,1.00085,0.99998,1.00022,0.03897,98.992993,0.01674,0.01594,0.01563,0.01821,0.01824,0.0179
"91282CFR7",0.01625,5,"AE-2027","2027-10-15","2022-10-15","Market ask","2026-10-06T0805","2026-10-07","2026-11-01",99.536,296.22858,334.12355,334.98,1.0002,1.00039,0.99957,0.99976,0.03897,99.435125,0.02086,0.02066,0.02047,0.02227,0.02273,0.02252
"912810PV4",0.0175,20,"TIPS of January 2028","2028-01-15","2008-01-15","Market ask","2026-10-06T0805","2026-10-07","2026-11-01",99.089,209.49645,334.12355,334.98,1.0044,1.00427,1.00376,1.00364,0.03897,98.980624,0.02481,0.0213,0.0214,0.02615,0.02297,0.02307
"9128283R9",0.005,10,"A-2028","2028-01-15","2018-01-15","Market ask","2026-10-06T0805","2026-10-07","2026-11-01",97.534,246.66571,334.12355,334.98,1.0044,1.00427,1.00376,1.00364,0.03897,97.510347,0.02482,0.02132,0.02142,0.02614,0.02298,0.02308
"912810FD5",0.03625,30,"TIPS of April 2028","2028-04-15","1998-04-15","Market ask","2026-10-06T0805","2026-10-07","2026-11-01",101.572,161.74,334.12355,334.98,1.00633,1.006,1.0057,1.00538,0.03897,101.334246,0.02565,0.02138,0.0216,0.02682,0.02279,0.02302
"91282CGW5",0.0125,5,"X-2028","2028-04-15","2023-04-15","Market ask","2026-10-06T0805","2026-10-07","2026-11-01",98.035,299.94933,334.12355,334.98,1.00633,1.006,1.0057,1.00538,0.03897,97.959672,0.02575,0.02153,0.02175,0.02691,0.02292,0.02315
"912828Y38",0.0075,10,"D-2028","2028-07-15","2018-07-15","Market ask","2026-10-06T0805","2026-10-07","2026-11-01",97.402,251.01658,334.12355,334.98,1.00061,1.00091,0.99998,1.00027,0.03897,97.361356,0.02254,0.02219,0.02202,0.02338,0.0234,0.02322
"91282CJH5",0.02375,5,"AE-2028","2028-10-15","2023-10-15","Market ask","2026-10-06T0805","2026-10-07","2026-11-01",100.075,306.2939,334.12355,334.98,1.0002,1.00047,0.99957,0.99984,0.03897,99.922771,0.02337,0.02326,0.02313,0.02415,0.02438,0.02424
"912810PZ5",0.025,20,"TIPS of January 2029","2029-01-15","2009-01-15","Market ask","2026-10-06T0805","2026-10-07","2026-11-01",99.984,214.69971,334.12355,334.98,1.0044,1.00423,1.00376,1.0036,0.03897,99.824785,0.02506,0.02307,0.02314,0.02581,0.02405,0.02413
"9128285W6",0.00875,10,"A-2029","2029-01-15","2019-01-15","Market ask","2026-10-06T0805","2026-10-07","2026-11-01",96.418,252.50248,334.12355,334.98,1.0044,1.00423,1.00376,1.0036,0.03897,96.368763,0.02507,0.0231,0.02317,0.0258,0.02407,0.02414
"912810FH6",0.03875,30,"TIPS of April 2029","2029-04-15","1999-04-15","Market ask","2026-10-06T0805","2026-10-07","2026-11-01",103.139,164.39333,334.12355,334.98,1.00633,1.00588,1.0057,1.00525,0.03897,102.884275,0.02581,0.02318,0.02337,0.02652,0.02409,0.02428
"91282CKL4",0.02125,5,"X-2029","2029-04-15","2024-04-15","Market ask","2026-10-06T0805","2026-10-07","2026-11-01",98.877,309.30787,334.12355,334.98,1.00633,1.00588,1.0057,1.00525,0.03897,98.741781,0.02588,0.02329,0.02347,0.02658,0.02418,0.02437
"9128287D6",0.0025,10,"D-2029","2029-07-15","2019-07-15","Market ask","2026-10-06T0805","2026-10-07","2026-11-01",94.292,255.79368,334.12355,334.98,1.00061,1.001,0.99998,1.00036,0.03897,94.284982,0.02391,0.02368,0.02354,0.02447,0.02448,0.02434
"91282CLV1",0.01625,5,"AE-2029","2029-10-15","2024-10-15","Market ask","2026-10-06T0805","2026-10-07","2026-11-01",97.615,314.65561,334.12355,334.98,1.0002,1.00052,0.99957,0.99989,0.03897,97.513922,0.02449,0.02442,0.02431,0.02503,0.02518,0.02507
"912828Z37",0.00125,10,"A-2030","2030-01-15","2020-01-15","Market ask","2026-10-06T0805","2026-10-07","2026-11-01",92.409,257.28368,334.12355,334.98,1.0044,1.00422,1.00376,1.00359,0.03897,92.410274,0.02558,0.02422,0.02428,0.0261,0.02491,0.02496
"91282CNB3",0.01625,5,"X-2030","2030-04-15","2025-04-15","Market ask","2026-10-06T0805","2026-10-07","2026-11-01",96.684,318.32947,334.12355,334.98,1.00633,1.0058,1.0057,1.00516,0.03897,96.582824,0.02617,0.02431,0.02446,0.02667,0.02496,0.02513
"912828ZZ6",0.00125,10,"D-2030","2030-07-15","2020-07-15","Market ask","2026-10-06T0805","2026-10-07","2026-11-01",91.581,256.39126,334.12355,334.98,1.00061,1.00106,0.99998,1.00043,0.03897,91.582186,0.02477,0.0246,0.02448,0.0252,0.0252,0.02508
"91282CPH8",0.01125,5,"AE-2030","2030-10-15","2025-10-15","Market ask","2026-10-06T0805","2026-10-07","2026-11-01",94.744,323.4671,334.12355,334.98,1.0002,1.00056,0.99957,0.99993,0.03897,94.676893,0.02507,0.02502,0.02493,0.02549,0.0256,0.02551
"91282CBF7",0.00125,10,"A-2031","2031-01-15","2021-01-15","Market ask","2026-10-06T0805","2026-10-07","2026-11-01",90.14,260.31619,334.12355,334.98,1.0044,1.00419,1.00376,1.00357,0.03897,90.141034,0.02577,0.02473,0.02478,0.02617,0.02526,0.02531
"91282CQP9",0.0125,5,"X-2031","2031-04-15","2026-04-15","Market ask","2026-10-06T0805","2026-10-07","2026-11-01",94.134,325.9674,334.12355,334.98,1.00633,1.00574,1.0057,1.00511,0.03897,94.05826,0.02635,0.0249,0.02503,0.02674,0.02541,0.02555
"91282CCM1",0.00125,10,"D-2031","2031-07-15","2021-07-15","Market ask","2026-10-06T0805","2026-10-07","2026-11-01",89.257,268.0209,334.12355,334.98,1.00061,1.00111,0.99998,1.00048,0.03897,89.257941,0.02529,0.02516,0.02506,0.02564,0.02564,0.02553
"91282CDX6",0.00125,10,"A-2032","2032-01-15","2022-01-15","Market ask","2026-10-06T0805","2026-10-07","2026-11-01",87.695,277.20274,334.12355,334.98,1.0044,1.00417,1.00376,1.00354,0.03897,87.695776,0.02641,0.02556,0.0256,0.02673,0.026,0.02604
"912810FQ6",0.03375,30.5,"TIPS of April 2032","2032-04-15","2001-10-15","Market ask","2026-10-06T0805","2026-10-07","2026-11-01",103.593,177.5,334.12355,334.98,1.00633,1.00571,1.0057,1.00508,0.03897,103.372596,0.02671,0.02545,0.02558,0.02705,0.02591,0.02603
"91282CEZ0",0.00625,10,"D-2032","2032-07-15","2022-07-15","Market ask","2026-10-06T0805","2026-10-07","2026-11-01",89.439,290.54829,334.12355,334.98,1.00061,1.00118,0.99998,1.00054,0.03897,89.406004,0.02608,0.02597,0.02587,0.02638,0.02638,0.02628
"91282CGK1",0.01125,10,"A-2033","2033-01-15","2023-01-15","Market ask","2026-10-06T0805","2026-10-07","2026-11-01",90.931,297.87606,334.12355,334.98,1.0044,1.00414,1.00376,1.00351,0.03897,90.864206,0.02707,0.02633,0.02638,0.02736,0.02673,0.02677
"91282CHP9",0.01375,10,"D-2033","2033-07-15","2023-07-15","Market ask","2026-10-06T0805","2026-10-07","2026-11-01",91.925,303.70803,334.12355,334.98,1.00061,1.00125,0.99998,1.00062,0.03897,91.841334,0.02687,0.02677,0.02667,0.02714,0.02714,0.02704
"91282CJY8",0.0175,10,"A-2034","2034-01-15","2024-01-15","Market ask","2026-10-06T0805","2026-10-07","2026-11-01",93.318,307.391,334.12355,334.98,1.0044,1.00412,1.00376,1.00349,0.03897,93.209015,0.02771,0.02706,0.0271,0.02797,0.02741,0.02745
"91282CLE9",0.01875,10,"D-2034","2034-07-15","2024-07-15","Market ask","2026-10-06T0805","2026-10-07","2026-11-01",93.845,313.78329,334.12355,334.98,1.00061,1.0013,0.99998,1.00067,0.03897,93.72758,0.0276,0.02752,0.02742,0.02785,0.02785,0.02776
"91282CML2",0.02125,10,"A-2035","2035-01-15","2025-01-15","Market ask","2026-10-06T0805","2026-10-07","2026-11-01",94.767,315.58677,334.12355,334.98,1.0044,1.00411,1.00376,1.00348,0.03897,94.6327,0.02839,0.02781,0.02784,0.02863,0.02813,0.02817
"91282CNS6",0.01875,10,"D-2035","2035-07-15","2025-07-15","Market ask","2026-10-06T0805","2026-10-07","2026-11-01",92.559,321.09758,334.12355,334.98,1.00061,1.00134,0.99998,1.00071,0.03897,92.441445,0.02839,0.02831,0.02822,0.02862,0.02862,0.02853
"91282CPU9",0.01875,10,"A-2036","2036-01-15","2026-01-15","Market ask","2026-10-06T0805","2026-10-07","2026-11-01",91.654,324.93471,334.12355,334.98,1.0044,1.0041,1.00376,1.00347,0.03897,91.536349,0.02908,0.02856,0.02859,0.02931,0.02886,0.02889
"91282CRE3",0.02375,10,"D-2036","2036-07-15","2026-07-15","Market ask","2026-10-06T0805","2026-10-07","2026-11-01",95.518,333.96974,334.12355,334.98,1.00061,1.00139,0.99998,1.00075,0.03897,95.366802,0.02905,0.02898,0.02889,0.02927,0.02927,0.02918
"912810QF8",0.02125,30,"TIPS of February 2040","2040-02-15","2010-02-15","Market ask","2026-10-06T0805","2026-10-07","2026-11-01",89.19,216.1395,334.12355,334.98,1.00768,1.00617,1.00705,1.00554,0.03897,89.055092,0.03121,0.03054,0.03067,0.03138,0.03077,0.0309
"912810QP6",0.02125,30,"TIPS of February 2041","2041-02-15","2011-02-15","Market ask","2026-10-06T0805","2026-10-07","2026-11-01",87.932,218.991,334.12355,334.98,1.00768,1.00606,1.00705,1.00544,0.03897,87.796959,0.03178,0.03115,0.03128,0.03195,0.03137,0.0315
"912810QV3",0.0075,30,"TIPS of February 2042","2042-02-15","2012-02-15","Market ask","2026-10-06T0805","2026-10-07","2026-11-01",69.945,225.96062,334.12355,334.98,1.00768,1.00597,1.00705,1.00533,0.03897,69.901449,0.03252,0.03198,0.0321,0.03267,0.03217,0.03229
"912810RA8",0.00625,30,"TIPS of February 2043","2043-02-15","2013-02-15","Market ask","2026-10-06T0805","2026-10-07","2026-11-01",66.587,229.911,334.12355,334.98,1.00768,1.00591,1.00705,1.00527,0.03897,66.551584,0.03281,0.0323,0.03242,0.03295,0.03248,0.0326
"912810RF7",0.01375,30,"TIPS of February 2044","2044-02-15","2014-02-15","Market ask","2026-10-06T0805","2026-10-07","2026-11-01",74.586,233.059,334.12355,334.98,1.00768,1.00584,1.00705,1.00521,0.03897,74.50049,0.03312,0.0326,0.03273,0.03326,0.03279,0.03291
"912810RL4",0.0075,30,"TIPS of February 2045","2045-02-15","2015-02-15","Market ask","2026-10-06T0805","2026-10-07","2026-11-01",64.57,235.4815,334.12355,334.98,1.00768,1.00577,1.00705,1.00514,0.03897,64.525881,0.0335,0.03303,0.03315,0.03363,0.0332,0.03331
"912810RR1",0.01,30,"TIPS of February 2046","2046-02-15","2016-02-15","Market ask","2026-10-06T0805","2026-10-07","2026-11-01",66.624,236.94448,334.12355,334.98,1.00768,1.00571,1.00705,1.00508,0.03897,66.563118,0.03359,0.03314,0.03325,0.03372,0.0333,0.03342
"912810RW0",0.00875,30,"TIPS of February 2047","2047-02-15","2017-02-15","Market ask","2026-10-06T0805","2026-10-07","2026-11-01",63.437,241.3925,334.12355,334.98,1.00768,1.00565,1.00705,1.00502,0.03897,63.384271,0.03372,0.03329,0.0334,0.03384,0.03345,0.03356
"912810SB5",0.01,30,"TIPS of February 2048","2048-02-15","2018-02-15","Market ask","2026-10-06T0805","2026-10-07","2026-11-01",63.991,246.5965,334.12355,334.98,1.00768,1.0056,1.00705,1.00497,0.03897,63.92984,0.03381,0.03339,0.03351,0.03393,0.03354,0.03366
"912810SG4",0.01,30,"TIPS of February 2049","2049-02-15","2019-02-15","Market ask","2026-10-06T0805","2026-10-07","2026-11-01",62.92,251.6355,334.12355,334.98,1.00768,1.00555,1.00705,1.00492,0.03897,62.858727,0.03376,0.03335,0.03347,0.03387,0.0335,0.03361
"912810SM1",0.0025,30,"TIPS of February 2050","2050-02-15","2020-02-15","Market ask","2026-10-06T0805","2026-10-07","2026-11-01",49.703,257.09503,334.12355,334.98,1.00768,1.00549,1.00705,1.00487,0.03897,49.69127,0.03382,0.03347,0.03357,0.03392,0.0336,0.0337
"912810SV1",0.00125,30,"TIPS of February 2051","2051-02-15","2021-02-15","Market ask","2026-10-06T0805","2026-10-07","2026-11-01",46.328,260.3515,334.12355,334.98,1.00768,1.00544,1.00705,1.00482,0.03897,46.324404,0.03374,0.03342,0.03351,0.03384,0.03354,0.03363
"912810TE8",0.00125,30,"TIPS of February 2052","2052-02-15","2022-02-15","Market ask","2026-10-06T0805","2026-10-07","2026-11-01",44.94,278.375,334.12355,334.98,1.00768,1.0054,1.00705,1.00477,0.03897,44.936257,0.03373,0.03342,0.03351,0.03382,0.03353,0.03362
"912810TP3",0.015,30,"TIPS of February 2053","2053-02-15","2023-02-15","Market ask","2026-10-06T0805","2026-10-07","2026-11-01",67.363,297.254,334.12355,334.98,1.00768,1.00535,1.00705,1.00473,0.03897,67.268237,0.03381,0.03343,0.03354,0.03391,0.03357,0.03368
"912810TY4",0.02125,30,"TIPS of February 2054","2054-02-15","2024-02-15","Market ask","2026-10-06T0805","2026-10-07","2026-11-01",77.572,306.90376,334.12355,334.98,1.00768,1.00531,1.00705,1.00468,0.03897,77.435865,0.03389,0.0335,0.03362,0.034,0.03364,0.03376
"912810UH9",0.02375,30,"TIPS of February 2055","2055-02-15","2025-02-15","Market ask","2026-10-06T0805","2026-10-07","2026-11-01",81.649,315.549,334.12355,334.98,1.00768,1.00527,1.00705,1.00464,0.03897,81.496316,0.03387,0.03348,0.0336,0.03398,0.03362,0.03374
"912810US5",0.02375,30,"TIPS of February 2056","2056-02-15","2026-02-15","Market ask","2026-10-06T0805","2026-10-07","2026-11-01",81.586,324.088,334.12355,334.98,1.00768,1.00523,1.00705,1.0046,0.03897,81.433309,0.03367,0.03329,0.03341,0.03378,0.03343,0.03355
