cusip, interest_rate, security_term, series, maturity_date, dated_date, report_source, asOfDate, settle_date, fwd_date, settle_clean_price, dated_refcpi, settle_refcpi, fwd_refcpi, settle_mature_sa_ratio, settle_mature_sa_ratio_decay, fwd_mature_sa_ratio, fwd_mature_sa_ratio_decay, repo_rate, fwd_clean_price, settle_ytm, settle_sa_ytm, settle_sa_decay_ytm, forward_ytm, forward_sa_ytm, forward_sa_decay_ytm
"91282CDC2",0.00125,5,"AE-2026","2026-10-15","2021-10-15","Market bid","2026-10-06T1235","2026-10-07","2026-11-01",99.953,273.25771,334.12355,334.98,1.0002,1.0002,0.99957,0.99957,0.03926,,0.02287,0.01365,0.01365,,,
"912810PS1",0.02375,20,"TIPS of January 2027","2027-01-15","2007-01-15","Market bid","2026-10-06T1235","2026-10-07","2026-11-01",100.248,201.66452,334.12355,334.98,1.0044,1.00428,1.00376,1.00365,0.03926,100.099299,0.01453,-0.00159,-0.00115,0.01878,0.00041,0.00094
"912828V49",0.00375,10,"A-2027","2027-01-15","2017-01-15","Market bid","2026-10-06T1235","2026-10-07","2026-11-01",99.732,241.55919,334.12355,334.98,1.0044,1.00428,1.00376,1.00365,0.03926,99.719047,0.01366,-0.00253,-0.00209,0.01761,-0.00086,-0.00032
"91282CEJ6",0.00125,5,"X-2027","2027-04-15","2022-04-15","Market bid","2026-10-06T1235","2026-10-07","2026-11-01",98.931,282.3464,334.12355,334.98,1.00633,1.00606,1.0057,1.00543,0.03926,98.934843,0.02196,0.00978,0.01029,0.02503,0.01237,0.01297
"9128282L3",0.00375,10,"D-2027","2027-07-15","2017-07-15","Market bid","2026-10-06T1235","2026-10-07","2026-11-01",98.967,244.61839,334.12355,334.98,1.00061,1.00085,0.99998,1.00022,0.03926,98.953951,0.01728,0.01648,0.01617,0.01878,0.01881,0.01846
"91282CFR7",0.01625,5,"AE-2027","2027-10-15","2022-10-15","Market bid","2026-10-06T1235","2026-10-07","2026-11-01",99.494,296.22858,334.12355,334.98,1.0002,1.00039,0.99957,0.99976,0.03926,99.395096,0.02128,0.02108,0.02089,0.0227,0.02315,0.02295
"912810PV4",0.0175,20,"TIPS of January 2028","2028-01-15","2008-01-15","Market bid","2026-10-06T1235","2026-10-07","2026-11-01",99.023,209.49645,334.12355,334.98,1.0044,1.00427,1.00376,1.00364,0.03926,98.916587,0.02534,0.02183,0.02193,0.02669,0.02352,0.02362
"9128283R9",0.005,10,"A-2028","2028-01-15","2018-01-15","Market bid","2026-10-06T1235","2026-10-07","2026-11-01",97.48,246.66571,334.12355,334.98,1.0044,1.00427,1.00376,1.00364,0.03926,97.458275,0.02526,0.02176,0.02186,0.02659,0.02343,0.02353
"912810FD5",0.03625,30,"TIPS of April 2028","2028-04-15","1998-04-15","Market bid","2026-10-06T1235","2026-10-07","2026-11-01",101.497,161.74,334.12355,334.98,1.00633,1.006,1.0057,1.00538,0.03926,101.261259,0.02615,0.02188,0.0221,0.02733,0.0233,0.02353
"91282CGW5",0.0125,5,"X-2028","2028-04-15","2023-04-15","Market bid","2026-10-06T1235","2026-10-07","2026-11-01",97.981,299.94933,334.12355,334.98,1.00633,1.006,1.0057,1.00538,0.03926,97.907611,0.02612,0.02189,0.02211,0.02728,0.0233,0.02352
"912828Y38",0.0075,10,"D-2028","2028-07-15","2018-07-15","Market bid","2026-10-06T1235","2026-10-07","2026-11-01",97.363,251.01658,334.12355,334.98,1.00061,1.00091,0.99998,1.00027,0.03926,97.324284,0.02277,0.02242,0.02225,0.02361,0.02362,0.02345
"91282CJH5",0.02375,5,"AE-2028","2028-10-15","2023-10-15","Market bid","2026-10-06T1235","2026-10-07","2026-11-01",100.042,306.2939,334.12355,334.98,1.0002,1.00047,0.99957,0.99984,0.03926,99.891756,0.02353,0.02343,0.0233,0.02432,0.02454,0.0244
"912810PZ5",0.025,20,"TIPS of January 2029","2029-01-15","2009-01-15","Market bid","2026-10-06T1235","2026-10-07","2026-11-01",99.922,214.69971,334.12355,334.98,1.0044,1.00423,1.00376,1.0036,0.03926,99.764769,0.02535,0.02335,0.02342,0.0261,0.02434,0.02441
"9128285W6",0.00875,10,"A-2029","2029-01-15","2019-01-15","Market bid","2026-10-06T1235","2026-10-07","2026-11-01",96.38,252.50248,334.12355,334.98,1.0044,1.00423,1.00376,1.0036,0.03926,96.332673,0.02524,0.02327,0.02335,0.02598,0.02424,0.02431
"912810FH6",0.03875,30,"TIPS of April 2029","2029-04-15","1999-04-15","Market bid","2026-10-06T1235","2026-10-07","2026-11-01",103.087,164.39333,334.12355,334.98,1.00633,1.00588,1.0057,1.00525,0.03926,102.834322,0.02602,0.02339,0.02358,0.02673,0.0243,0.02449
"91282CKL4",0.02125,5,"X-2029","2029-04-15","2024-04-15","Market bid","2026-10-06T1235","2026-10-07","2026-11-01",98.849,309.30787,334.12355,334.98,1.00633,1.00588,1.0057,1.00525,0.03926,98.715742,0.02599,0.02341,0.02359,0.02669,0.0243,0.02448
"9128287D6",0.0025,10,"D-2029","2029-07-15","2019-07-15","Market bid","2026-10-06T1235","2026-10-07","2026-11-01",94.261,255.79368,334.12355,334.98,1.00061,1.001,0.99998,1.00036,0.03926,94.255848,0.02403,0.0238,0.02366,0.02459,0.0246,0.02445
"91282CLV1",0.01625,5,"AE-2029","2029-10-15","2024-10-15","Market bid","2026-10-06T1235","2026-10-07","2026-11-01",97.58,314.65561,334.12355,334.98,1.0002,1.00052,0.99957,0.99989,0.03926,97.480856,0.02461,0.02454,0.02443,0.02515,0.0253,0.02519
"912828Z37",0.00125,10,"A-2030","2030-01-15","2020-01-15","Market bid","2026-10-06T1235","2026-10-07","2026-11-01",92.368,257.28368,334.12355,334.98,1.0044,1.00422,1.00376,1.00359,0.03926,92.3711,0.02572,0.02436,0.02442,0.02623,0.02504,0.0251
"91282CNB3",0.01625,5,"X-2030","2030-04-15","2025-04-15","Market bid","2026-10-06T1235","2026-10-07","2026-11-01",96.643,318.32947,334.12355,334.98,1.00633,1.0058,1.0057,1.00516,0.03926,96.543738,0.02629,0.02443,0.02459,0.02679,0.02509,0.02525
"912828ZZ6",0.00125,10,"D-2030","2030-07-15","2020-07-15","Market bid","2026-10-06T1235","2026-10-07","2026-11-01",91.55,256.39126,334.12355,334.98,1.00061,1.00106,0.99998,1.00043,0.03926,91.552997,0.02486,0.02469,0.02457,0.02528,0.02529,0.02517
"91282CPH8",0.01125,5,"AE-2030","2030-10-15","2025-10-15","Market bid","2026-10-06T1235","2026-10-07","2026-11-01",94.716,323.4671,334.12355,334.98,1.0002,1.00056,0.99957,0.99993,0.03926,94.650769,0.02515,0.02509,0.025,0.02556,0.02567,0.02558
"91282CBF7",0.00125,10,"A-2031","2031-01-15","2021-01-15","Market bid","2026-10-06T1235","2026-10-07","2026-11-01",90.111,260.31619,334.12355,334.98,1.0044,1.00419,1.00376,1.00357,0.03926,90.113817,0.02585,0.02481,0.02486,0.02624,0.02534,0.02538
"91282CQP9",0.0125,5,"X-2031","2031-04-15","2026-04-15","Market bid","2026-10-06T1235","2026-10-07","2026-11-01",94.102,325.9674,334.12355,334.98,1.00633,1.00574,1.0057,1.00511,0.03926,94.028124,0.02642,0.02497,0.02511,0.02682,0.02549,0.02563
"91282CCM1",0.00125,10,"D-2031","2031-07-15","2021-07-15","Market bid","2026-10-06T1235","2026-10-07","2026-11-01",89.215,268.0209,334.12355,334.98,1.00061,1.00111,0.99998,1.00048,0.03926,89.217704,0.02539,0.02526,0.02516,0.02573,0.02574,0.02563
"91282CDX6",0.00125,10,"A-2032","2032-01-15","2022-01-15","Market bid","2026-10-06T1235","2026-10-07","2026-11-01",87.666,277.20274,334.12355,334.98,1.0044,1.00417,1.00376,1.00354,0.03926,87.66851,0.02647,0.02562,0.02567,0.0268,0.02606,0.02611
"912810FQ6",0.03375,30.5,"TIPS of April 2032","2032-04-15","2001-10-15","Market bid","2026-10-06T1235","2026-10-07","2026-11-01",103.564,177.5,334.12355,334.98,1.00633,1.00571,1.0057,1.00508,0.03926,103.345654,0.02676,0.02551,0.02563,0.02711,0.02596,0.02609
"91282CEZ0",0.00625,10,"D-2032","2032-07-15","2022-07-15","Market bid","2026-10-06T1235","2026-10-07","2026-11-01",89.42,290.54829,334.12355,334.98,1.00061,1.00118,0.99998,1.00054,0.03926,89.388776,0.02612,0.02601,0.0259,0.02641,0.02642,0.02631
"91282CGK1",0.01125,10,"A-2033","2033-01-15","2023-01-15","Market bid","2026-10-06T1235","2026-10-07","2026-11-01",90.912,297.87606,334.12355,334.98,1.0044,1.00414,1.00376,1.00351,0.03926,90.84701,0.0271,0.02637,0.02641,0.02739,0.02676,0.0268
"91282CHP9",0.01375,10,"D-2033","2033-07-15","2023-07-15","Market bid","2026-10-06T1235","2026-10-07","2026-11-01",91.886,303.70803,334.12355,334.98,1.00061,1.00125,0.99998,1.00062,0.03926,91.804156,0.02694,0.02684,0.02674,0.02721,0.02721,0.02711
"91282CJY8",0.0175,10,"A-2034","2034-01-15","2024-01-15","Market bid","2026-10-06T1235","2026-10-07","2026-11-01",93.276,307.391,334.12355,334.98,1.0044,1.00412,1.00376,1.00349,0.03926,93.168866,0.02777,0.02712,0.02716,0.02804,0.02748,0.02752
"91282CLE9",0.01875,10,"D-2034","2034-07-15","2024-07-15","Market bid","2026-10-06T1235","2026-10-07","2026-11-01",93.806,313.78329,334.12355,334.98,1.00061,1.0013,0.99998,1.00067,0.03926,93.690443,0.02766,0.02757,0.02748,0.02791,0.02791,0.02781
"91282CML2",0.02125,10,"A-2035","2035-01-15","2025-01-15","Market bid","2026-10-06T1235","2026-10-07","2026-11-01",94.735,315.58677,334.12355,334.98,1.0044,1.00411,1.00376,1.00348,0.03926,94.602583,0.02844,0.02785,0.02789,0.02868,0.02817,0.02821
"91282CNS6",0.01875,10,"D-2035","2035-07-15","2025-07-15","Market bid","2026-10-06T1235","2026-10-07","2026-11-01",92.518,321.09758,334.12355,334.98,1.00061,1.00134,0.99998,1.00071,0.03926,92.402282,0.02845,0.02837,0.02828,0.02867,0.02868,0.02858
"91282CPU9",0.01875,10,"A-2036","2036-01-15","2026-01-15","Market bid","2026-10-06T1235","2026-10-07","2026-11-01",91.628,324.93471,334.12355,334.98,1.0044,1.0041,1.00376,1.00347,0.03926,91.51217,0.02912,0.02859,0.02863,0.02934,0.02889,0.02892
"91282CRE3",0.02375,10,"D-2036","2036-07-15","2026-07-15","Market bid","2026-10-06T1235","2026-10-07","2026-11-01",95.504,333.96974,334.12355,334.98,1.00061,1.00139,0.99998,1.00075,0.03926,95.354704,0.02907,0.029,0.0289,0.02928,0.02928,0.02919
"912810QF8",0.02125,30,"TIPS of February 2040","2040-02-15","2010-02-15","Market bid","2026-10-06T1235","2026-10-07","2026-11-01",89.113,216.1395,334.12355,334.98,1.00768,1.00617,1.00705,1.00554,0.03926,88.979855,0.03128,0.03061,0.03074,0.03146,0.03084,0.03097
"912810QP6",0.02125,30,"TIPS of February 2041","2041-02-15","2011-02-15","Market bid","2026-10-06T1235","2026-10-07","2026-11-01",87.864,218.991,334.12355,334.98,1.00768,1.00606,1.00705,1.00544,0.03926,87.730699,0.03185,0.03122,0.03135,0.03202,0.03143,0.03157
"912810QV3",0.0075,30,"TIPS of February 2042","2042-02-15","2012-02-15","Market bid","2026-10-06T1235","2026-10-07","2026-11-01",69.904,225.96062,334.12355,334.98,1.00768,1.00597,1.00705,1.00533,0.03926,69.861832,0.03256,0.03202,0.03214,0.03271,0.03221,0.03233
"912810RA8",0.00625,30,"TIPS of February 2043","2043-02-15","2013-02-15","Market bid","2026-10-06T1235","2026-10-07","2026-11-01",66.553,229.911,334.12355,334.98,1.00768,1.00591,1.00705,1.00527,0.03926,66.518901,0.03284,0.03234,0.03245,0.03298,0.03252,0.03263
"912810RF7",0.01375,30,"TIPS of February 2044","2044-02-15","2014-02-15","Market bid","2026-10-06T1235","2026-10-07","2026-11-01",74.57,233.059,334.12355,334.98,1.00768,1.00584,1.00705,1.00521,0.03926,74.485969,0.03313,0.03262,0.03274,0.03328,0.0328,0.03293
"912810RL4",0.0075,30,"TIPS of February 2045","2045-02-15","2015-02-15","Market bid","2026-10-06T1235","2026-10-07","2026-11-01",64.561,235.4815,334.12355,334.98,1.00768,1.00577,1.00705,1.00514,0.03926,64.518161,0.0335,0.03304,0.03316,0.03363,0.03321,0.03332
"912810RR1",0.01,30,"TIPS of February 2046","2046-02-15","2016-02-15","Market bid","2026-10-06T1235","2026-10-07","2026-11-01",66.64,236.94448,334.12355,334.98,1.00768,1.00571,1.00705,1.00508,0.03926,66.580443,0.03358,0.03312,0.03324,0.0337,0.03329,0.0334
"912810RW0",0.00875,30,"TIPS of February 2047","2047-02-15","2017-02-15","Market bid","2026-10-06T1235","2026-10-07","2026-11-01",63.429,241.3925,334.12355,334.98,1.00768,1.00565,1.00705,1.00502,0.03926,63.37753,0.03373,0.0333,0.03341,0.03385,0.03345,0.03357
"912810SB5",0.01,30,"TIPS of February 2048","2048-02-15","2018-02-15","Market bid","2026-10-06T1235","2026-10-07","2026-11-01",63.977,246.5965,334.12355,334.98,1.00768,1.0056,1.00705,1.00497,0.03926,63.917109,0.03382,0.0334,0.03352,0.03394,0.03356,0.03367
"912810SG4",0.01,30,"TIPS of February 2049","2049-02-15","2019-02-15","Market bid","2026-10-06T1235","2026-10-07","2026-11-01",62.907,251.6355,334.12355,334.98,1.00768,1.00555,1.00705,1.00492,0.03926,62.846975,0.03377,0.03337,0.03348,0.03388,0.03351,0.03362
"912810SM1",0.0025,30,"TIPS of February 2050","2050-02-15","2020-02-15","Market bid","2026-10-06T1235","2026-10-07","2026-11-01",49.663,257.09503,334.12355,334.98,1.00768,1.00549,1.00705,1.00487,0.03926,49.652251,0.03386,0.03351,0.03361,0.03396,0.03364,0.03373
"912810SV1",0.00125,30,"TIPS of February 2051","2051-02-15","2021-02-15","Market bid","2026-10-06T1235","2026-10-07","2026-11-01",46.304,260.3515,334.12355,334.98,1.00768,1.00544,1.00705,1.00482,0.03926,46.301319,0.03377,0.03344,0.03353,0.03386,0.03356,0.03365
"912810TE8",0.00125,30,"TIPS of February 2052","2052-02-15","2022-02-15","Market bid","2026-10-06T1235","2026-10-07","2026-11-01",44.913,278.375,334.12355,334.98,1.00768,1.0054,1.00705,1.00477,0.03926,44.910144,0.03376,0.03344,0.03353,0.03384,0.03355,0.03365
"912810TP3",0.015,30,"TIPS of February 2053","2053-02-15","2023-02-15","Market bid","2026-10-06T1235","2026-10-07","2026-11-01",67.37,297.254,334.12355,334.98,1.00768,1.00535,1.00705,1.00473,0.03926,67.276576,0.0338,0.03342,0.03354,0.03391,0.03356,0.03367
"912810TY4",0.02125,30,"TIPS of February 2054","2054-02-15","2024-02-15","Market bid","2026-10-06T1235","2026-10-07","2026-11-01",77.614,306.90376,334.12355,334.98,1.00768,1.00531,1.00705,1.00468,0.03926,77.479413,0.03386,0.03347,0.03359,0.03398,0.03361,0.03374
"912810UH9",0.02375,30,"TIPS of February 2055","2055-02-15","2025-02-15","Market bid","2026-10-06T1235","2026-10-07","2026-11-01",81.698,315.549,334.12355,334.98,1.00768,1.00527,1.00705,1.00464,0.03926,81.546947,0.03384,0.03345,0.03357,0.03395,0.03359,0.03371
"912810US5",0.02375,30,"TIPS of February 2056","2056-02-15","2026-02-15","Market bid","2026-10-06T1235","2026-10-07","2026-11-01",81.652,324.088,334.12355,334.98,1.00768,1.00523,1.00705,1.0046,0.03926,81.500941,0.03363,0.03325,0.03337,0.03374,0.03339,0.03351
