cusip, asOfDate, basis, settleDate, maturity, coupon, marketClean, modelClean, priceResidual, marketYtm, modelYtm, residualBp, richCheap, nominalMarketYtm, nominalModelYtm
"912810PS1","2026-10-05T1705","settle-sa","2026-10-06","2027-01-15",0.02375,100.818658,100.813291,0.005367,-0.00599,-0.0058,-1.9,"",0.04122,0.04179
"912828V49","2026-10-05T1705","settle-sa","2026-10-06","2027-01-15",0.00375,100.262209,100.262782,-0.000573,-0.00578,-0.0058,0.2,"",0.04122,0.04179
"91282CEJ6","2026-10-05T1705","settle-sa","2026-10-06","2027-04-15",0.00125,99.649783,99.64779,0.001993,0.00795,0.00799,-0.4,"",0.04247,0.04277
"9128282L3","2026-10-05T1705","settle-sa","2026-10-06","2027-07-15",0.00375,99.12541,99.119598,0.005812,0.01515,0.01523,-0.8,"",0.04404,0.04403
"91282CFR7","2026-10-05T1705","settle-sa","2026-10-06","2027-10-15",0.01625,99.605908,99.721147,-0.115239,0.02015,0.01901,11.4,"cheap",0.04534,0.04521
"912810PV4","2026-10-05T1705","settle-sa","2026-10-06","2028-01-15",0.0175,99.563133,99.564592,-0.001459,0.02098,0.02097,0.1,"",0.04655,0.0462
"9128283R9","2026-10-05T1705","settle-sa","2026-10-06","2028-01-15",0.005,97.986193,97.994291,-0.008097,0.0211,0.02103,0.7,"",0.04655,0.04622
"912810FD5","2026-10-05T1705","settle-sa","2026-10-06","2028-04-15",0.03625,102.247173,102.137277,0.109896,0.02119,0.02192,-7.3,"rich",0.04732,0.04691
"91282CGW5","2026-10-05T1705","settle-sa","2026-10-06","2028-04-15",0.0125,98.67463,98.582291,0.09234,0.02138,0.02201,-6.3,"rich",0.04732,0.04694
"912828Y38","2026-10-05T1705","settle-sa","2026-10-06","2028-07-15",0.0075,97.468366,97.390843,0.077524,0.02212,0.02258,-4.6,"rich",0.0478,0.04759
"91282CJH5","2026-10-05T1705","settle-sa","2026-10-06","2028-10-15",0.02375,100.099017,100.166099,-0.067082,0.02324,0.0229,3.4,"cheap",0.04824,0.04816
"912810PZ5","2026-10-05T1705","settle-sa","2026-10-06","2029-01-15",0.025,100.434969,100.402155,0.032814,0.02302,0.02317,-1.5,"",0.04864,0.04866
"9128285W6","2026-10-05T1705","settle-sa","2026-10-06","2029-01-15",0.00875,96.848185,96.809191,0.038994,0.02305,0.02323,-1.8,"",0.04864,0.0487
"912810FH6","2026-10-05T1705","settle-sa","2026-10-06","2029-04-15",0.03875,103.803996,103.76276,0.041236,0.02315,0.02331,-1.6,"",0.04897,0.04895
"91282CKL4","2026-10-05T1705","settle-sa","2026-10-06","2029-04-15",0.02125,99.508894,99.482868,0.026026,0.02326,0.02337,-1.1,"",0.04897,0.04899
"9128287D6","2026-10-05T1705","settle-sa","2026-10-06","2029-07-15",0.0025,94.341398,94.35728,-0.015883,0.02369,0.02363,0.6,"",0.04926,0.04936
"91282CLV1","2026-10-05T1705","settle-sa","2026-10-06","2029-10-15",0.01625,97.604468,97.807007,-0.202539,0.02452,0.02381,7.1,"cheap",0.04946,0.04964
"912828Z37","2026-10-05T1705","settle-sa","2026-10-06","2030-01-15",0.00125,92.754169,92.851357,-0.097188,0.02441,0.02408,3.3,"cheap",0.04972,0.04996
"91282CNB3","2026-10-05T1705","settle-sa","2026-10-06","2030-04-15",0.01625,97.243601,97.323473,-0.079873,0.02446,0.02422,2.4,"cheap",0.04986,0.05006
"912828ZZ6","2026-10-05T1705","settle-sa","2026-10-06","2030-07-15",0.00125,91.58166,91.670484,-0.088824,0.02475,0.02449,2.6,"cheap",0.05008,0.05028
"91282CPH8","2026-10-05T1705","settle-sa","2026-10-06","2030-10-15",0.01125,94.684826,94.881614,-0.196788,0.02522,0.02469,5.3,"cheap",0.05022,0.05042
"91282CBF7","2026-10-05T1705","settle-sa","2026-10-06","2031-01-15",0.00125,90.453043,90.439386,0.013657,0.02493,0.02497,-0.4,"",0.05032,0.05062
"91282CQP9","2026-10-05T1705","settle-sa","2026-10-06","2031-04-15",0.0125,94.637154,94.631271,0.005883,0.02511,0.02513,-0.2,"",0.05047,0.05065
"91282CCM1","2026-10-05T1705","settle-sa","2026-10-06","2031-07-15",0.00125,89.213169,89.203539,0.00963,0.02538,0.02541,-0.3,"",0.05061,0.0508
"91282CDX6","2026-10-05T1705","settle-sa","2026-10-06","2032-01-15",0.00125,87.971121,87.924447,0.046674,0.02579,0.02589,-1,"",0.05093,0.05105
"912810FQ6","2026-10-05T1705","settle-sa","2026-10-06","2032-04-15",0.03375,104.20553,103.999241,0.206289,0.02554,0.02593,-3.9,"rich",0.05106,0.05101
"91282CEZ0","2026-10-05T1705","settle-sa","2026-10-06","2032-07-15",0.00625,89.359261,89.32107,0.038191,0.02623,0.0263,-0.7,"",0.05121,0.05121
"91282CGK1","2026-10-05T1705","settle-sa","2026-10-06","2033-01-15",0.01125,91.183256,91.112661,0.070595,0.0266,0.02673,-1.3,"",0.05149,0.05141
"91282CHP9","2026-10-05T1705","settle-sa","2026-10-06","2033-07-15",0.01375,91.807803,91.780895,0.026907,0.02706,0.02711,-0.5,"",0.05174,0.05157
"91282CJY8","2026-10-05T1705","settle-sa","2026-10-06","2034-01-15",0.0175,93.544648,93.444362,0.100286,0.02734,0.0275,-1.6,"",0.05202,0.05179
"91282CLE9","2026-10-05T1705","settle-sa","2026-10-06","2034-07-15",0.01875,93.696992,93.668953,0.028039,0.02782,0.02786,-0.4,"",0.05229,0.05199
"91282CML2","2026-10-05T1705","settle-sa","2026-10-06","2035-01-15",0.02125,94.957867,94.884619,0.073248,0.02812,0.02822,-1,"",0.05254,0.05225
"91282CNS6","2026-10-05T1705","settle-sa","2026-10-06","2035-07-15",0.01875,92.368155,92.411672,-0.043517,0.02865,0.02859,0.6,"",0.05266,0.0525
"91282CPU9","2026-10-05T1705","settle-sa","2026-10-06","2036-01-15",0.01875,91.791935,91.760888,0.031047,0.0289,0.02894,-0.4,"",0.05273,0.05281
"91282CRE3","2026-10-05T1705","settle-sa","2026-10-06","2036-07-15",0.02375,95.309007,95.396272,-0.087265,0.0293,0.0292,1,"",0.05263,0.05304
"912810QF8","2026-10-05T1705","settle-sa","2026-10-06","2040-02-15",0.02125,89.559338,89.292956,0.266381,0.03084,0.0311,-2.6,"rich",0.0547,0.05526
"912810QP6","2026-10-05T1705","settle-sa","2026-10-06","2041-02-15",0.02125,88.290643,88.223121,0.067523,0.03145,0.03151,-0.6,"",0.05548,0.05583
"912810QV3","2026-10-05T1705","settle-sa","2026-10-06","2042-02-15",0.0075,70.213513,70.270563,-0.05705,0.03224,0.03219,0.5,"",0.05623,0.05675
"912810RA8","2026-10-05T1705","settle-sa","2026-10-06","2043-02-15",0.00625,66.82361,66.846543,-0.022932,0.03257,0.03255,0.2,"",0.05669,0.05729
"912810RF7","2026-10-05T1705","settle-sa","2026-10-06","2044-02-15",0.01375,74.852964,75.136636,-0.283672,0.03288,0.03262,2.6,"cheap",0.05695,0.05742
"912810RL4","2026-10-05T1705","settle-sa","2026-10-06","2045-02-15",0.0075,64.82131,65.040744,-0.219434,0.03326,0.03305,2.1,"cheap",0.05725,0.05803
"912810RR1","2026-10-05T1705","settle-sa","2026-10-06","2046-02-15",0.01,66.854849,67.079292,-0.224443,0.03338,0.03318,2,"cheap",0.05733,0.05818
"912810RW0","2026-10-05T1705","settle-sa","2026-10-06","2047-02-15",0.00875,63.618116,63.795527,-0.177411,0.03356,0.0334,1.6,"",0.05745,0.05842
"912810SB5","2026-10-05T1705","settle-sa","2026-10-06","2048-02-15",0.01,64.169328,64.342499,-0.173171,0.03366,0.03351,1.5,"",0.05751,0.05847
"912810SG4","2026-10-05T1705","settle-sa","2026-10-06","2049-02-15",0.01,63.092097,63.065642,0.026455,0.03361,0.03363,-0.2,"",0.05753,0.0585
"912810SM1","2026-10-05T1705","settle-sa","2026-10-06","2050-02-15",0.0025,49.810611,49.48996,0.320651,0.03372,0.03401,-2.9,"rich",0.05754,0.05888
"912810SV1","2026-10-05T1705","settle-sa","2026-10-06","2051-02-15",0.00125,46.409624,45.892679,0.516944,0.03367,0.03414,-4.7,"rich",0.05756,0.05884
"912810TE8","2026-10-05T1705","settle-sa","2026-10-06","2052-02-15",0.00125,45.024036,44.427771,0.596265,0.03365,0.0342,-5.5,"rich",0.05746,0.05863
"912810TP3","2026-10-05T1705","settle-sa","2026-10-06","2053-02-15",0.015,67.531016,67.457764,0.073251,0.03368,0.03373,-0.5,"",0.05722,0.05778
"912810TY4","2026-10-05T1705","settle-sa","2026-10-06","2054-02-15",0.02125,77.828702,78.027188,-0.198486,0.03372,0.03359,1.3,"",0.05704,0.05737
"912810UH9","2026-10-05T1705","settle-sa","2026-10-06","2055-02-15",0.02375,81.906864,82.1653,-0.258436,0.03371,0.03355,1.6,"",0.0569,0.05706
"912810US5","2026-10-05T1705","settle-sa","2026-10-06","2056-02-15",0.02375,81.835317,81.793216,0.042101,0.03352,0.03355,-0.3,"",0.05672,0.05677
