cusip, asOfDate, basis, settleDate, maturity, coupon, marketClean, modelClean, priceResidual, marketYtm, modelYtm, residualBp, richCheap, nominalMarketYtm, marketBei, nominalModelYtm, modelBei
"912810PS1","2026-10-08T1235","Market-bid-forward-sa","2026-11-01","2027-01-15",0.02375,100.59052,100.592041,-0.001522,-0.00515,-0.00523,0.8,"",0.04195,0.0471,0.0426,0.04783
"912828V49","2026-10-08T1235","Market-bid-forward-sa","2026-11-01","2027-01-15",0.00375,100.18989,100.183366,0.006524,-0.00555,-0.00523,-3.2,"rich",0.04195,0.0475,0.0426,0.04783
"91282CEJ6","2026-10-08T1235","Market-bid-forward-sa","2026-11-01","2027-04-15",0.00125,99.633722,99.631442,0.00228,0.00937,0.00942,-0.5,"",0.0435,0.03413,0.04342,0.034
"9128282L3","2026-10-08T1235","Market-bid-forward-sa","2026-11-01","2027-07-15",0.00375,99.094512,99.089098,0.005414,0.01674,0.01682,-0.8,"",0.04453,0.02779,0.04451,0.02769
"91282CFR7","2026-10-08T1235","Market-bid-forward-sa","2026-11-01","2027-10-15",0.01625,99.478682,99.596955,-0.118273,0.0218,0.02054,12.6,"cheap",0.0457,0.0239,0.04565,0.02511
"912810PV4","2026-10-08T1235","Market-bid-forward-sa","2026-11-01","2028-01-15",0.0175,99.416006,99.432642,-0.016636,0.02243,0.02229,1.4,"",0.04684,0.02441,0.04653,0.02424
"9128283R9","2026-10-08T1235","Market-bid-forward-sa","2026-11-01","2028-01-15",0.005,97.961445,97.951059,0.010386,0.02225,0.02234,-0.9,"",0.04684,0.02459,0.04654,0.0242
"912810FD5","2026-10-08T1235","Market-bid-forward-sa","2026-11-01","2028-04-15",0.03625,101.968498,101.874049,0.094449,0.0224,0.02306,-6.6,"rich",0.04747,0.02507,0.0472,0.02414
"91282CGW5","2026-10-08T1235","Market-bid-forward-sa","2026-11-01","2028-04-15",0.0125,98.590717,98.48956,0.101157,0.02241,0.02313,-7.2,"rich",0.04747,0.02506,0.04722,0.02409
"912828Y38","2026-10-08T1235","Market-bid-forward-sa","2026-11-01","2028-07-15",0.0075,97.435905,97.343244,0.092661,0.02293,0.0235,-5.7,"rich",0.04793,0.025,0.04778,0.02428
"91282CJH5","2026-10-08T1235","Market-bid-forward-sa","2026-11-01","2028-10-15",0.02375,99.971229,100.012631,-0.041402,0.0239,0.02368,2.2,"cheap",0.04836,0.02446,0.04833,0.02465
"912810PZ5","2026-10-08T1235","Market-bid-forward-sa","2026-11-01","2029-01-15",0.025,100.266456,100.254614,0.011842,0.02374,0.0238,-0.6,"",0.04875,0.02501,0.04878,0.02498
"9128285W6","2026-10-08T1235","Market-bid-forward-sa","2026-11-01","2029-01-15",0.00875,96.809558,96.776698,0.03286,0.02369,0.02385,-1.6,"",0.04875,0.02506,0.04881,0.02496
"912810FH6","2026-10-08T1235","Market-bid-forward-sa","2026-11-01","2029-04-15",0.03875,103.551909,103.52817,0.023738,0.02376,0.02385,-0.9,"",0.04905,0.02529,0.04904,0.02519
"91282CKL4","2026-10-08T1235","Market-bid-forward-sa","2026-11-01","2029-04-15",0.02125,99.416312,99.373389,0.042924,0.02371,0.02389,-1.8,"",0.04905,0.02534,0.04907,0.02518
"9128287D6","2026-10-08T1235","Market-bid-forward-sa","2026-11-01","2029-07-15",0.0025,94.3898,94.395411,-0.005611,0.02406,0.02403,0.3,"",0.04928,0.02522,0.0494,0.02537
"91282CLV1","2026-10-08T1235","Market-bid-forward-sa","2026-11-01","2029-10-15",0.01625,97.565256,97.760548,-0.195292,0.02485,0.02415,7,"cheap",0.04952,0.02467,0.04967,0.02552
"912828Z37","2026-10-08T1235","Market-bid-forward-sa","2026-11-01","2030-01-15",0.00125,92.845039,92.924919,-0.07988,0.02461,0.02434,2.7,"cheap",0.04972,0.02511,0.04995,0.02561
"91282CNB3","2026-10-08T1235","Market-bid-forward-sa","2026-11-01","2030-04-15",0.01625,97.221125,97.303551,-0.082427,0.02469,0.02444,2.5,"cheap",0.0499,0.02521,0.05004,0.0256
"912828ZZ6","2026-10-08T1235","Market-bid-forward-sa","2026-11-01","2030-07-15",0.00125,91.661307,91.769117,-0.107811,0.02496,0.02464,3.2,"cheap",0.05008,0.02512,0.05023,0.02559
"91282CPH8","2026-10-08T1235","Market-bid-forward-sa","2026-11-01","2030-10-15",0.01125,94.717646,94.922306,-0.20466,0.02538,0.02481,5.7,"cheap",0.05021,0.02483,0.05037,0.02556
"91282CBF7","2026-10-08T1235","Market-bid-forward-sa","2026-11-01","2031-01-15",0.00125,90.563195,90.562137,0.001058,0.02504,0.02504,0,"",0.0503,0.02526,0.05054,0.0255
"91282CQP9","2026-10-08T1235","Market-bid-forward-sa","2026-11-01","2031-04-15",0.0125,94.689098,94.687175,0.001922,0.02518,0.02519,-0.1,"",0.05041,0.02523,0.05058,0.02539
"91282CCM1","2026-10-08T1235","Market-bid-forward-sa","2026-11-01","2031-07-15",0.00125,89.33405,89.348654,-0.014604,0.02545,0.02542,0.3,"",0.05053,0.02508,0.05071,0.02529
"91282CDX6","2026-10-08T1235","Market-bid-forward-sa","2026-11-01","2032-01-15",0.00125,88.124744,88.090952,0.033792,0.02578,0.02586,-0.8,"",0.05083,0.02505,0.05093,0.02507
"912810FQ6","2026-10-08T1235","Market-bid-forward-sa","2026-11-01","2032-04-15",0.03375,104.071457,103.955993,0.115465,0.0257,0.02592,-2.2,"rich",0.05095,0.02525,0.05091,0.02499
"91282CEZ0","2026-10-08T1235","Market-bid-forward-sa","2026-11-01","2032-07-15",0.00625,89.530841,89.474308,0.056533,0.02612,0.02624,-1.2,"",0.05109,0.02497,0.05108,0.02484
"91282CGK1","2026-10-08T1235","Market-bid-forward-sa","2026-11-01","2033-01-15",0.01125,91.335728,91.252684,0.083044,0.02649,0.02664,-1.5,"",0.05135,0.02486,0.05127,0.02463
"91282CHP9","2026-10-08T1235","Market-bid-forward-sa","2026-11-01","2033-07-15",0.01375,91.967264,91.923464,0.043799,0.02692,0.027,-0.8,"",0.05159,0.02467,0.05141,0.02441
"91282CJY8","2026-10-08T1235","Market-bid-forward-sa","2026-11-01","2034-01-15",0.0175,93.670739,93.581498,0.089241,0.02723,0.02738,-1.5,"",0.05186,0.02463,0.05163,0.02425
"91282CLE9","2026-10-08T1235","Market-bid-forward-sa","2026-11-01","2034-07-15",0.01875,93.856241,93.815809,0.040432,0.02766,0.02772,-0.6,"",0.05211,0.02445,0.05182,0.0241
"91282CML2","2026-10-08T1235","Market-bid-forward-sa","2026-11-01","2035-01-15",0.02125,95.134991,95.033392,0.101599,0.02792,0.02807,-1.5,"",0.05233,0.02441,0.05207,0.024
"91282CNS6","2026-10-08T1235","Market-bid-forward-sa","2026-11-01","2035-07-15",0.01875,92.546096,92.591388,-0.045292,0.02848,0.02842,0.6,"",0.05242,0.02394,0.05232,0.0239
"91282CPU9","2026-10-08T1235","Market-bid-forward-sa","2026-11-01","2036-01-15",0.01875,92.080768,91.955945,0.124823,0.0286,0.02876,-1.6,"",0.05245,0.02385,0.05261,0.02385
"91282CRE3","2026-10-08T1235","Market-bid-forward-sa","2026-11-01","2036-07-15",0.02375,95.561198,95.57799,-0.016792,0.02903,0.02901,0.2,"",0.05239,0.02336,0.05285,0.02384
"912810QF8","2026-10-08T1235","Market-bid-forward-sa","2026-11-01","2040-02-15",0.02125,89.816645,89.578,0.238646,0.03063,0.03087,-2.4,"rich",0.05452,0.02389,0.05506,0.02419
"912810QP6","2026-10-08T1235","Market-bid-forward-sa","2026-11-01","2041-02-15",0.02125,88.573784,88.528542,0.045242,0.03122,0.03126,-0.4,"",0.05533,0.02411,0.05564,0.02438
"912810QV3","2026-10-08T1235","Market-bid-forward-sa","2026-11-01","2042-02-15",0.0075,70.532045,70.642998,-0.110953,0.03203,0.03192,1.1,"",0.05607,0.02404,0.05655,0.02463
"912810RA8","2026-10-08T1235","Market-bid-forward-sa","2026-11-01","2043-02-15",0.00625,67.179952,67.234738,-0.054786,0.03233,0.03227,0.6,"",0.05653,0.0242,0.0571,0.02483
"912810RF7","2026-10-08T1235","Market-bid-forward-sa","2026-11-01","2044-02-15",0.01375,75.231507,75.514761,-0.283254,0.0326,0.03235,2.5,"cheap",0.05679,0.02419,0.05724,0.02489
"912810RL4","2026-10-08T1235","Market-bid-forward-sa","2026-11-01","2045-02-15",0.0075,65.20607,65.445164,-0.239095,0.03299,0.03277,2.2,"cheap",0.05708,0.02409,0.05785,0.02508
"912810RR1","2026-10-08T1235","Market-bid-forward-sa","2026-11-01","2046-02-15",0.01,67.268154,67.487614,-0.21946,0.03309,0.0329,1.9,"",0.05717,0.02408,0.058,0.0251
"912810RW0","2026-10-08T1235","Market-bid-forward-sa","2026-11-01","2047-02-15",0.00875,64.03491,64.214353,-0.179443,0.03327,0.03311,1.6,"",0.05728,0.02401,0.05825,0.02514
"912810SB5","2026-10-08T1235","Market-bid-forward-sa","2026-11-01","2048-02-15",0.01,64.609196,64.767574,-0.158378,0.03335,0.03322,1.3,"",0.05732,0.02397,0.05829,0.02507
"912810SG4","2026-10-08T1235","Market-bid-forward-sa","2026-11-01","2049-02-15",0.01,63.508346,63.498111,0.010235,0.03333,0.03334,-0.1,"",0.05732,0.02399,0.05832,0.02498
"912810SM1","2026-10-08T1235","Market-bid-forward-sa","2026-11-01","2050-02-15",0.0025,50.193263,49.930029,0.263234,0.03346,0.0337,-2.4,"rich",0.05734,0.02388,0.05868,0.02498
"912810SV1","2026-10-08T1235","Market-bid-forward-sa","2026-11-01","2051-02-15",0.00125,46.808942,46.335377,0.473564,0.03339,0.03383,-4.4,"rich",0.05735,0.02396,0.05861,0.02478
"912810TE8","2026-10-08T1235","Market-bid-forward-sa","2026-11-01","2052-02-15",0.00125,45.377737,44.872549,0.505188,0.03342,0.03388,-4.6,"rich",0.05723,0.02381,0.05838,0.0245
"912810TP3","2026-10-08T1235","Market-bid-forward-sa","2026-11-01","2053-02-15",0.015,67.996109,67.921158,0.074951,0.03338,0.03344,-0.6,"",0.05697,0.02359,0.05753,0.02409
"912810TY4","2026-10-08T1235","Market-bid-forward-sa","2026-11-01","2054-02-15",0.02125,78.336793,78.508573,-0.17178,0.03341,0.0333,1.1,"",0.05679,0.02338,0.0571,0.0238
"912810UH9","2026-10-08T1235","Market-bid-forward-sa","2026-11-01","2055-02-15",0.02375,82.455542,82.662038,-0.206496,0.03338,0.03325,1.3,"",0.05665,0.02327,0.05677,0.02352
"912810US5","2026-10-08T1235","Market-bid-forward-sa","2026-11-01","2056-02-15",0.02375,82.403168,82.300893,0.102275,0.03319,0.03325,-0.6,"",0.05647,0.02328,0.05645,0.0232
