cusip, interest_rate, security_type, description, maturity_date, report_source, asOfDate, settle_date, fwd_date, settle_clean_price, repo_rate, fwd_clean_price, settle_ytm, forward_ytm
"912797VL8",0,"Bill","UNITED STATES TREAS BILLS ZERO CPN, 0.000%, 13-OCT-2026","2026-10-13","Market bid","2026-10-08T1235","2026-10-09","2026-11-01",99.957,0.03949,,0.03925,
"912797UK1",0,"Bill","UNITED STATES TREAS BILLS ZERO CPN, 0.000%, 15-OCT-2026","2026-10-15","Market bid","2026-10-08T1235","2026-10-09","2026-11-01",99.937,0.03949,,0.03835,
"91282CJC6",0.04625,"Bond","UNITED STATES TREAS SER AT-2026, 4.625%, 15-OCT-2026","2026-10-15","Market bid","2026-10-08T1235","2026-10-09","2026-11-01",100.003,0.03949,,0.04391,
"912797VM6",0,"Bill","UNITED STATES TREAS BILLS ZERO CPN, 0.000%, 20-OCT-2026","2026-10-20","Market bid","2026-10-08T1235","2026-10-09","2026-11-01",99.882,0.03949,,0.0392,
"912797UL9",0,"Bill","UNITED STATES TREAS BILLS ZERO CPN, 0.000%, 22-OCT-2026","2026-10-22","Market bid","2026-10-08T1235","2026-10-09","2026-11-01",99.863,0.03949,,0.03852,
"912797VN4",0,"Bill","UNITED STATES TREAS BILLS ZERO CPN, 0.000%, 27-OCT-2026","2026-10-27","Market bid","2026-10-08T1235","2026-10-09","2026-11-01",99.808,0.03949,,0.03901,
"912797SK4",0,"Bill","UNITED STATES TREAS BILLS ZERO CPN, 0.000%, 29-OCT-2026","2026-10-29","Market bid","2026-10-08T1235","2026-10-09","2026-11-01",99.786,0.03949,,0.03914,
"912828YQ7",0.01625,"Bond","UNITED STATES TREAS SER R-2026, 1.625%, 31-OCT-2026","2026-10-31","Market bid","2026-10-08T1235","2026-10-09","2026-11-01",99.841,0.03949,,0.04301,
"91282CDG3",0.01125,"Bond","UNITED STATES TREAS SER AF-2026, 1.125%, 31-OCT-2026","2026-10-31","Market bid","2026-10-08T1235","2026-10-09","2026-11-01",99.818,0.03949,,0.04195,
"91282CLS8",0.04125,"Bond","UNITED STATES TREAS SER BJ-2026, 4.125%, 31-OCT-2026","2026-10-31","Market bid","2026-10-08T1235","2026-10-09","2026-11-01",99.992,0.03949,,0.04222,
"912797VP9",0,"Bill","UNITED STATES TREAS BILLS ZERO CPN, 0.000%, 03-NOV-2026","2026-11-03","Market bid","2026-10-08T1235","2026-10-09","2026-11-01",99.729,0.03949,99.977167,0.03967,0.04168
"912797UM7",0,"Bill","UNITED STATES TREAS BILLS ZERO CPN, 0.000%, 05-NOV-2026","2026-11-05","Market bid","2026-10-08T1235","2026-10-09","2026-11-01",99.708,0.03949,99.956114,0.03959,0.04006
"912797VW4",0,"Bill","UNITED STATES TREAS BILLS ZERO CPN, 0.000%, 10-NOV-2026","2026-11-10","Market bid","2026-10-08T1235","2026-10-09","2026-11-01",99.651,0.03949,99.898973,0.03995,0.04101
"912797UY1",0,"Bill","UNITED STATES TREAS BILLS ZERO CPN, 0.000%, 12-NOV-2026","2026-11-12","Market bid","2026-10-08T1235","2026-10-09","2026-11-01",99.628,0.03949,99.875915,0.04008,0.04122
"912810EY0",0.065,"Bond","UNITED STATES TREAS BDS, 6.500%, 15-NOV-2026","2026-11-15","Market bid","2026-10-08T1235","2026-10-09","2026-11-01",100.218,0.03949,100.067595,0.04249,0.04631
"912828U24",0.02,"Bond","UNITED STATES TREAS SER F-2026, 2.000%, 15-NOV-2026","2026-11-15","Market bid","2026-10-08T1235","2026-10-09","2026-11-01",99.78,0.03949,99.905282,0.04199,0.04499
"91282CJK8",0.04625,"Bond","UNITED STATES TREAS SER AU-2026, 4.625%, 15-NOV-2026","2026-11-15","Market bid","2026-10-08T1235","2026-10-09","2026-11-01",100.035,0.03949,99.999462,0.04233,0.0459
"912797VX2",0,"Bill","UNITED STATES TREAS BILLS ZERO CPN, 0.000%, 17-NOV-2026","2026-11-17","Market bid","2026-10-08T1235","2026-10-09","2026-11-01",99.573,0.03949,99.820779,0.04013,0.04096
"912797UZ8",0,"Bill","UNITED STATES TREAS BILLS ZERO CPN, 0.000%, 19-NOV-2026","2026-11-19","Market bid","2026-10-08T1235","2026-10-09","2026-11-01",99.548,0.03949,99.795716,0.04042,0.04151
"912797VY0",0,"Bill","UNITED STATES TREAS BILLS ZERO CPN, 0.000%, 24-NOV-2026","2026-11-24","Market bid","2026-10-08T1235","2026-10-09","2026-11-01",99.493,0.03949,99.740579,0.04043,0.04128
"912797SU2",0,"Bill","UNITED STATES TREAS BILLS ZERO CPN, 0.000%, 27-NOV-2026","2026-11-27","Market bid","2026-10-08T1235","2026-10-09","2026-11-01",99.46,0.03949,99.707497,0.04044,0.04118
"912828YU8",0.01625,"Bond","UNITED STATES TREAS SER S-2026, 1.625%, 30-NOV-2026","2026-11-30","Market bid","2026-10-08T1235","2026-10-09","2026-11-01",99.658,0.03949,99.805878,0.04065,0.04103
"91282CDK4",0.0125,"Bond","UNITED STATES TREAS SER AG-2026, 1.250%, 30-NOV-2026","2026-11-30","Market bid","2026-10-08T1235","2026-10-09","2026-11-01",99.605,0.03949,99.775849,0.04073,0.04117
"91282CLY5",0.0425,"Bond","UNITED STATES TREAS SER BL-2026, 4.250%, 30-NOV-2026","2026-11-30","Market bid","2026-10-08T1235","2026-10-09","2026-11-01",100.019,0.03949,100.006057,0.04083,0.04135
"912797VZ7",0,"Bill","UNITED STATES TREAS BILLS ZERO CPN, 0.000%, 01-DEC-2026","2026-12-01","Market bid","2026-10-08T1235","2026-10-09","2026-11-01",99.414,0.03949,99.661383,0.04059,0.04134
"912797VA2",0,"Bill","UNITED STATES TREAS BILLS ZERO CPN, 0.000%, 03-DEC-2026","2026-12-03","Market bid","2026-10-08T1235","2026-10-09","2026-11-01",99.395,0.03949,99.642336,0.04039,0.04094
"912797WE3",0,"Bill","UNITED STATES TREAS BILLS ZERO CPN, 0.000%, 08-DEC-2026","2026-12-08","Market bid","2026-10-08T1235","2026-10-09","2026-11-01",99.337,0.03949,99.584191,0.0406,0.04119
"912797VG9",0,"Bill","UNITED STATES TREAS BILLS ZERO CPN, 0.000%, 10-DEC-2026","2026-12-10","Market bid","2026-10-08T1235","2026-10-09","2026-11-01",99.319,0.03949,99.566146,0.04037,0.04078
"912797WF0",0,"Bill","UNITED STATES TREAS BILLS ZERO CPN, 0.000%, 15-DEC-2026","2026-12-15","Market bid","2026-10-08T1235","2026-10-09","2026-11-01",99.263,0.03949,99.510007,0.04045,0.04085
"91282CJP7",0.04375,"Bond","UNITED STATES TREAS SER AV-2026, 4.375%, 15-DEC-2026","2026-12-15","Market bid","2026-10-08T1235","2026-10-09","2026-11-01",100.055,0.03949,100.032496,0.04042,0.04067
"912797VH7",0,"Bill","UNITED STATES TREAS BILLS ZERO CPN, 0.000%, 17-DEC-2026","2026-12-17","Market bid","2026-10-08T1235","2026-10-09","2026-11-01",99.238,0.03949,99.484945,0.04062,0.04108
"912797WG8",0,"Bill","UNITED STATES TREAS BILLS ZERO CPN, 0.000%, 22-DEC-2026","2026-12-22","Market bid","2026-10-08T1235","2026-10-09","2026-11-01",99.186,0.03949,99.432816,0.04048,0.04082
"912797TC1",0,"Bill","UNITED STATES TREAS BILLS ZERO CPN, 0.000%, 24-DEC-2026","2026-12-24","Market bid","2026-10-08T1235","2026-10-09","2026-11-01",99.153,0.03949,99.399733,0.04103,0.04159
"912797WH6",0,"Bill","UNITED STATES TREAS BILLS ZERO CPN, 0.000%, 29-DEC-2026","2026-12-29","Market bid","2026-10-08T1235","2026-10-09","2026-11-01",99.105,0.03949,99.351614,0.04069,0.04107
"912797VJ3",0,"Bill","UNITED STATES TREAS BILLS ZERO CPN, 0.000%, 31-DEC-2026","2026-12-31","Market bid","2026-10-08T1235","2026-10-09","2026-11-01",99.07,0.03949,99.316527,0.04128,0.04186
"912828YX2",0.0175,"Bond","UNITED STATES TREAS SER T-2026, 1.750%, 31-DEC-2026","2026-12-31","Market bid","2026-10-08T1235","2026-10-09","2026-11-01",99.476,0.03949,99.615357,0.04098,0.04129
"91282CDQ1",0.0125,"Bond","UNITED STATES TREAS SER AH-2026, 1.250%, 31-DEC-2026","2026-12-31","Market bid","2026-10-08T1235","2026-10-09","2026-11-01",99.345,0.03949,99.51494,0.04191,0.04258
"91282CME8",0.0425,"Bond","UNITED STATES TREAS SER BM-2026, 4.250%, 31-DEC-2026","2026-12-31","Market bid","2026-10-08T1235","2026-10-09","2026-11-01",99.997,0.03949,99.983111,0.04239,0.04324
"912797WN3",0,"Bill","UNITED STATES TREAS BILLS ZERO CPN, 0.000%, 05-JAN-2027","2027-01-05","Market bid","2026-10-08T1235","2026-10-09","2026-11-01",99.014,0.03949,99.260388,0.0413,0.04184
"912797VS3",0,"Bill","UNITED STATES TREAS BILLS ZERO CPN, 0.000%, 07-JAN-2027","2027-01-07","Market bid","2026-10-08T1235","2026-10-09","2026-11-01",98.988,0.03949,99.234323,0.04146,0.04203
"912797WP8",0,"Bill","UNITED STATES TREAS BILLS ZERO CPN, 0.000%, 12-JAN-2027","2027-01-12","Market bid","2026-10-08T1235","2026-10-09","2026-11-01",98.932,0.03949,99.178183,0.04148,0.04201
"912797VT1",0,"Bill","UNITED STATES TREAS BILLS ZERO CPN, 0.000%, 14-JAN-2027","2027-01-14","Market bid","2026-10-08T1235","2026-10-09","2026-11-01",98.914,0.03949,99.160139,0.04131,0.04178
"91282CJT9",0.04,"Bond","UNITED STATES TREAS SER AJ-2027, 4.000%, 15-JAN-2027","2027-01-15","Market bid","2026-10-08T1235","2026-10-09","2026-11-01",99.953,0.03949,99.95405,0.0416,0.04204
"912797WQ6",0,"Bill","UNITED STATES TREAS BILLS ZERO CPN, 0.000%, 19-JAN-2027","2027-01-19","Market bid","2026-10-08T1235","2026-10-09","2026-11-01",98.849,0.03949,99.094977,0.04167,0.0422
"912797TM9",0,"Bill","UNITED STATES TREAS BILLS ZERO CPN, 0.000%, 21-JAN-2027","2027-01-21","Market bid","2026-10-08T1235","2026-10-09","2026-11-01",98.838,0.03949,99.08395,0.04126,0.04166
"912797WR4",0,"Bill","UNITED STATES TREAS BILLS ZERO CPN, 0.000%, 26-JAN-2027","2027-01-26","Market bid","2026-10-08T1235","2026-10-09","2026-11-01",98.771,0.03949,99.016783,0.04167,0.04214
"912797VU8",0,"Bill","UNITED STATES TREAS BILLS ZERO CPN, 0.000%, 28-JAN-2027","2027-01-28","Market bid","2026-10-08T1235","2026-10-09","2026-11-01",98.75,0.03949,98.995731,0.04162,0.04208
"912828Z78",0.015,"Bond","UNITED STATES TREAS SER G-2027, 1.500%, 31-JAN-2027","2027-01-31","Market bid","2026-10-08T1235","2026-10-09","2026-11-01",99.165,0.03949,99.318723,0.04236,0.04291
"91282CMH1",0.04125,"Bond","UNITED STATES TREAS SER AW-2027, 4.125%, 31-JAN-2027","2027-01-31","Market bid","2026-10-08T1235","2026-10-09","2026-11-01",99.972,0.03949,99.964912,0.042,0.04247
"912797WS2",0,"Bill","UNITED STATES TREAS BILLS ZERO CPN, 0.000%, 02-FEB-2027","2027-02-02","Market bid","2026-10-08T1235","2026-10-09","2026-11-01",98.683,0.03949,98.928564,0.04199,0.04251
"912797VV6",0,"Bill","UNITED STATES TREAS BILLS ZERO CPN, 0.000%, 04-FEB-2027","2027-02-04","Market bid","2026-10-08T1235","2026-10-09","2026-11-01",98.664,0.03949,98.909517,0.04189,0.04236
"912797WB9",0,"Bill","UNITED STATES TREAS BILLS ZERO CPN, 0.000%, 11-FEB-2027","2027-02-11","Market bid","2026-10-08T1235","2026-10-09","2026-11-01",98.582,0.03949,98.827313,0.042,0.04246
"912810EZ7",0.06625,"Bond","UNITED STATES TREAS BDS, 6.625%, 15-FEB-2027","2027-02-15","Market bid","2026-10-08T1235","2026-10-09","2026-11-01",100.881,0.03949,100.720434,0.04048,0.04055
"912828V98",0.0225,"Bond","UNITED STATES TREAS SER B-2027, 2.250%, 15-FEB-2027","2027-02-15","Market bid","2026-10-08T1235","2026-10-09","2026-11-01",99.322,0.03949,99.429366,0.04212,0.04254
"91282CKA8",0.04125,"Bond","UNITED STATES TREAS SER AK-2027, 4.125%, 15-FEB-2027","2027-02-15","Market bid","2026-10-08T1235","2026-10-09","2026-11-01",99.955,0.03949,99.94745,0.04243,0.04292
"912797TV9",0,"Bill","UNITED STATES TREAS BILLS ZERO CPN, 0.000%, 18-FEB-2027","2027-02-18","Market bid","2026-10-08T1235","2026-10-09","2026-11-01",98.512,0.03949,98.757138,0.04177,0.04214
"912797WC7",0,"Bill","UNITED STATES TREAS BILLS ZERO CPN, 0.000%, 25-FEB-2027","2027-02-25","Market bid","2026-10-08T1235","2026-10-09","2026-11-01",98.418,0.03949,98.662904,0.04221,0.04264
"912828ZB9",0.01125,"Bond","UNITED STATES TREAS NOTE, 1.125%, 28-FEB-2027","2027-02-28","Market bid","2026-10-08T1235","2026-10-09","2026-11-01",98.82,0.03949,98.995912,0.04238,0.0428
"91282CEC1",0.01875,"Bond","UNITED STATES TREAS SER V-2027, 1.875%, 28-FEB-2027","2027-02-28","Market bid","2026-10-08T1235","2026-10-09","2026-11-01",99.105,0.03949,99.234959,0.04233,0.04275
"91282CMP3",0.04125,"Bond","UNITED STATES TREAS SER AY-2027, 4.125%, 28-FEB-2027","2027-02-28","Market bid","2026-10-08T1235","2026-10-09","2026-11-01",99.963,0.03949,99.955108,0.04213,0.04251
"912797WD5",0,"Bill","UNITED STATES TREAS BILLS ZERO CPN, 0.000%, 04-MAR-2027","2027-03-04","Market bid","2026-10-08T1235","2026-10-09","2026-11-01",98.338,0.03949,98.582705,0.04225,0.04266
"912797WK9",0,"Bill","UNITED STATES TREAS BILLS ZERO CPN, 0.000%, 11-MAR-2027","2027-03-11","Market bid","2026-10-08T1235","2026-10-09","2026-11-01",98.258,0.03949,98.502506,0.04229,0.04268
"91282CKE0",0.0425,"Bond","UNITED STATES TREAS SER AL-2027, 4.250%, 15-MAR-2027","2027-03-15","Market bid","2026-10-08T1235","2026-10-09","2026-11-01",100.019,0.03949,99.998562,0.04199,0.04242
"912797UD7",0,"Bill","UNITED STATES TREAS BILLS, 0.000%, 18-MAR-2027","2027-03-18","Market bid","2026-10-08T1235","2026-10-09","2026-11-01",98.165,0.03949,98.409275,0.04264,0.04307
"912797WL7",0,"Bill","UNITED STATES TREAS BILLS ZERO CPN, 0.000%, 25-MAR-2027","2027-03-25","Market bid","2026-10-08T1235","2026-10-09","2026-11-01",98.081,0.03949,98.325066,0.04276,0.04318
"912828ZE3",0.00625,"Bond","UNITED STATES TREAS NOTE, 0.625%, 31-MAR-2027","2027-03-31","Market bid","2026-10-08T1235","2026-10-09","2026-11-01",98.314,0.03949,98.519192,0.04246,0.04287
"91282CEF4",0.025,"Bond","UNITED STATES TREAS SER W-2027, 2.500%, 31-MAR-2027","2027-03-31","Market bid","2026-10-08T1235","2026-10-09","2026-11-01",99.175,0.03949,99.263975,0.04271,0.04316
"91282CMV0",0.03875,"Bond","UNITED STATES TREAS SER AZ-2027, 3.875%, 31-MAR-2027","2027-03-31","Market bid","2026-10-08T1235","2026-10-09","2026-11-01",99.812,0.03949,99.815763,0.04277,0.04323
"912797WM5",0,"Bill","UNITED STATES TREAS BILLS ZERO CPN, 0.000%, 01-APR-2027","2027-04-01","Market bid","2026-10-08T1235","2026-10-09","2026-11-01",97.987,0.03949,98.230832,0.04309,0.04353
"912797WU7",0,"Bill","UNITED STATES TREAS BILLS ZERO CPN, 0.000%, 08-APR-2027","2027-04-08","Market bid","2026-10-08T1235","2026-10-09","2026-11-01",97.904,0.03949,98.147625,0.04317,0.0436
"912797UE5",0,"Bill","UNITED STATES TREAS BILLS ZERO CPN, 0.000%, 15-APR-2027","2027-04-15","Market bid","2026-10-08T1235","2026-10-09","2026-11-01",97.824,0.03949,98.067426,0.04306,0.04359
"91282CKJ9",0.045,"Bond","UNITED STATES TREAS SER AM-2027, 4.500%, 15-APR-2027","2027-04-15","Market bid","2026-10-08T1235","2026-10-09","2026-11-01",100.109,0.03949,100.075454,0.04283,0.04326
"912828ZN3",0.005,"Bond","UNITED STATES TREAS NOTE, 0.500%, 30-APR-2027","2027-04-30","Market bid","2026-10-08T1235","2026-10-09","2026-11-01",97.914,0.03949,98.126711,0.04328,0.0437
"91282CEN7",0.0275,"Bond","UNITED STATES TREAS SER Y-2027, 2.750%, 30-APR-2027","2027-04-30","Market bid","2026-10-08T1235","2026-10-09","2026-11-01",99.15,0.03949,99.22656,0.04307,0.04348
"91282CMY4",0.0375,"Bond","UNITED STATES TREAS SER BA-2027, 3.750%, 30-APR-2027","2027-04-30","Market bid","2026-10-08T1235","2026-10-09","2026-11-01",99.695,0.03949,99.711039,0.04306,0.04347
"912797UX3",0,"Bill","UNITED STATES TREAS BILLS ZERO CPN, 0.000%, 13-MAY-2027","2027-05-13","Market bid","2026-10-08T1235","2026-10-09","2026-11-01",97.559,0.03949,97.801767,0.04196,0.04217
"912828X88",0.02375,"Bond","UNITED STATES TREAS SER C-2027, 2.375%, 15-MAY-2027","2027-05-15","Market bid","2026-10-08T1235","2026-10-09","2026-11-01",98.828,0.03949,98.927847,0.0437,0.04412
"91282CKR1",0.045,"Bond","UNITED STATES TREAS SER AN-2027, 4.500%, 15-MAY-2027","2027-05-15","Market bid","2026-10-08T1235","2026-10-09","2026-11-01",100.078,0.03949,100.050258,0.0436,0.04401
"912828ZS2",0.005,"Bond","UNITED STATES TREAS SER L-2027, 0.500%, 31-MAY-2027","2027-05-31","Market bid","2026-10-08T1235","2026-10-09","2026-11-01",97.581,0.03949,97.792846,0.0436,0.044
"91282CET4",0.02625,"Bond","UNITED STATES TREAS SER Z-2027, 2.625%, 31-MAY-2027","2027-05-31","Market bid","2026-10-08T1235","2026-10-09","2026-11-01",98.91,0.03949,98.993508,0.0436,0.04401
"91282CNE7",0.03875,"Bond","UNITED STATES TREAS SER BC-2027, 3.875%, 31-MAY-2027","2027-05-31","Market bid","2026-10-08T1235","2026-10-09","2026-11-01",99.687,0.03949,99.695004,0.04368,0.04409
"912797VF1",0,"Bill","UNITED STATES TREAS BILLS ZERO CPN, 0.000%, 10-JUN-2027","2027-06-10","Market bid","2026-10-08T1235","2026-10-09","2026-11-01",97.215,0.03949,97.456911,0.04264,0.04292
"91282CKV2",0.04625,"Bond","UNITED STATES TREAS SER AP-2027, 4.625%, 15-JUN-2027","2027-06-15","Market bid","2026-10-08T1235","2026-10-09","2026-11-01",100.164,0.03949,100.126255,0.0437,0.04409
"912828ZV5",0.005,"Bond","UNITED STATES TREAS SER M-2027, 0.500%, 30-JUN-2027","2027-06-30","Market bid","2026-10-08T1235","2026-10-09","2026-11-01",97.257,0.03949,97.467938,0.04389,0.04427
"91282CEW7",0.0325,"Bond","UNITED STATES TREAS SER AA-2027, 3.250%, 30-JUN-2027","2027-06-30","Market bid","2026-10-08T1235","2026-10-09","2026-11-01",99.183,0.03949,99.227805,0.04403,0.04442
"91282CNL1",0.0375,"Bond","UNITED STATES TREAS SER BD-2027, 3.750%, 30-JUN-2027","2027-06-30","Market bid","2026-10-08T1235","2026-10-09","2026-11-01",99.535,0.03949,99.549603,0.04402,0.04442
"912797VQ7",0,"Bill","UNITED STATES TREAS BILLS ZERO CPN, 0.000%, 08-JUL-2027","2027-07-08","Market bid","2026-10-08T1235","2026-10-09","2026-11-01",96.856,0.03949,97.097018,0.04321,0.04349
"91282CKZ3",0.04375,"Bond","UNITED STATES TREAS SER AQ-2027, 4.375%, 15-JUL-2027","2027-07-15","Market bid","2026-10-08T1235","2026-10-09","2026-11-01",99.953,0.03949,99.93083,0.0443,0.04467
"91282CAD3",0.00375,"Bond","UNITED STATES TREAS SER N-2027, 0.375%, 31-JUL-2027","2027-07-31","Market bid","2026-10-08T1235","2026-10-09","2026-11-01",96.779,0.03949,96.996566,0.04469,0.04507
"91282CFB2",0.0275,"Bond","UNITED STATES TREAS SER AB-2027, 2.750%, 31-JUL-2027","2027-07-31","Market bid","2026-10-08T1235","2026-10-09","2026-11-01",98.644,0.03949,98.718893,0.04469,0.04507
"91282CNP2",0.03875,"Bond","UNITED STATES TREAS SER BE-2027, 3.875%, 31-JUL-2027","2027-07-31","Market bid","2026-10-08T1235","2026-10-09","2026-11-01",99.523,0.03949,99.5303,0.04475,0.04514
"912797VR5",0,"Bill","UNITED STATES TREAS BILLS ZERO CPN, 0.000%, 05-AUG-2027","2027-08-05","Market bid","2026-10-08T1235","2026-10-09","2026-11-01",96.511,0.03949,96.751159,0.0436,0.04388
"912810FA1",0.06375,"Bond","UNITED STATES TREAS BDS, 6.375%, 15-AUG-2027","2027-08-15","Market bid","2026-10-08T1235","2026-10-09","2026-11-01",101.636,0.03949,101.492845,0.04386,0.04416
"9128282R0",0.0225,"Bond","UNITED STATES TREAS SER E-2027, 2.250%, 15-AUG-2027","2027-08-15","Market bid","2026-10-08T1235","2026-10-09","2026-11-01",98.146,0.03949,98.250439,0.04493,0.04531
"91282CLG4",0.0375,"Bond","UNITED STATES TREAS SER AR-2027, 3.750%, 15-AUG-2027","2027-08-15","Market bid","2026-10-08T1235","2026-10-09","2026-11-01",99.383,0.03949,99.397325,0.04492,0.0453
"91282CAH4",0.005,"Bond","UNITED STATES TREAS SER P-2027, 0.500%, 31-AUG-2027","2027-08-31","Market bid","2026-10-08T1235","2026-10-09","2026-11-01",96.546,0.03949,96.754612,0.04492,0.04534
"91282CFH9",0.03125,"Bond","UNITED STATES TREAS SER AC-2027, 3.125%, 31-AUG-2027","2027-08-31","Market bid","2026-10-08T1235","2026-10-09","2026-11-01",98.821,0.03949,98.869195,0.04484,0.04526
"91282CNV9",0.03625,"Bond","UNITED STATES TREAS SER BG-2027, 3.625%, 31-AUG-2027","2027-08-31","Market bid","2026-10-08T1235","2026-10-09","2026-11-01",99.242,0.03949,99.25961,0.04497,0.0454
"912797WA1",0,"Bill","UNITED STATES TREAS BILLS ZERO CPN, 0.000%, 02-SEP-2027","2027-09-02","Market bid","2026-10-08T1235","2026-10-09","2026-11-01",96.205,0.03949,96.444398,0.04356,0.04387
"91282CLL3",0.03375,"Bond","UNITED STATES TREAS SER AS-2027, 3.375%, 15-SEP-2027","2027-09-15","Market bid","2026-10-08T1235","2026-10-09","2026-11-01",99,0.03949,99.032475,0.04478,0.04517
"912797WJ2",0,"Bill","UNITED STATES TREAS BILLS ZERO CPN, 0.000%, 30-SEP-2027","2027-09-30","Market bid","2026-10-08T1235","2026-10-09","2026-11-01",95.81,0.03949,96.048415,0.04438,0.04472
"91282CAL5",0.00375,"Bond","UNITED STATES TREAS SER Q-2027, 0.375%, 30-SEP-2027","2027-09-30","Market bid","2026-10-08T1235","2026-10-09","2026-11-01",96.092,0.03949,96.307314,0.04517,0.04556
"91282CFM8",0.04125,"Bond","UNITED STATES TREAS SER AD-2027, 4.125%, 30-SEP-2027","2027-09-30","Market bid","2026-10-08T1235","2026-10-09","2026-11-01",99.64,0.03949,99.626114,0.04505,0.04545
"91282CPB1",0.035,"Bond","UNITED STATES TREAS SER BH-2027, 3.500%, 30-SEP-2027","2027-09-30","Market bid","2026-10-08T1235","2026-10-09","2026-11-01",99.039,0.03949,99.063291,0.04517,0.04557
"91282CLQ2",0.03875,"Bond","UNITED STATES TREAS SER AT-2027, 3.875%, 15-OCT-2027","2027-10-15","Market bid","2026-10-08T1235","2026-10-09","2026-11-01",99.358,0.03949,99.361843,0.04528,0.04565
"91282CAU5",0.005,"Bond","UNITED STATES TREAS SER R-2027, 0.500%, 31-OCT-2027","2027-10-31","Market bid","2026-10-08T1235","2026-10-09","2026-11-01",95.829,0.03949,96.036711,0.04576,0.04612
"91282CFU0",0.04125,"Bond","UNITED STATES TREAS SER AF-2027, 4.125%, 31-OCT-2027","2027-10-31","Market bid","2026-10-08T1235","2026-10-09","2026-11-01",99.542,0.03949,99.535999,0.0457,0.04606
"91282CPE5",0.035,"Bond","UNITED STATES TREAS SER BJ-2027, 3.500%, 31-OCT-2027","2027-10-31","Market bid","2026-10-08T1235","2026-10-09","2026-11-01",98.898,0.03949,98.928836,0.04575,0.04611
"912810FB9",0.06125,"Bond","UNITED STATES TREAS BDS, 6.125%, 15-NOV-2027","2027-11-15","Market bid","2026-10-08T1235","2026-10-09","2026-11-01",101.632,0.03949,101.508178,0.04582,0.04618
"9128283F5",0.0225,"Bond","UNITED STATES TREAS SER F-2027, 2.250%, 15-NOV-2027","2027-11-15","Market bid","2026-10-08T1235","2026-10-09","2026-11-01",97.515,0.03949,97.619269,0.04589,0.04624
"91282CLX7",0.04125,"Bond","UNITED STATES TREAS SER AU-2027, 4.125%, 15-NOV-2027","2027-11-15","Market bid","2026-10-08T1235","2026-10-09","2026-11-01",99.507,0.03949,99.500902,0.04586,0.04621
"91282CAY7",0.00625,"Bond","UNITED STATES TREAS SER S-2027, 0.625%, 30-NOV-2027","2027-11-30","Market bid","2026-10-08T1235","2026-10-09","2026-11-01",95.628,0.03949,95.827458,0.046,0.04634
"91282CFZ9",0.03875,"Bond","UNITED STATES TREAS SER AG-2027, 3.875%, 30-NOV-2027","2027-11-30","Market bid","2026-10-08T1235","2026-10-09","2026-11-01",99.193,0.03949,99.201105,0.04605,0.0464
"91282CPL9",0.03375,"Bond","UNITED STATES TREAS SER BL-2027, 3.375%, 30-NOV-2027","2027-11-30","Market bid","2026-10-08T1235","2026-10-09","2026-11-01",98.649,0.03949,98.686555,0.046,0.04635
"91282CMB4",0.04,"Bond","UNITED STATES TREAS SER AV-2027, 4.000%, 15-DEC-2027","2027-12-15","Market bid","2026-10-08T1235","2026-10-09","2026-11-01",99.306,0.03949,99.304903,0.04605,0.0464
"91282CBB6",0.00625,"Bond","UNITED STATES TREAS SER T-2027, 0.625%, 31-DEC-2027","2027-12-31","Market bid","2026-10-08T1235","2026-10-09","2026-11-01",95.287,0.03949,95.485477,0.04624,0.04657
"91282CGC9",0.03875,"Bond","UNITED STATES TREAS SER AH-2027, 3.875%, 31-DEC-2027","2027-12-31","Market bid","2026-10-08T1235","2026-10-09","2026-11-01",99.107,0.03949,99.114077,0.04628,0.04662
"91282CPS4",0.03375,"Bond","UNITED STATES TREAS SER BM-2027, 3.375%, 31-DEC-2027","2027-12-31","Market bid","2026-10-08T1235","2026-10-09","2026-11-01",98.503,0.03949,98.539484,0.04642,0.04676
"91282CMF5",0.0425,"Bond","UNITED STATES TREAS SER AJ-2028, 4.250%, 15-JAN-2028","2028-01-15","Market bid","2026-10-08T1235","2026-10-09","2026-11-01",99.493,0.03949,99.477426,0.04662,0.04696
"91282CBJ9",0.0075,"Bond","UNITED STATES TREAS SER G-2028, 0.750%, 31-JAN-2028","2028-01-31","Market bid","2026-10-08T1235","2026-10-09","2026-11-01",95.079,0.03949,95.269076,0.04666,0.04699
"91282CGH8",0.035,"Bond","UNITED STATES TREAS SER U-2028, 3.500%, 31-JAN-2028","2028-01-31","Market bid","2026-10-08T1235","2026-10-09","2026-11-01",98.53,0.03949,98.55809,0.04666,0.047
"9128283W8",0.0275,"Bond","UNITED STATES TREAS NOTES, 2.750%, 15-FEB-2028","2028-02-15","Market bid","2026-10-08T1235","2026-10-09","2026-11-01",97.5,0.03949,97.571768,0.04679,0.04712
"91282CMN8",0.0425,"Bond","UNITED STATES TREAS SER AK-2028, 4.250%, 15-FEB-2028","2028-02-15","Market bid","2026-10-08T1235","2026-10-09","2026-11-01",99.447,0.03949,99.430421,0.04673,0.04706
"91282CBP5",0.01125,"Bond","UNITED STATES TREAS SER H-2028, 1.125%, 29-FEB-2028","2028-02-29","Market bid","2026-10-08T1235","2026-10-09","2026-11-01",95.257,0.03949,95.423656,0.04694,0.04727
"91282CGP0",0.04,"Bond","UNITED STATES TREAS SER V-2028, 4.000%, 29-FEB-2028","2028-02-29","Market bid","2026-10-08T1235","2026-10-09","2026-11-01",99.091,0.03949,99.087327,0.04681,0.04714
"91282CQB0",0.03375,"Bond","UNITED STATES TREAS SER AY-2028, 3.375%, 29-FEB-2028","2028-02-29","Market bid","2026-10-08T1235","2026-10-09","2026-11-01",98.262,0.03949,98.295367,0.0468,0.04714
"91282CMS7",0.03875,"Bond","UNITED STATES TREAS SER AL-2028, 3.875%, 15-MAR-2028","2028-03-15","Market bid","2026-10-08T1235","2026-10-09","2026-11-01",98.889,0.03949,98.889514,0.04683,0.04718
"91282CBS9",0.0125,"Bond","UNITED STATES TREAS SER J-2028, 1.250%, 31-MAR-2028","2028-03-31","Market bid","2026-10-08T1235","2026-10-09","2026-11-01",95.136,0.03949,95.293831,0.04701,0.04734
"91282CGT2",0.03625,"Bond","UNITED STATES TREAS SER W-2028, 3.625%, 31-MAR-2028","2028-03-31","Market bid","2026-10-08T1235","2026-10-09","2026-11-01",98.482,0.03949,98.498235,0.04701,0.04735
"91282CQH7",0.03875,"Bond","UNITED STATES TREAS SER AZ-2028, 3.875%, 31-MAR-2028","2028-03-31","Market bid","2026-10-08T1235","2026-10-09","2026-11-01",98.828,0.03949,98.829314,0.04706,0.04739
"91282CMW8",0.0375,"Bond","UNITED STATES TREAS SER AM-2028, 3.750%, 15-APR-2028","2028-04-15","Market bid","2026-10-08T1235","2026-10-09","2026-11-01",98.609,0.03949,98.618832,0.04711,0.04743
"91282CBZ3",0.0125,"Bond","UNITED STATES TREAS SER K-2028, 1.250%, 30-APR-2028","2028-04-30","Market bid","2026-10-08T1235","2026-10-09","2026-11-01",94.831,0.03949,94.989631,0.04731,0.04763
"91282CHA2",0.035,"Bond","UNITED STATES TREAS SER Y-2028, 3.500%, 30-APR-2028","2028-04-30","Market bid","2026-10-08T1235","2026-10-09","2026-11-01",98.179,0.03949,98.206735,0.04725,0.04757
"91282CQL8",0.0375,"Bond","UNITED STATES TREAS SER BA-2028, 3.750%, 30-APR-2028","2028-04-30","Market bid","2026-10-08T1235","2026-10-09","2026-11-01",98.549,0.03949,98.562187,0.04726,0.04758
"9128284N7",0.02875,"Bond","UNITED STATES TREAS SER C-2028, 2.875%, 15-MAY-2028","2028-05-15","Market bid","2026-10-08T1235","2026-10-09","2026-11-01",97.169,0.03949,97.233967,0.04731,0.04761
"91282CND9",0.0375,"Bond","UNITED STATES TREAS SER AN-2028, 3.750%, 15-MAY-2028","2028-05-15","Market bid","2026-10-08T1235","2026-10-09","2026-11-01",98.496,0.03949,98.510451,0.04734,0.04765
"91282CCE9",0.0125,"Bond","UNITED STATES TREAS SER L-2028, 1.250%, 31-MAY-2028","2028-05-31","Market bid","2026-10-08T1235","2026-10-09","2026-11-01",94.542,0.03949,94.699821,0.04743,0.04773
"91282CHE4",0.03625,"Bond","UNITED STATES TREAS SER Z-2028, 3.625%, 31-MAY-2028","2028-05-31","Market bid","2026-10-08T1235","2026-10-09","2026-11-01",98.249,0.03949,98.268913,0.04743,0.04774
"91282CQS3",0.04,"Bond","UNITED STATES TREAS SER BC-2028, 4.000%, 31-MAY-2028","2028-05-31","Market bid","2026-10-08T1235","2026-10-09","2026-11-01",98.835,0.03949,98.833139,0.04743,0.04774
"91282CNH0",0.03875,"Bond","UNITED STATES TREAS SER AP-2028, 3.875%, 15-JUN-2028","2028-06-15","Market bid","2026-10-08T1235","2026-10-09","2026-11-01",98.592,0.03949,98.596883,0.04752,0.04783
"91282CCH2",0.0125,"Bond","UNITED STATES TREAS SER M-2028, 1.250%, 30-JUN-2028","2028-06-30","Market bid","2026-10-08T1235","2026-10-09","2026-11-01",94.253,0.03949,94.409847,0.0476,0.0479
"91282CHK0",0.04,"Bond","UNITED STATES TREAS SER AA-2028, 4.000%, 30-JUN-2028","2028-06-30","Market bid","2026-10-08T1235","2026-10-09","2026-11-01",98.771,0.03949,98.768164,0.04747,0.04777
"91282CQY0",0.04125,"Bond","UNITED STATES TREAS SER BD-2028, 4.125%, 30-JUN-2028","2028-06-30","Market bid","2026-10-08T1235","2026-10-09","2026-11-01",98.96,0.03949,98.949865,0.04757,0.04787
"91282CNM9",0.03875,"Bond","UNITED STATES TREAS SER AQ-2028, 3.875%, 15-JUL-2028","2028-07-15","Market bid","2026-10-08T1235","2026-10-09","2026-11-01",98.49,0.03949,98.49515,0.04773,0.04802
"91282CCR0",0.01,"Bond","UNITED STATES TREAS SER N-2028, 1.000%, 31-JUL-2028","2028-07-31","Market bid","2026-10-08T1235","2026-10-09","2026-11-01",93.53,0.03949,93.700714,0.04773,0.04801
"91282CHQ7",0.04125,"Bond","UNITED STATES TREAS SER AB-2028, 4.125%, 31-JUL-2028","2028-07-31","Market bid","2026-10-08T1235","2026-10-09","2026-11-01",98.892,0.03949,98.882224,0.04768,0.04796
"91282CRB9",0.0425,"Bond","UNITED STATES TREAS SER BE-2028, 4.250%, 31-JUL-2028","2028-07-31","Market bid","2026-10-08T1235","2026-10-09","2026-11-01",99.1,0.03949,99.082988,0.04772,0.048
"912810FE3",0.055,"Bond","UNITED STATES TREAS BDS, 5.500%, 15-AUG-2028","2028-08-15","Market bid","2026-10-08T1235","2026-10-09","2026-11-01",101.27,0.03949,101.180297,0.04771,0.04799
"9128284V9",0.02875,"Bond","UNITED STATES TREAS SER E-2028, 2.875%, 15-AUG-2028","2028-08-15","Market bid","2026-10-08T1235","2026-10-09","2026-11-01",96.661,0.03949,96.722915,0.0478,0.04807
"91282CNU1",0.03625,"Bond","UNITED STATES TREAS SER AR-2028, 3.625%, 15-AUG-2028","2028-08-15","Market bid","2026-10-08T1235","2026-10-09","2026-11-01",97.973,0.03949,97.991583,0.0478,0.04808
"91282CCV1",0.01125,"Bond","UNITED STATES TREAS SER P-2028, 1.125%, 31-AUG-2028","2028-08-31","Market bid","2026-10-08T1235","2026-10-09","2026-11-01",93.456,0.03949,93.617381,0.04783,0.04812
"91282CHX2",0.04375,"Bond","UNITED STATES TREAS SER AC-2028, 4.375%, 31-AUG-2028","2028-08-31","Market bid","2026-10-08T1235","2026-10-09","2026-11-01",99.267,0.03949,99.237221,0.04782,0.04812
"91282CRH6",0.04125,"Bond","UNITED STATES TREAS SER BG-2028, 4.125%, 31-AUG-2028","2028-08-31","Market bid","2026-10-08T1235","2026-10-09","2026-11-01",98.817,0.03949,98.801917,0.04784,0.04814
"91282CNY3",0.03375,"Bond","UNITED STATES TREAS SER AS-2028, 3.375%, 15-SEP-2028","2028-09-15","Market bid","2026-10-08T1235","2026-10-09","2026-11-01",97.411,0.03949,97.439521,0.04792,0.04821
"91282CCY5",0.0125,"Bond","UNITED STATES TREAS SER Q-2028, 1.250%, 30-SEP-2028","2028-09-30","Market bid","2026-10-08T1235","2026-10-09","2026-11-01",93.376,0.03949,93.529015,0.04805,0.04834
"91282CJA0",0.04625,"Bond","UNITED STATES TREAS SER AD-2028, 4.625%, 30-SEP-2028","2028-09-30","Market bid","2026-10-08T1235","2026-10-09","2026-11-01",99.667,0.03949,99.621445,0.04803,0.04832
"91282CRP8",0.0475,"Bond","UNITED STATES TREAS SER BH-2028, 4.750%, 30-SEP-2028","2028-09-30","Market bid","2026-10-08T1235","2026-10-09","2026-11-01",99.922,0.03949,99.869145,0.04791,0.0482
"91282CPC9",0.035,"Bond","UNITED STATES TREAS SER AT-2028, 3.500%, 15-OCT-2028","2028-10-15","Market bid","2026-10-08T1235","2026-10-09","2026-11-01",97.506,0.03949,97.528789,0.04812,0.0484
"91282CDF5",0.01375,"Bond","UNITED STATES TREAS SER R-2028, 1.375%, 31-OCT-2028","2028-10-31","Market bid","2026-10-08T1235","2026-10-09","2026-11-01",93.325,0.03949,93.472664,0.04817,0.04843
"91282CJF9",0.04875,"Bond","UNITED STATES TREAS SER AF-2028, 4.875%, 31-OCT-2028","2028-10-31","Market bid","2026-10-08T1235","2026-10-09","2026-11-01",100.118,0.03949,100.067304,0.04813,0.04839
"912810FF0",0.0525,"Bond","UNITED STATES TREAS BDS, 5.250%, 15-NOV-2028","2028-11-15","Market bid","2026-10-08T1235","2026-10-09","2026-11-01",100.898,0.03949,100.826169,0.04793,0.04818
"9128285M8",0.03125,"Bond","UNITED STATES TREAS SER F-2028, 3.125%, 15-NOV-2028","2028-11-15","Market bid","2026-10-08T1235","2026-10-09","2026-11-01",96.66,0.03949,96.708324,0.04814,0.0484
"91282CPK1",0.035,"Bond","UNITED STATES TREAS SER AU-2028, 3.500%, 15-NOV-2028","2028-11-15","Market bid","2026-10-08T1235","2026-10-09","2026-11-01",97.38,0.03949,97.407051,0.04825,0.04851
"91282CDL2",0.015,"Bond","UNITED STATES TREAS SER S-2028, 1.500%, 30-NOV-2028","2028-11-30","Market bid","2026-10-08T1235","2026-10-09","2026-11-01",93.292,0.03949,93.431738,0.04834,0.0486
"91282CJN2",0.04375,"Bond","UNITED STATES TREAS SER AG-2028, 4.375%, 30-NOV-2028","2028-11-30","Market bid","2026-10-08T1235","2026-10-09","2026-11-01",99.08,0.03949,99.057019,0.0483,0.04856
"91282CPP0",0.035,"Bond","UNITED STATES TREAS SER AV-2028, 3.500%, 15-DEC-2028","2028-12-15","Market bid","2026-10-08T1235","2026-10-09","2026-11-01",97.265,0.03949,97.289851,0.04833,0.04859
"91282CDP3",0.01375,"Bond","UNITED STATES TREAS SER T-2028, 1.375%, 31-DEC-2028","2028-12-31","Market bid","2026-10-08T1235","2026-10-09","2026-11-01",92.763,0.03949,92.908835,0.04843,0.04868
"91282CJR3",0.0375,"Bond","UNITED STATES TREAS SER AH-2028, 3.750%, 31-DEC-2028","2028-12-31","Market bid","2026-10-08T1235","2026-10-09","2026-11-01",97.716,0.03949,97.727344,0.04842,0.04867
"91282CPT2",0.035,"Bond","UNITED STATES TREAS SER AJ-2029, 3.500%, 15-JAN-2029","2029-01-15","Market bid","2026-10-08T1235","2026-10-09","2026-11-01",97.121,0.03949,97.145962,0.04854,0.04879
"91282CDW8",0.0175,"Bond","UNITED STATES TREAS SER G-2029, 1.750%, 31-JAN-2029","2029-01-31","Market bid","2026-10-08T1235","2026-10-09","2026-11-01",93.288,0.03949,93.411592,0.04856,0.0488
"91282CJW2",0.04,"Bond","UNITED STATES TREAS SER U-2029, 4.000%, 31-JAN-2029","2029-01-31","Market bid","2026-10-08T1235","2026-10-09","2026-11-01",98.142,0.03949,98.138111,0.04857,0.04882
"912810FG8",0.0525,"Bond","UNITED STATES TREAS BDS, 5.250%, 15-FEB-2029","2029-02-15","Market bid","2026-10-08T1235","2026-10-09","2026-11-01",101.035,0.03949,100.960244,0.04776,0.04798
"9128286B1",0.02625,"Bond","UNITED STATES TREAS SER B-2029, 2.625%, 15-FEB-2029","2029-02-15","Market bid","2026-10-08T1235","2026-10-09","2026-11-01",95.081,0.03949,95.154514,0.04863,0.04887
"91282CQA2",0.035,"Bond","UNITED STATES TREAS SER AK-2029, 3.500%, 15-FEB-2029","2029-02-15","Market bid","2026-10-08T1235","2026-10-09","2026-11-01",96.997,0.03949,97.02092,0.04865,0.0489
"91282CEB3",0.01875,"Bond","UNITED STATES TREAS SER H-2029, 1.875%, 28-FEB-2029","2029-02-28","Market bid","2026-10-08T1235","2026-10-09","2026-11-01",93.319,0.03949,93.434562,0.04874,0.04898
"91282CKD2",0.0425,"Bond","UNITED STATES TREAS SER V-2029, 4.250%, 28-FEB-2029","2029-02-28","Market bid","2026-10-08T1235","2026-10-09","2026-11-01",98.641,0.03949,98.622041,0.04858,0.04882
"91282CQE4",0.035,"Bond","UNITED STATES TREAS SER AL-2029, 3.500%, 15-MAR-2029","2029-03-15","Market bid","2026-10-08T1235","2026-10-09","2026-11-01",96.902,0.03949,96.921333,0.04864,0.0489
"91282CEE7",0.02375,"Bond","UNITED STATES TREAS SER J-2029, 2.375%, 31-MAR-2029","2029-03-31","Market bid","2026-10-08T1235","2026-10-09","2026-11-01",94.219,0.03949,94.303534,0.04883,0.04907
"91282CKG5",0.04125,"Bond","UNITED STATES TREAS SER W-2029, 4.125%, 31-MAR-2029","2029-03-31","Market bid","2026-10-08T1235","2026-10-09","2026-11-01",98.274,0.03949,98.258155,0.04873,0.04898
"91282CQJ3",0.03875,"Bond","UNITED STATES TREAS SER AM-2029, 3.875%, 15-APR-2029","2029-04-15","Market bid","2026-10-08T1235","2026-10-09","2026-11-01",97.637,0.03949,97.636561,0.04884,0.04908
"91282CEM9",0.02875,"Bond","UNITED STATES TREAS SER K-2029, 2.875%, 30-APR-2029","2029-04-30","Market bid","2026-10-08T1235","2026-10-09","2026-11-01",95.211,0.03949,95.270024,0.04889,0.04913
"91282CKP5",0.04625,"Bond","UNITED STATES TREAS SER Y-2029, 4.625%, 30-APR-2029","2029-04-30","Market bid","2026-10-08T1235","2026-10-09","2026-11-01",99.396,0.03949,99.357151,0.04878,0.04902
"9128286T2",0.02375,"Bond","UNITED STATES TREAS SER C-2029, 2.375%, 15-MAY-2029","2029-05-15","Market bid","2026-10-08T1235","2026-10-09","2026-11-01",93.937,0.03949,94.024677,0.04885,0.04907
"91282CQR5",0.03875,"Bond","UNITED STATES TREASURY NOTE, 3.875%, 15-MAY-2029","2029-05-15","Market bid","2026-10-08T1235","2026-10-09","2026-11-01",97.56,0.03949,97.564433,0.04884,0.04907
"91282CES6",0.0275,"Bond","UNITED STATES TREAS SER L-2029, 2.750%, 31-MAY-2029","2029-05-31","Market bid","2026-10-08T1235","2026-10-09","2026-11-01",94.74,0.03949,94.805387,0.04895,0.04918
"91282CKT7",0.045,"Bond","UNITED STATES TREAS SER Z-2029, 4.500%, 31-MAY-2029","2029-05-31","Market bid","2026-10-08T1235","2026-10-09","2026-11-01",99.034,0.03949,99.001658,0.04892,0.04915
"91282CQV6",0.04125,"Bond","UNITED STATES TREAS SER AP-2029, 4.125%, 15-JUN-2029","2029-06-15","Market bid","2026-10-08T1235","2026-10-09","2026-11-01",98.081,0.03949,98.069098,0.04895,0.04918
"91282CEV9",0.0325,"Bond","UNITED STATES TREAS SER M-2029, 3.250%, 30-JUN-2029","2029-06-30","Market bid","2026-10-08T1235","2026-10-09","2026-11-01",95.825,0.03949,95.861449,0.04904,0.04927
"91282CKX8",0.0425,"Bond","UNITED STATES TREAS SER AA-2029, 4.250%, 30-JUN-2029","2029-06-30","Market bid","2026-10-08T1235","2026-10-09","2026-11-01",98.353,0.03949,98.333584,0.04901,0.04923
"91282CQZ7",0.04125,"Bond","UNITED STATES TREAS SER AQ-2029, 4.125%, 15-JUL-2029","2029-07-15","Market bid","2026-10-08T1235","2026-10-09","2026-11-01",97.99,0.03949,97.978426,0.04908,0.0493
"91282CFC0",0.02625,"Bond","UNITED STATES TREAS SER N-2029, 2.625%, 31-JUL-2029","2029-07-31","Market bid","2026-10-08T1235","2026-10-09","2026-11-01",94.063,0.03949,94.134248,0.04911,0.04933
"91282CLC3",0.04,"Bond","UNITED STATES TREAS SER AB-2029, 4.000%, 31-JUL-2029","2029-07-31","Market bid","2026-10-08T1235","2026-10-09","2026-11-01",97.633,0.03949,97.627844,0.0491,0.04931
"912810FJ2",0.06125,"Bond","UNITED STATES TREAS BDS, 6.125%, 15-AUG-2029","2029-08-15","Market bid","2026-10-08T1235","2026-10-09","2026-11-01",103.209,0.03949,103.085291,0.04902,0.04924
"912828YB0",0.01625,"Bond","UNITED STATES TREAS SER E-2029, 1.625%, 15-AUG-2029","2029-08-15","Market bid","2026-10-08T1235","2026-10-09","2026-11-01",91.408,0.03949,91.534503,0.0489,0.0491
"91282CRG8",0.0425,"Bond","UNITED STATES TREAS SER AR-2029, 4.250%, 15-AUG-2029","2029-08-15","Market bid","2026-10-08T1235","2026-10-09","2026-11-01",98.25,0.03949,98.230442,0.04913,0.04935
"91282CFJ5",0.03125,"Bond","UNITED STATES TREAS SER P-2029, 3.125%, 31-AUG-2029","2029-08-31","Market bid","2026-10-08T1235","2026-10-09","2026-11-01",95.202,0.03949,95.241189,0.04924,0.04947
"91282CLK5",0.03625,"Bond","UNITED STATES TREAS SER AC-2029, 3.625%, 31-AUG-2029","2029-08-31","Market bid","2026-10-08T1235","2026-10-09","2026-11-01",96.536,0.03949,96.546876,0.04923,0.04946
"91282CRL7",0.04375,"Bond","UNITED STATES TREAS SER AS-2029, 4.375%, 15-SEP-2029","2029-09-15","Market bid","2026-10-08T1235","2026-10-09","2026-11-01",98.515,0.03949,98.482898,0.04924,0.04947
"91282CFL0",0.03875,"Bond","UNITED STATES TREAS SER Q-2029, 3.875%, 30-SEP-2029","2029-09-30","Market bid","2026-10-08T1235","2026-10-09","2026-11-01",97.121,0.03949,97.116716,0.04927,0.04949
"91282CLN9",0.035,"Bond","UNITED STATES TREAS SER AD-2029, 3.500%, 30-SEP-2029","2029-09-30","Market bid","2026-10-08T1235","2026-10-09","2026-11-01",96.085,0.03949,96.101941,0.04931,0.04953
"91282CFT3",0.04,"Bond","UNITED STATES TREAS SER R-2029, 4.000%, 31-OCT-2029","2029-10-31","Market bid","2026-10-08T1235","2026-10-09","2026-11-01",97.365,0.03949,97.36127,0.04938,0.04958
"91282CLR0",0.04125,"Bond","UNITED STATES TREAS SER AF-2029, 4.125%, 31-OCT-2029","2029-10-31","Market bid","2026-10-08T1235","2026-10-09","2026-11-01",97.712,0.03949,97.701445,0.04939,0.0496
"912828YS3",0.0175,"Bond","UNITED STATES TREAS SER F-2029, 1.750%, 15-NOV-2029","2029-11-15","Market bid","2026-10-08T1235","2026-10-09","2026-11-01",90.961,0.03949,91.079713,0.04929,0.04948
"91282CFY2",0.03875,"Bond","UNITED STATES TREAS SER S-2029, 3.875%, 30-NOV-2029","2029-11-30","Market bid","2026-10-08T1235","2026-10-09","2026-11-01",96.914,0.03949,96.916434,0.04946,0.04966
"91282CMA6",0.04125,"Bond","UNITED STATES TREAS SER AG-2029, 4.125%, 30-NOV-2029","2029-11-30","Market bid","2026-10-08T1235","2026-10-09","2026-11-01",97.633,0.03949,97.621821,0.04946,0.04966
"91282CGB1",0.03875,"Bond","UNITED STATES TREAS SER T-2029, 3.875%, 31-DEC-2029","2029-12-31","Market bid","2026-10-08T1235","2026-10-09","2026-11-01",96.818,0.03949,96.819381,0.04953,0.04972
"91282CMD0",0.04375,"Bond","UNITED STATES TREAS SER AH-2029, 4.375%, 31-DEC-2029","2029-12-31","Market bid","2026-10-08T1235","2026-10-09","2026-11-01",98.312,0.03949,98.286191,0.04945,0.04965
"91282CGJ4",0.035,"Bond","UNITED STATES TREAS SER G-2030, 3.500%, 31-JAN-2030","2030-01-31","Market bid","2026-10-08T1235","2026-10-09","2026-11-01",95.598,0.03949,95.618794,0.04957,0.04976
"91282CMG3",0.0425,"Bond","UNITED STATES TREAS SER U-2030, 4.250%, 31-JAN-2030","2030-01-31","Market bid","2026-10-08T1235","2026-10-09","2026-11-01",97.853,0.03949,97.832885,0.04959,0.04979
"912828Z94",0.015,"Bond","UNITED STATES TREAS NTS NOTE, 1.500%, 15-FEB-2030","2030-02-15","Market bid","2026-10-08T1235","2026-10-09","2026-11-01",89.439,0.03949,89.568369,0.04959,0.04978
"91282CGQ8",0.04,"Bond","UNITED STATES TREAS SER H-2030, 4.000%, 28-FEB-2030","2030-02-28","Market bid","2026-10-08T1235","2026-10-09","2026-11-01",97.035,0.03949,97.027599,0.04961,0.0498
"91282CGS4",0.03625,"Bond","UNITED STATES TREAS SER J-2030, 3.625%, 31-MAR-2030","2030-03-31","Market bid","2026-10-08T1235","2026-10-09","2026-11-01",95.755,0.03949,95.764449,0.0497,0.04989
"91282CMU2",0.04,"Bond","UNITED STATES TREAS SER W-2030, 4.000%, 31-MAR-2030","2030-03-31","Market bid","2026-10-08T1235","2026-10-09","2026-11-01",96.947,0.03949,96.935743,0.04967,0.04987
"91282CGZ8",0.035,"Bond","UNITED STATES TREAS SER K-2030, 3.500%, 30-APR-2030","2030-04-30","Market bid","2026-10-08T1235","2026-10-09","2026-11-01",95.234,0.03949,95.254407,0.04978,0.04997
"91282CMZ1",0.03875,"Bond","UNITED STATES TREAS SER Y-2030, 3.875%, 30-APR-2030","2030-04-30","Market bid","2026-10-08T1235","2026-10-09","2026-11-01",96.461,0.03949,96.461256,0.04972,0.04991
"912810FM5",0.0625,"Bond","UNITED STATES TREAS BDS, 6.250%, 15-MAY-2030","2030-05-15","Market bid","2026-10-08T1235","2026-10-09","2026-11-01",104.214,0.03949,104.088915,0.04956,0.04974
"912828ZQ6",0.00625,"Bond","UNITED STATES TREAS SER C-2030, 0.625%, 15-MAY-2030","2030-05-15","Market bid","2026-10-08T1235","2026-10-09","2026-11-01",85.8,0.03949,85.975064,0.04982,0.04999
"91282CHF1",0.0375,"Bond","UNITED STATES TREAS SER L-2030, 3.750%, 31-MAY-2030","2030-05-31","Market bid","2026-10-08T1235","2026-10-09","2026-11-01",95.934,0.03949,95.940407,0.04983,0.05002
"91282CNG2",0.04,"Bond","UNITED STATES TREAS SER Z-2030, 4.000%, 31-MAY-2030","2030-05-31","Market bid","2026-10-08T1235","2026-10-09","2026-11-01",96.759,0.03949,96.751973,0.04983,0.05001
"91282CHJ3",0.0375,"Bond","UNITED STATES TREAS SER M-2030, 3.750%, 30-JUN-2030","2030-06-30","Market bid","2026-10-08T1235","2026-10-09","2026-11-01",95.828,0.03949,95.833379,0.0499,0.05008
"91282CNK3",0.03875,"Bond","UNITED STATES TREAS SER AA-2030, 3.875%, 30-JUN-2030","2030-06-30","Market bid","2026-10-08T1235","2026-10-09","2026-11-01",96.257,0.03949,96.255677,0.04987,0.05005
"91282CHR5",0.04,"Bond","UNITED STATES TREAS SER N-2030, 4.000%, 31-JUL-2030","2030-07-31","Market bid","2026-10-08T1235","2026-10-09","2026-11-01",96.585,0.03949,96.577237,0.04994,0.05011
"91282CNN7",0.03875,"Bond","UNITED STATES TREAS SER AB-2030, 3.875%, 31-JUL-2030","2030-07-31","Market bid","2026-10-08T1235","2026-10-09","2026-11-01",96.169,0.03949,96.167954,0.0499,0.05008
"91282CAE1",0.00625,"Bond","UNITED STATES TREAS SER E-2030, 0.625%, 15-AUG-2030","2030-08-15","Market bid","2026-10-08T1235","2026-10-09","2026-11-01",84.855,0.03949,85.027324,0.04997,0.05014
"91282CHW4",0.04125,"Bond","UNITED STATES TREAS SER P-2030, 4.125%, 31-AUG-2030","2030-08-31","Market bid","2026-10-08T1235","2026-10-09","2026-11-01",96.934,0.03949,96.914231,0.05,0.05019
"91282CNX5",0.03625,"Bond","UNITED STATES TREAS SER AC-2030, 3.625%, 31-AUG-2030","2030-08-31","Market bid","2026-10-08T1235","2026-10-09","2026-11-01",95.187,0.03949,95.194519,0.05,0.05019
"91282CHZ7",0.04625,"Bond","UNITED STATES TREAS SER Q-2030, 4.625%, 30-SEP-2030","2030-09-30","Market bid","2026-10-08T1235","2026-10-09","2026-11-01",98.666,0.03949,98.617954,0.04999,0.05017
"91282CPA3",0.03625,"Bond","UNITED STATES TREAS SER AD-2030, 3.625%, 30-SEP-2030","2030-09-30","Market bid","2026-10-08T1235","2026-10-09","2026-11-01",95.094,0.03949,95.100539,0.05001,0.05019
"91282CJG7",0.04875,"Bond","UNITED STATES TREAS SER R-2030, 4.875%, 31-OCT-2030","2030-10-31","Market bid","2026-10-08T1235","2026-10-09","2026-11-01",99.542,0.03949,99.489871,0.05,0.05017
"91282CPD7",0.03625,"Bond","UNITED STATES TREAS SER AF-2030, 3.625%, 31-OCT-2030","2030-10-31","Market bid","2026-10-08T1235","2026-10-09","2026-11-01",94.98,0.03949,94.993398,0.05006,0.05023
"91282CAV3",0.00875,"Bond","UNITED STATES TREAS SER F-2030, 0.875%, 15-NOV-2030","2030-11-15","Market bid","2026-10-08T1235","2026-10-09","2026-11-01",84.828,0.03949,84.985269,0.05014,0.0503
"91282CJM4",0.04375,"Bond","UNITED STATES TREAS SER S-2030, 4.375%, 30-NOV-2030","2030-11-30","Market bid","2026-10-08T1235","2026-10-09","2026-11-01",97.64,0.03949,97.613435,0.05012,0.05028
"91282CPN5",0.035,"Bond","UNITED STATES TREAS SER AG-2030, 3.500%, 30-NOV-2030","2030-11-30","Market bid","2026-10-08T1235","2026-10-09","2026-11-01",94.394,0.03949,94.413265,0.05015,0.05031
"91282CJQ5",0.0375,"Bond","UNITED STATES TREAS SER T-2030, 3.750%, 31-DEC-2030","2030-12-31","Market bid","2026-10-08T1235","2026-10-09","2026-11-01",95.223,0.03949,95.22814,0.05017,0.05033
"91282CPR6",0.03625,"Bond","UNITED STATES TREAS SER AH-2030, 3.625%, 31-DEC-2030","2030-12-31","Market bid","2026-10-08T1235","2026-10-09","2026-11-01",94.759,0.03949,94.770713,0.05015,0.05032
"91282CJX0",0.04,"Bond","UNITED STATES TREAS SER G-2031, 4.000%, 31-JAN-2031","2031-01-31","Market bid","2026-10-08T1235","2026-10-09","2026-11-01",96.091,0.03949,96.082007,0.05018,0.05034
"91282CPW5",0.0375,"Bond","UNITED STATES TREAS SER U-2031, 3.750%, 31-JAN-2031","2031-01-31","Market bid","2026-10-08T1235","2026-10-09","2026-11-01",95.126,0.03949,95.130113,0.0502,0.05036
"912810FP8",0.05375,"Bond","UNITED STATES TREAS BDS, 5.375%, 15-FEB-2031","2031-02-15","Market bid","2026-10-08T1235","2026-10-09","2026-11-01",101.466,0.03949,101.384551,0.04994,0.0501
"91282CBL4",0.01125,"Bond","UNITED STATES TREAS SER B-2031, 1.125%, 15-FEB-2031","2031-02-15","Market bid","2026-10-08T1235","2026-10-09","2026-11-01",85.029,0.03949,85.170693,0.04996,0.05011
"91282CKC4",0.0425,"Bond","UNITED STATES TREAS SER H-2031, 4.250%, 28-FEB-2031","2031-02-28","Market bid","2026-10-08T1235","2026-10-09","2026-11-01",97.003,0.03949,96.979965,0.05019,0.05034
"91282CQD6",0.035,"Bond","UNITED STATES TREAS SER V-2031, 3.500%, 28-FEB-2031","2031-02-28","Market bid","2026-10-08T1235","2026-10-09","2026-11-01",94.086,0.03949,94.102369,0.05018,0.05034
"91282CKF7",0.04125,"Bond","UNITED STATES TREAS SER J-2031, 4.125%, 31-MAR-2031","2031-03-31","Market bid","2026-10-08T1235","2026-10-09","2026-11-01",96.435,0.03949,96.414579,0.05024,0.05041
"91282CQG9",0.03875,"Bond","UNITED STATES TREAS SER W-2031, 3.875%, 31-MAR-2031","2031-03-31","Market bid","2026-10-08T1235","2026-10-09","2026-11-01",95.437,0.03949,95.429876,0.05026,0.05042
"91282CKN0",0.04625,"Bond","UNITED STATES TREAS SER K-2031, 4.625%, 30-APR-2031","2031-04-30","Market bid","2026-10-08T1235","2026-10-09","2026-11-01",98.378,0.03949,98.336618,0.05027,0.05043
"91282CQK0",0.03875,"Bond","UNITED STATES TREAS SER Y-2031, 3.875%, 30-APR-2031","2031-04-30","Market bid","2026-10-08T1235","2026-10-09","2026-11-01",95.36,0.03949,95.357517,0.05026,0.05042
"91282CCB5",0.01625,"Bond","UNITED STATES TREAS SER C-2031, 1.625%, 15-MAY-2031","2031-05-15","Market bid","2026-10-08T1235","2026-10-09","2026-11-01",86.166,0.03949,86.28047,0.05031,0.05045
"91282CKU4",0.04625,"Bond","UNITED STATES TREAS SER L-2031, 4.625%, 31-MAY-2031","2031-05-31","Market bid","2026-10-08T1235","2026-10-09","2026-11-01",98.332,0.03949,98.290168,0.05031,0.05047
"91282CQU8",0.04125,"Bond","UNITED STATES TREAS SER Z-2031, 4.125%, 31-MAY-2031","2031-05-31","Market bid","2026-10-08T1235","2026-10-09","2026-11-01",96.278,0.03949,96.262031,0.05033,0.05049
"91282CKW0",0.0425,"Bond","UNITED STATES TREAS SER M-2031, 4.250%, 30-JUN-2031","2031-06-30","Market bid","2026-10-08T1235","2026-10-09","2026-11-01",96.722,0.03949,96.698526,0.05037,0.05052
"91282CQX2",0.04125,"Bond","UNITED STATES TREAS SER AA-2031, 4.125%, 30-JUN-2031","2031-06-30","Market bid","2026-10-08T1235","2026-10-09","2026-11-01",96.218,0.03949,96.201042,0.05033,0.05048
"91282CLD1",0.04125,"Bond","UNITED STATES TREAS SER N-2031, 4.125%, 31-JUL-2031","2031-07-31","Market bid","2026-10-08T1235","2026-10-09","2026-11-01",96.129,0.03949,96.112349,0.0504,0.05055
"91282CRA1",0.04375,"Bond","UNITED STATES TREAS SER AB-2031, 4.375%, 31-JUL-2031","2031-07-31","Market bid","2026-10-08T1235","2026-10-09","2026-11-01",97.195,0.03949,97.165494,0.05037,0.05052
"91282CCS8",0.0125,"Bond","UNITED STATES TREAS SER E-2031, 1.250%, 15-AUG-2031","2031-08-15","Market bid","2026-10-08T1235","2026-10-09","2026-11-01",83.836,0.03949,83.966958,0.05048,0.05062
"91282CLJ8",0.0375,"Bond","UNITED STATES TREAS SER P-2031, 3.750%, 31-AUG-2031","2031-08-31","Market bid","2026-10-08T1235","2026-10-09","2026-11-01",94.45,0.03949,94.447777,0.05043,0.05059
"91282CRK9",0.04375,"Bond","UNITED STATES TREAS SER AC-2031, 4.375%, 31-AUG-2031","2031-08-31","Market bid","2026-10-08T1235","2026-10-09","2026-11-01",97.186,0.03949,97.151043,0.0503,0.05046
"91282CLM1",0.03625,"Bond","UNITED STATES TREAS SER Q-2031, 3.625%, 30-SEP-2031","2031-09-30","Market bid","2026-10-08T1235","2026-10-09","2026-11-01",93.809,0.03949,93.812342,0.05047,0.05063
"91282CRN3",0.05,"Bond","UNITED STATES TREAS SER AD-2031, 5.000%, 30-SEP-2031","2031-09-30","Market bid","2026-10-08T1235","2026-10-09","2026-11-01",99.867,0.03949,99.798139,0.0503,0.05046
"91282CLU3",0.04125,"Bond","UNITED STATES TREAS SER R-2031, 4.125%, 31-OCT-2031","2031-10-31","Market bid","2026-10-08T1235","2026-10-09","2026-11-01",95.898,0.03949,95.882931,0.05053,0.05068
"91282CDJ7",0.01375,"Bond","UNITED STATES TREAS SER F-2031, 1.375%, 15-NOV-2031","2031-11-15","Market bid","2026-10-08T1235","2026-10-09","2026-11-01",83.579,0.03949,83.702409,0.05069,0.05082
"91282CLZ2",0.04125,"Bond","UNITED STATES TREAS SER S-2031, 4.125%, 30-NOV-2031","2031-11-30","Market bid","2026-10-08T1235","2026-10-09","2026-11-01",95.812,0.03949,95.79629,0.05059,0.05074
"91282CMC2",0.045,"Bond","UNITED STATES TREAS SER T-2031, 4.500%, 31-DEC-2031","2031-12-31","Market bid","2026-10-08T1235","2026-10-09","2026-11-01",97.45,0.03949,97.414319,0.0506,0.05074
"91282CMK4",0.04375,"Bond","UNITED STATES TREAS SER G-2032, 4.375%, 31-JAN-2032","2032-01-31","Market bid","2026-10-08T1235","2026-10-09","2026-11-01",96.804,0.03949,96.773521,0.05068,0.05082
"91282CDY4",0.01875,"Bond","UNITED STATES TREAS SER B-2032, 1.875%, 15-FEB-2032","2032-02-15","Market bid","2026-10-08T1235","2026-10-09","2026-11-01",85.125,0.03949,85.220336,0.05085,0.05098
"91282CMR9",0.04125,"Bond","UNITED STATES TREAS SER H-2032, 4.125%, 29-FEB-2032","2032-02-29","Market bid","2026-10-08T1235","2026-10-09","2026-11-01",95.588,0.03949,95.567791,0.0507,0.05084
"91282CMT5",0.04125,"Bond","UNITED STATES TREAS SER J-2032, 4.125%, 31-MAR-2032","2032-03-31","Market bid","2026-10-08T1235","2026-10-09","2026-11-01",95.514,0.03949,95.491287,0.05073,0.05088
"91282CNA5",0.04,"Bond","UNITED STATES TREAS SER K-2032, 4.000%, 30-APR-2032","2032-04-30","Market bid","2026-10-08T1235","2026-10-09","2026-11-01",94.843,0.03949,94.831495,0.05076,0.0509
"91282CEP2",0.02875,"Bond","UNITED STATES TREAS SER C-2032, 2.875%, 15-MAY-2032","2032-05-15","Market bid","2026-10-08T1235","2026-10-09","2026-11-01",89.299,0.03949,89.344383,0.05095,0.05108
"91282CNF4",0.04125,"Bond","UNITED STATES TREAS SER L-2032, 4.125%, 31-MAY-2032","2032-05-31","Market bid","2026-10-08T1235","2026-10-09","2026-11-01",95.333,0.03949,95.31468,0.05086,0.051
"91282CNJ6",0.04,"Bond","UNITED STATES TREAS SER M-2032, 4.000%, 30-JUN-2032","2032-06-30","Market bid","2026-10-08T1235","2026-10-09","2026-11-01",94.655,0.03949,94.641921,0.05087,0.051
"91282CNR8",0.04,"Bond","UNITED STATES TREAS SER N-2032, 4.000%, 31-JUL-2032","2032-07-31","Market bid","2026-10-08T1235","2026-10-09","2026-11-01",94.535,0.03949,94.522135,0.05097,0.05111
"91282CFF3",0.0275,"Bond","UNITED STATES TREAS SER E-2032, 2.750%, 15-AUG-2032","2032-08-15","Market bid","2026-10-08T1235","2026-10-09","2026-11-01",88.208,0.03949,88.256646,0.05106,0.05119
"91282CNW7",0.03875,"Bond","UNITED STATES TREAS SER P-2032, 3.875%, 31-AUG-2032","2032-08-31","Market bid","2026-10-08T1235","2026-10-09","2026-11-01",93.832,0.03949,93.820329,0.05099,0.05113
"91282CNZ0",0.03875,"Bond","UNITED STATES TREAS SER Q-2032, 3.875%, 30-SEP-2032","2032-09-30","Market bid","2026-10-08T1235","2026-10-09","2026-11-01",93.736,0.03949,93.723292,0.05104,0.05118
"91282CPF2",0.0375,"Bond","UNITED STATES TREAS SER R-2032, 3.750%, 31-OCT-2032","2032-10-31","Market bid","2026-10-08T1235","2026-10-09","2026-11-01",92.988,0.03949,92.988753,0.0511,0.05123
"91282CFV8",0.04125,"Bond","UNITED STATES TREAS SER F-2032, 4.125%, 15-NOV-2032","2032-11-15","Market bid","2026-10-08T1235","2026-10-09","2026-11-01",94.875,0.03949,94.857375,0.05113,0.05126
"91282CPM7",0.0375,"Bond","UNITED STATES TREAS SER S-2032, 3.750%, 30-NOV-2032","2032-11-30","Market bid","2026-10-08T1235","2026-10-09","2026-11-01",92.884,0.03949,92.884106,0.05114,0.05127
"91282CPQ8",0.03875,"Bond","UNITED STATES TREAS SER T-2032, 3.875%, 31-DEC-2032","2032-12-31","Market bid","2026-10-08T1235","2026-10-09","2026-11-01",93.427,0.03949,93.419943,0.0512,0.05133
"91282CPY1",0.04,"Bond","UNITED STATES TREAS SER G-2033, 4.000%, 31-JAN-2033","2033-01-31","Market bid","2026-10-08T1235","2026-10-09","2026-11-01",93.992,0.03949,93.977784,0.05125,0.05138
"91282CGM7",0.035,"Bond","UNITED STATES TREAS SER B-2033, 3.500%, 15-FEB-2033","2033-02-15","Market bid","2026-10-08T1235","2026-10-09","2026-11-01",91.246,0.03949,91.255609,0.05132,0.05144
"91282CQC8",0.0375,"Bond","UNITED STATES TREAS SER H-2033, 3.750%, 28-FEB-2033","2033-02-28","Market bid","2026-10-08T1235","2026-10-09","2026-11-01",92.59,0.03949,92.587092,0.05124,0.05137
"91282CQF1",0.0425,"Bond","UNITED STATES TREAS SER J-2033, 4.250%, 31-MAR-2033","2033-03-31","Market bid","2026-10-08T1235","2026-10-09","2026-11-01",95.202,0.03949,95.170619,0.0513,0.05143
"91282CQN4",0.04125,"Bond","UNITED STATES TREAS SER K-2033, 4.125%, 30-APR-2033","2033-04-30","Market bid","2026-10-08T1235","2026-10-09","2026-11-01",94.422,0.03949,94.401713,0.05137,0.0515
"91282CHC8",0.03375,"Bond","UNITED STATES TREAS SER C-2033, 3.375%, 15-MAY-2033","2033-05-15","Market bid","2026-10-08T1235","2026-10-09","2026-11-01",90.2,0.03949,90.216872,0.05144,0.05156
"91282CQT1",0.0425,"Bond","UNITED STATES TREAS SER L-2033, 4.250%, 31-MAY-2033","2033-05-31","Market bid","2026-10-08T1235","2026-10-09","2026-11-01",95.046,0.03949,95.019223,0.05139,0.05152
"91282CQW4",0.0425,"Bond","UNITED STATES TREAS SER M-2033, 4.250%, 30-JUN-2033","2033-06-30","Market bid","2026-10-08T1235","2026-10-09","2026-11-01",94.968,0.03949,94.940161,0.05144,0.05156
"91282CRC7",0.04375,"Bond","UNITED STATES TREAS SER N-2033, 4.375%, 31-JUL-2033","2033-07-31","Market bid","2026-10-08T1235","2026-10-09","2026-11-01",95.593,0.03949,95.559508,0.05149,0.05161
"91282CHT1",0.03875,"Bond","UNITED STATES TREAS SER E-2033, 3.875%, 15-AUG-2033","2033-08-15","Market bid","2026-10-08T1235","2026-10-09","2026-11-01",92.682,0.03949,92.671884,0.05156,0.05168
"91282CRJ2",0.045,"Bond","UNITED STATES TREAS SER P-2033, 4.500%, 31-AUG-2033","2033-08-31","Market bid","2026-10-08T1235","2026-10-09","2026-11-01",96.281,0.03949,96.235882,0.05147,0.0516
"91282CRM5",0.05,"Bond","UNITED STATES TREAS SER Q-2033, 5.000%, 30-SEP-2033","2033-09-30","Market bid","2026-10-08T1235","2026-10-09","2026-11-01",99.127,0.03949,99.056298,0.0515,0.05163
"91282CJJ1",0.045,"Bond","UNITED STATES TREAS SER F-2033, 4.500%, 15-NOV-2033","2033-11-15","Market bid","2026-10-08T1235","2026-10-09","2026-11-01",96.078,0.03949,96.040305,0.05166,0.05178
"91282CJZ5",0.04,"Bond","UNITED STATES TREAS SER B-2034, 4.000%, 15-FEB-2034","2034-02-15","Market bid","2026-10-08T1235","2026-10-09","2026-11-01",92.831,0.03949,92.813489,0.05184,0.05196
"91282CKQ3",0.04375,"Bond","UNITED STATES TREAS SER C-2034, 4.375%, 15-MAY-2034","2034-05-15","Market bid","2026-10-08T1235","2026-10-09","2026-11-01",94.924,0.03949,94.891121,0.05191,0.05203
"91282CLF6",0.03875,"Bond","UNITED STATES TREAS SER E-2034, 3.875%, 15-AUG-2034","2034-08-15","Market bid","2026-10-08T1235","2026-10-09","2026-11-01",91.514,0.03949,91.500978,0.05205,0.05216
"91282CLW9",0.0425,"Bond","UNITED STATES TREAS SER F-2034, 4.250%, 15-NOV-2034","2034-11-15","Market bid","2026-10-08T1235","2026-10-09","2026-11-01",93.689,0.03949,93.660736,0.05214,0.05226
"91282CMM0",0.04625,"Bond","UNITED STATES TREAS SER B-2035, 4.625%, 15-FEB-2035","2035-02-15","Market bid","2026-10-08T1235","2026-10-09","2026-11-01",95.956,0.03949,95.907435,0.05228,0.05239
"91282CNC1",0.0425,"Bond","UNITED STATES TREAS SER C-2035, 4.250%, 15-MAY-2035","2035-05-15","Market bid","2026-10-08T1235","2026-10-09","2026-11-01",93.233,0.03949,93.203602,0.05237,0.05248
"91282CNT4",0.0425,"Bond","UNITED STATES TREAS SER E-2035, 4.250%, 15-AUG-2035","2035-08-15","Market bid","2026-10-08T1235","2026-10-09","2026-11-01",93.015,0.03949,92.982415,0.05246,0.05256
"91282CPJ4",0.04,"Bond","UNITED STATES TREAS SER F-2035, 4.000%, 15-NOV-2035","2035-11-15","Market bid","2026-10-08T1235","2026-10-09","2026-11-01",91,0.03949,90.980421,0.05256,0.05267
"912810FT0",0.045,"Bond","UNITED STATES TREAS SER BONDS OF FEBRUARY 2036, 4.500%, 15-FEB-2036","2036-02-15","Market bid","2026-10-08T1235","2026-10-09","2026-11-01",95.375,0.03949,95.332756,0.05128,0.05137
"91282CPZ8",0.04125,"Bond","UNITED STATES TREAS SER B-2036, 4.125%, 15-FEB-2036","2036-02-15","Market bid","2026-10-08T1235","2026-10-09","2026-11-01",91.71,0.03949,91.681933,0.05258,0.05268
"91282CQQ7",0.04375,"Bond","UNITED STATES TREAS SER C-2036, 4.375%, 15-MAY-2036","2036-05-15","Market bid","2026-10-08T1235","2026-10-09","2026-11-01",93.355,0.03949,93.318216,0.05265,0.05275
"91282CRF0",0.04625,"Bond","UNITED STATES TREAS NTS, 4.625%, 15-AUG-2036","2036-08-15","Market bid","2026-10-08T1235","2026-10-09","2026-11-01",95.105,0.03949,95.054317,0.05267,0.05277
"912810PT9",0.0475,"Bond","UNITED STATES TREAS BDS, 4.750%, 15-FEB-2037","2037-02-15","Market bid","2026-10-08T1235","2026-10-09","2026-11-01",96.394,0.03949,96.338759,0.05204,0.05213
"912810PU6",0.05,"Bond","UNITED STATES TREAS BDS, 5.000%, 15-MAY-2037","2037-05-15","Market bid","2026-10-08T1235","2026-10-09","2026-11-01",98.313,0.03949,98.250113,0.05208,0.05218
"912810PW2",0.04375,"Bond","UNITED STATES TREAS BDS, 4.375%, 15-FEB-2038","2038-02-15","Market bid","2026-10-08T1235","2026-10-09","2026-11-01",92.695,0.03949,92.653852,0.05236,0.05245
"912810PX0",0.045,"Bond","UNITED STATES TREAS BDS, 4.500%, 15-MAY-2038","2038-05-15","Market bid","2026-10-08T1235","2026-10-09","2026-11-01",93.375,0.03949,93.330578,0.0527,0.05279
"912810QA9",0.035,"Bond","UNITED STATES TREAS BDS, 3.500%, 15-FEB-2039","2039-02-15","Market bid","2026-10-08T1235","2026-10-09","2026-11-01",83.671,0.03949,83.66176,0.0532,0.05328
"912810QB7",0.0425,"Bond","UNITED STATES TREAS BDS, 4.250%, 15-MAY-2039","2039-05-15","Market bid","2026-10-08T1235","2026-10-09","2026-11-01",89.852,0.03949,89.814188,0.05368,0.05377
"912810QC5",0.045,"Bond","UNITED STATES TREAS BDS, 4.500%, 15-AUG-2039","2039-08-15","Market bid","2026-10-08T1235","2026-10-09","2026-11-01",91.73,0.03949,91.678686,0.054,0.05409
"912810QD3",0.04375,"Bond","UNITED STATES TREAS BDS, 4.375%, 15-NOV-2039","2039-11-15","Market bid","2026-10-08T1235","2026-10-09","2026-11-01",90.273,0.03949,90.228547,0.05421,0.0543
"912810QE1",0.04625,"Bond","UNITED STATES TREAS BDS, 4.625%, 15-FEB-2040","2040-02-15","Market bid","2026-10-08T1235","2026-10-09","2026-11-01",92.405,0.03949,92.347599,0.05432,0.05441
"912810QH4",0.04375,"Bond","UNITED STATES TREAS BDS, 4.375%, 15-MAY-2040","2040-05-15","Market bid","2026-10-08T1235","2026-10-09","2026-11-01",89.772,0.03949,89.7263,0.05449,0.05458
"912810SR0",0.01125,"Bond","UNITED STATES TREAS SER BONDS OF MAY 2040, 1.125%, 15-MAY-2040","2040-05-15","Market bid","2026-10-08T1235","2026-10-09","2026-11-01",58.475,0.03949,58.551316,0.05501,0.05509
"912810QK7",0.03875,"Bond","UNITED STATES TREAS BDS, 3.875%, 15-AUG-2040","2040-08-15","Market bid","2026-10-08T1235","2026-10-09","2026-11-01",84.679,0.03949,84.648969,0.05466,0.05475
"912810SQ2",0.01125,"Bond","UNITED STATES TREAS SER BONDS OF AUGUST 2040, 1.125%, 15-AUG-2040","2040-08-15","Market bid","2026-10-08T1235","2026-10-09","2026-11-01",57.804,0.03949,57.877947,0.05524,0.05532
"912810QL5",0.0425,"Bond","UNITED STATES TREAS BDS, 4.250%, 15-NOV-2040","2040-11-15","Market bid","2026-10-08T1235","2026-10-09","2026-11-01",88.008,0.03949,87.9656,0.05482,0.05491
"912810ST6",0.01375,"Bond","UNITED STATES TREAS SER BONDS OF NOVEMBER 2040, 1.375%, 15-NOV-2040","2040-11-15","Market bid","2026-10-08T1235","2026-10-09","2026-11-01",59.613,0.03949,59.676771,0.05539,0.05547
"912810QN1",0.0475,"Bond","UNITED STATES TREAS BDS, 4.750%, 15-FEB-2041","2041-02-15","Market bid","2026-10-08T1235","2026-10-09","2026-11-01",92.643,0.03949,92.578425,0.05497,0.05506
"912810SW9",0.01875,"Bond","UNITED STATES TREAS SER BONDS OF FEBRUARY 2041, 1.875%, 15-FEB-2041","2041-02-15","Market bid","2026-10-08T1235","2026-10-09","2026-11-01",63.984,0.03949,64.026729,0.05548,0.05556
"912810QQ4",0.04375,"Bond","UNITED STATES TREAS BDS, 4.375%, 15-MAY-2041","2041-05-15","Market bid","2026-10-08T1235","2026-10-09","2026-11-01",88.66,0.03949,88.611533,0.05516,0.05525
"912810SY5",0.0225,"Bond","UNITED STATES TREAS SER BONDS OF MAY 2041, 2.250%, 15-MAY-2041","2041-05-15","Market bid","2026-10-08T1235","2026-10-09","2026-11-01",67.175,0.03949,67.203771,0.05563,0.05571
"912810QS0",0.0375,"Bond","UNITED STATES TREAS BDS, 3.750%, 15-AUG-2041","2041-08-15","Market bid","2026-10-08T1235","2026-10-09","2026-11-01",82.046,0.03949,82.017184,0.05539,0.05548
"912810TA6",0.0175,"Bond","UNITED STATES TREAS SER BONDS OF AUGUST 2041, 1.750%, 15-AUG-2041","2041-08-15","Market bid","2026-10-08T1235","2026-10-09","2026-11-01",61.635,0.03949,61.679649,0.05585,0.05593
"912810QT8",0.03125,"Bond","UNITED STATES TREAS BDS, 3.125%, 15-NOV-2041","2041-11-15","Market bid","2026-10-08T1235","2026-10-09","2026-11-01",75.228,0.03949,75.222992,0.05572,0.05581
"912810TC2",0.02,"Bond","UNITED STATES TREAS SER BONDS OF NOVEMBER 2041, 2.000%, 15-NOV-2041","2041-11-15","Market bid","2026-10-08T1235","2026-10-09","2026-11-01",63.649,0.03949,63.684373,0.05598,0.05606
"912810QU5",0.03125,"Bond","UNITED STATES TREAS BDS, 3.125%, 15-FEB-2042","2042-02-15","Market bid","2026-10-08T1235","2026-10-09","2026-11-01",74.759,0.03949,74.750881,0.05597,0.05605
"912810TF5",0.02375,"Bond","UNITED STATES TREAS SER BONDS OF FEBRUARY 2042, 2.375%, 15-FEB-2042","2042-02-15","Market bid","2026-10-08T1235","2026-10-09","2026-11-01",67.009,0.03949,67.028191,0.05608,0.05617
"912810QW1",0.03,"Bond","UNITED STATES TREAS BDS, 3.000%, 15-MAY-2042","2042-05-15","Market bid","2026-10-08T1235","2026-10-09","2026-11-01",73.108,0.03949,73.105405,0.05609,0.05617
"912810TH1",0.0325,"Bond","UNITED STATES TREAS SER BONDS OF MAY 2042, 3.250%, 15-MAY-2042","2042-05-15","Market bid","2026-10-08T1235","2026-10-09","2026-11-01",75.705,0.03949,75.693491,0.05606,0.05615
"912810QX9",0.0275,"Bond","UNITED STATES TREAS BDS, 2.750%, 15-AUG-2042","2042-08-15","Market bid","2026-10-08T1235","2026-10-09","2026-11-01",70.059,0.03949,70.062483,0.0563,0.05638
"912810TK4",0.03375,"Bond","UNITED STATES TREAS SER BONDS OF AUGUST 2042, 3.375%, 15-AUG-2042","2042-08-15","Market bid","2026-10-08T1235","2026-10-09","2026-11-01",76.693,0.03949,76.674162,0.05614,0.05623
"912810QY7",0.0275,"Bond","UNITED STATES TREAS BDS, 2.750%, 15-NOV-2042","2042-11-15","Market bid","2026-10-08T1235","2026-10-09","2026-11-01",69.624,0.03949,69.628112,0.05647,0.05655
"912810TM0",0.04,"Bond","UNITED STATES TREAS SER BONDS OF NOVEMBER 2042, 4.000%, 15-NOV-2042","2042-11-15","Market bid","2026-10-08T1235","2026-10-09","2026-11-01",82.938,0.03949,82.89836,0.05624,0.05633
"912810QZ4",0.03125,"Bond","UNITED STATES TREAS BDS, 3.125%, 15-FEB-2043","2043-02-15","Market bid","2026-10-08T1235","2026-10-09","2026-11-01",73.263,0.03949,73.251159,0.05652,0.0566
"912810TQ1",0.03875,"Bond","UNITED STATES TREAS SER BONDS OF FEBRUARY 2043, 3.875%, 15-FEB-2043","2043-02-15","Market bid","2026-10-08T1235","2026-10-09","2026-11-01",81.344,0.03949,81.30567,0.05636,0.05644
"912810RB6",0.02875,"Bond","UNITED STATES TREAS BDS, 2.875%, 15-MAY-2043","2043-05-15","Market bid","2026-10-08T1235","2026-10-09","2026-11-01",70.239,0.03949,70.236954,0.05664,0.05672
"912810TS7",0.03875,"Bond","UNITED STATES TREAS SER BONDS OF MAY 2043, 3.875%, 15-MAY-2043","2043-05-15","Market bid","2026-10-08T1235","2026-10-09","2026-11-01",81.067,0.03949,81.030392,0.05647,0.05656
"912810RC4",0.03625,"Bond","UNITED STATES TREAS BDS, 3.625%, 15-AUG-2043","2043-08-15","Market bid","2026-10-08T1235","2026-10-09","2026-11-01",78.06,0.03949,78.029032,0.05662,0.05671
"912810TU2",0.04375,"Bond","UNITED STATES TREAS SER BONDS OF AUGUST 2043, 4.375%, 15-AUG-2043","2043-08-15","Market bid","2026-10-08T1235","2026-10-09","2026-11-01",86.288,0.03949,86.230909,0.05646,0.05655
"912810RD2",0.0375,"Bond","UNITED STATES TREAS BDS, 3.750%, 15-NOV-2043","2043-11-15","Market bid","2026-10-08T1235","2026-10-09","2026-11-01",79.141,0.03949,79.107288,0.05671,0.0568
"912810TW8",0.0475,"Bond","UNITED STATES TREAS SER BONDS OF NOVEMBER 2043, 4.750%, 15-NOV-2043","2043-11-15","Market bid","2026-10-08T1235","2026-10-09","2026-11-01",90.232,0.03949,90.164381,0.05648,0.05657
"912810RE0",0.03625,"Bond","UNITED STATES TREAS SER BONDS OF FEB 2044, 3.625%, 15-FEB-2044","2044-02-15","Market bid","2026-10-08T1235","2026-10-09","2026-11-01",77.49,0.03949,77.457613,0.05682,0.0569
"912810TZ1",0.045,"Bond","UNITED STATES TREAS SER BONDS OF FEBRUARY 2044, 4.500%, 15-FEB-2044","2044-02-15","Market bid","2026-10-08T1235","2026-10-09","2026-11-01",87.217,0.03949,87.154455,0.05666,0.05675
"912810RG5",0.03375,"Bond","UNITED STATES TREAS BDS, 3.375%, 15-MAY-2044","2044-05-15","Market bid","2026-10-08T1235","2026-10-09","2026-11-01",74.486,0.03949,74.46377,0.05688,0.05696
"912810UB2",0.04625,"Bond","UNITED STATES TREAS SER BONDS OF MAY 2044, 4.625%, 15-MAY-2044","2044-05-15","Market bid","2026-10-08T1235","2026-10-09","2026-11-01",88.461,0.03949,88.396662,0.05669,0.05678
"912810RH3",0.03125,"Bond","UNITED STATES TREAS BDS, 3.125%, 15-AUG-2044","2044-08-15","Market bid","2026-10-08T1235","2026-10-09","2026-11-01",71.382,0.03949,71.365478,0.057,0.05709
"912810UD8",0.04125,"Bond","UNITED STATES TREAS SER BONDS OF AUGUST 2044, 4.125%, 15-AUG-2044","2044-08-15","Market bid","2026-10-08T1235","2026-10-09","2026-11-01",82.654,0.03949,82.603398,0.05684,0.05692
"912810RJ9",0.03,"Bond","UNITED STATES TREAS BDS, 3.000%, 15-NOV-2044","2044-11-15","Market bid","2026-10-08T1235","2026-10-09","2026-11-01",69.658,0.03949,69.64682,0.05711,0.05719
"912810UF3",0.04625,"Bond","UNITED STATES TREAS SER BONDS OF NOVEMBER 2044, 4.625%, 15-NOV-2044","2044-11-15","Market bid","2026-10-08T1235","2026-10-09","2026-11-01",88.142,0.03949,88.076868,0.05682,0.05691
"912810RK6",0.025,"Bond","UNITED STATES TREAS BDS, 2.500%, 15-FEB-2045","2045-02-15","Market bid","2026-10-08T1235","2026-10-09","2026-11-01",63.679,0.03949,63.682139,0.05723,0.05731
"912810UJ5",0.0475,"Bond","UNITED STATES TREAS SER BONDS OF FEBRUARY 2045, 4.750%, 15-FEB-2045","2045-02-15","Market bid","2026-10-08T1235","2026-10-09","2026-11-01",89.419,0.03949,89.346403,0.05686,0.05694
"912810RM2",0.03,"Bond","UNITED STATES TREAS BDS, 3.000%, 15-MAY-2045","2045-05-15","Market bid","2026-10-08T1235","2026-10-09","2026-11-01",69.164,0.03949,69.15159,0.05713,0.05721
"912810UL0",0.05,"Bond","UNITED STATES TREAS SER BONDS OF MAY 2045, 5.000%, 15-MAY-2045","2045-05-15","Market bid","2026-10-08T1235","2026-10-09","2026-11-01",92.226,0.03949,92.147966,0.05682,0.05691
"912810RN0",0.02875,"Bond","UNITED STATES TREAS BDS, 2.875%, 15-AUG-2045","2045-08-15","Market bid","2026-10-08T1235","2026-10-09","2026-11-01",67.438,0.03949,67.427196,0.0572,0.05728
"912810UN6",0.04875,"Bond","UNITED STATES TREAS SER BONDS OF AUGUST 2045, 4.875%, 15-AUG-2045","2045-08-15","Market bid","2026-10-08T1235","2026-10-09","2026-11-01",90.64,0.03949,90.562676,0.0569,0.05699
"912810RP5",0.03,"Bond","UNITED STATES TREAS SER BONDS OF NOVEMBER 2045, 3.000%, 15-NOV-2045","2045-11-15","Market bid","2026-10-08T1235","2026-10-09","2026-11-01",68.647,0.03949,68.633304,0.05719,0.05727
"912810UQ9",0.04625,"Bond","UNITED STATES TREAS SER BONDS OF NOVEMBER 20, 4.625%, 15-NOV-2045","2045-11-15","Market bid","2026-10-08T1235","2026-10-09","2026-11-01",87.658,0.03949,87.591663,0.05693,0.05701
"912810RQ3",0.025,"Bond","UNITED STATES TREAS SER BONDS OF FEBRUARY 2046, 2.500%, 15-FEB-2046","2046-02-15","Market bid","2026-10-08T1235","2026-10-09","2026-11-01",62.523,0.03949,62.523263,0.05729,0.05737
"912810UT3",0.04625,"Bond","UNITED STATES TREAS SER BONDS OF FEBRUAR, 4.625%, 15-FEB-2046","2046-02-15","Market bid","2026-10-08T1235","2026-10-09","2026-11-01",87.562,0.03949,87.492547,0.05693,0.05702
"912810RS9",0.025,"Bond","UNITED STATES TREAS SER BONDS OF MAY 2046, 2.500%, 15-MAY-2046","2046-05-15","Market bid","2026-10-08T1235","2026-10-09","2026-11-01",62.273,0.03949,62.274196,0.05728,0.05735
"912810UV8",0.05,"Bond","UNITED STATES TREAS SER BONDS, 5.000%, 15-MAY-2046","2046-05-15","Market bid","2026-10-08T1235","2026-10-09","2026-11-01",91.921,0.03949,91.842207,0.05689,0.05697
"912810RT7",0.0225,"Bond","UNITED STATES TREAS BOND, 2.250%, 15-AUG-2046","2046-08-15","Market bid","2026-10-08T1235","2026-10-09","2026-11-01",59.03,0.03949,59.037103,0.05732,0.0574
"912810UX4",0.05125,"Bond","UNITED STATES TREAS SER BONDS, 5.125%, 15-AUG-2046","2046-08-15","Market bid","2026-10-08T1235","2026-10-09","2026-11-01",93.423,0.03949,93.337069,0.05681,0.0569
"912810RU4",0.02875,"Bond","UNITED STATES TREAS SER BONDS OF NOVEMBER 2046, 2.875%, 15-NOV-2046","2046-11-15","Market bid","2026-10-08T1235","2026-10-09","2026-11-01",66.257,0.03949,66.245045,0.05721,0.05729
"912810RV2",0.03,"Bond","UNITED STATES TREAS SER BONDS OF FEBRUARY 2047, 3.000%, 15-FEB-2047","2047-02-15","Market bid","2026-10-08T1235","2026-10-09","2026-11-01",67.504,0.03949,67.485593,0.05723,0.05731
"912810RX8",0.03,"Bond","UNITED STATES TREAS SER BONDS OF MAY 2047, 3.000%, 15-MAY-2047","2047-05-15","Market bid","2026-10-08T1235","2026-10-09","2026-11-01",67.285,0.03949,67.267915,0.05724,0.05732
"912810RY6",0.0275,"Bond","UNITED STATES TREAS SER BONDS OF AUGUST 2047, 2.750%, 15-AUG-2047","2047-08-15","Market bid","2026-10-08T1235","2026-10-09","2026-11-01",64.017,0.03949,64.005448,0.05728,0.05736
"912810RZ3",0.0275,"Bond","UNITED STATES TREAS SER BONDS OF NOVEMBER 2047, 2.750%, 15-NOV-2047","2047-11-15","Market bid","2026-10-08T1235","2026-10-09","2026-11-01",63.802,0.03949,63.791624,0.05727,0.05735
"912810SA7",0.03,"Bond","UNITED STATES TREAS SER BONDS OF FEBRUARY 2048, 3.000%, 15-FEB-2048","2048-02-15","Market bid","2026-10-08T1235","2026-10-09","2026-11-01",66.68,0.03949,66.659543,0.05723,0.0573
"912810SC3",0.03125,"Bond","UNITED STATES TREAS SER BONDS OF MAY 2048, 3.125%, 15-MAY-2048","2048-05-15","Market bid","2026-10-08T1235","2026-10-09","2026-11-01",68.035,0.03949,68.012093,0.05721,0.05729
"912810SD1",0.03,"Bond","UNITED STATES TREAS SER BONDS OF AUGUST 2048, 3.000%, 15-AUG-2048","2048-08-15","Market bid","2026-10-08T1235","2026-10-09","2026-11-01",66.257,0.03949,66.23549,0.05726,0.05733
"912810SE9",0.03375,"Bond","UNITED STATES TREAS SER BONDS OF NOVEMBER 2048, 3.375%, 15-NOV-2048","2048-11-15","Market bid","2026-10-08T1235","2026-10-09","2026-11-01",70.804,0.03949,70.772607,0.05718,0.05726
"912810SF6",0.03,"Bond","UNITED STATES TREAS SER BONDS OF FEBRUARY 2049, 3.000%, 15-FEB-2049","2049-02-15","Market bid","2026-10-08T1235","2026-10-09","2026-11-01",65.9,0.03949,65.877602,0.05723,0.0573
"912810SH2",0.02875,"Bond","UNITED STATES TREAS SER BONDS OF MAY 2049, 2.875%, 15-MAY-2049","2049-05-15","Market bid","2026-10-08T1235","2026-10-09","2026-11-01",64.119,0.03949,64.101725,0.05725,0.05732
"912810SJ8",0.0225,"Bond","UNITED STATES TREAS SER BONDS OF AUGUST 2049, 2.250%, 15-AUG-2049","2049-08-15","Market bid","2026-10-08T1235","2026-10-09","2026-11-01",55.939,0.03949,55.938411,0.05733,0.0574
"912810SK5",0.02375,"Bond","UNITED STATES TREAS SER BONDS OF NOVEMBER 2049, 2.375%, 15-NOV-2049","2049-11-15","Market bid","2026-10-08T1235","2026-10-09","2026-11-01",57.322,0.03949,57.318563,0.0573,0.05737
"912810SL3",0.02,"Bond","UNITED STATES TREAS SER BONDS OF FEBRUARY 2050, 2.000%, 15-FEB-2050","2050-02-15","Market bid","2026-10-08T1235","2026-10-09","2026-11-01",52.263,0.03949,52.268796,0.05735,0.05742
"912810SN9",0.0125,"Bond","UNITED STATES TREAS SER BONDS OF MAY 2050, 1.250%, 15-MAY-2050","2050-05-15","Market bid","2026-10-08T1235","2026-10-09","2026-11-01",42.599,0.03949,42.628121,0.05707,0.05713
"912810SP4",0.01375,"Bond","UNITED STATES TREAS SER BONDS OF AUGUST 2050, 1.375%, 15-AUG-2050","2050-08-15","Market bid","2026-10-08T1235","2026-10-09","2026-11-01",43.795,0.03949,43.818554,0.05724,0.0573
"912810SS8",0.01625,"Bond","UNITED STATES TREAS SER BONDS OF NOVEMBER 2050, 1.625%, 15-NOV-2050","2050-11-15","Market bid","2026-10-08T1235","2026-10-09","2026-11-01",46.703,0.03949,46.71927,0.05732,0.05738
"912810SU3",0.01875,"Bond","UNITED STATES TREAS SER BONDS OF FEBRUARY 2051, 1.875%, 15-FEB-2051","2051-02-15","Market bid","2026-10-08T1235","2026-10-09","2026-11-01",49.684,0.03949,49.691145,0.05734,0.05741
"912810SX7",0.02375,"Bond","UNITED STATES TREAS SER BONDS OF MAY 2051, 2.375%, 15-MAY-2051","2051-05-15","Market bid","2026-10-08T1235","2026-10-09","2026-11-01",56.081,0.03949,56.074475,0.05725,0.05731
"912810SZ2",0.02,"Bond","UNITED STATES TREAS SER BONDS OF AUGUST 2051, 2.000%, 15-AUG-2051","2051-08-15","Market bid","2026-10-08T1235","2026-10-09","2026-11-01",50.884,0.03949,50.886364,0.05731,0.05737
"912810TB4",0.01875,"Bond","UNITED STATES TREAS SER BONDS OF NOVEMBER 2051, 1.875%, 15-NOV-2051","2051-11-15","Market bid","2026-10-08T1235","2026-10-09","2026-11-01",49.032,0.03949,49.038689,0.05728,0.05734
"912810TD0",0.0225,"Bond","UNITED STATES TREAS SER BONDS OF FEBRUARY 2052, 2.250%, 15-FEB-2052","2052-02-15","Market bid","2026-10-08T1235","2026-10-09","2026-11-01",53.883,0.03949,53.877295,0.05717,0.05723
"912810TG3",0.02875,"Bond","UNITED STATES TREAS SER BONDS OF MAY 2052, 2.875%, 15-MAY-2052","2052-05-15","Market bid","2026-10-08T1235","2026-10-09","2026-11-01",62.126,0.03949,62.103766,0.05707,0.05714
"912810TJ7",0.03,"Bond","UNITED STATES TREASURY, 3.000%, 15-AUG-2052","2052-08-15","Market bid","2026-10-08T1235","2026-10-09","2026-11-01",63.675,0.03949,63.647065,0.05703,0.0571
"912810TL2",0.04,"Bond","UNITED STATES TREAS SER BONDS OF NOVEMBER 2052, 4.000%, 15-NOV-2052","2052-11-15","Market bid","2026-10-08T1235","2026-10-09","2026-11-01",77.138,0.03949,77.083927,0.05692,0.05699
"912810TN8",0.03625,"Bond","UNITED STATES TREAS SER BONDS OF FEBRUARY 2053, 3.625%, 15-FEB-2053","2053-02-15","Market bid","2026-10-08T1235","2026-10-09","2026-11-01",71.98,0.03949,71.933902,0.0569,0.05697
"912810TR9",0.03625,"Bond","UNITED STATES TREAS SER BONDS OF MAY 2053, 3.625%, 15-MAY-2053","2053-05-15","Market bid","2026-10-08T1235","2026-10-09","2026-11-01",71.884,0.03949,71.839918,0.05688,0.05695
"912810TT5",0.04125,"Bond","UNITED STATES TREAS SER BONDS OF AUGUST 2053, 4.125%, 15-AUG-2053","2053-08-15","Market bid","2026-10-08T1235","2026-10-09","2026-11-01",78.689,0.03949,78.628532,0.05681,0.05688
"912810TV0",0.0475,"Bond","UNITED STATES TREAS SER BONDS OF NOVEMBER 2053, 4.750%, 15-NOV-2053","2053-11-15","Market bid","2026-10-08T1235","2026-10-09","2026-11-01",87.295,0.03949,87.220072,0.05673,0.0568
"912810TX6",0.0425,"Bond","UNITED STATES TREAS SER BONDS OF FEBRUARY 2054, 4.250%, 15-FEB-2054","2054-02-15","Market bid","2026-10-08T1235","2026-10-09","2026-11-01",80.332,0.03949,80.267855,0.05674,0.05681
"912810UA4",0.04625,"Bond","UNITED STATES TREAS SER BONDS OF MAY 2054, 4.625%, 15-MAY-2054","2054-05-15","Market bid","2026-10-08T1235","2026-10-09","2026-11-01",85.539,0.03949,85.46739,0.05667,0.05674
"912810UC0",0.0425,"Bond","UNITED STATES TREAS SER BONDS OF AUGUST 2054, 4.250%, 15-AUG-2054","2054-08-15","Market bid","2026-10-08T1235","2026-10-09","2026-11-01",80.27,0.03949,80.2057,0.05666,0.05673
"912810UE6",0.045,"Bond","UNITED STATES TREAS SER BONDS OF NOVEMBER 2054, 4.500%, 15-NOV-2054","2054-11-15","Market bid","2026-10-08T1235","2026-10-09","2026-11-01",83.732,0.03949,83.663583,0.05663,0.0567
"912810UG1",0.04625,"Bond","UNITED STATES TREAS SER BONDS OF FEBRUARY 2055, 4.625%, 15-FEB-2055","2055-02-15","Market bid","2026-10-08T1235","2026-10-09","2026-11-01",85.48,0.03949,85.405366,0.05659,0.05666
"912810UK2",0.0475,"Bond","UNITED STATES TREAS SER BONDS OF MAY 2055, 4.750%, 15-MAY-2055","2055-05-15","Market bid","2026-10-08T1235","2026-10-09","2026-11-01",87.275,0.03949,87.200023,0.05652,0.05659
"912810UM8",0.0475,"Bond","UNITED STATES TREAS SER BONDS OF AUGUST 2055, 4.750%, 15-AUG-2055","2055-08-15","Market bid","2026-10-08T1235","2026-10-09","2026-11-01",87.234,0.03949,87.155966,0.05652,0.05659
"912810UP1",0.04625,"Bond","UNITED STATES TREAS SER BONDS OF NOVEMBE, 4.625%, 15-NOV-2055","2055-11-15","Market bid","2026-10-08T1235","2026-10-09","2026-11-01",85.466,0.03949,85.394209,0.05648,0.05655
"912810UR7",0.0475,"Bond","UNITED STATES TREAS SER BONDS OF FEBRUARY 2056, 4.750%, 15-FEB-2056","2056-02-15","Market bid","2026-10-08T1235","2026-10-09","2026-11-01",87.294,0.03949,87.216115,0.0564,0.05647
"912810UU0",0.05,"Bond","UNITED STATES TREAS SER BONDS, 5.000%, 15-MAY-2056","2056-05-15","Market bid","2026-10-08T1235","2026-10-09","2026-11-01",90.911,0.03949,90.829694,0.05634,0.05641
"912810UW6",0.05125,"Bond","UNITED STATES TREAS BDS, 5.125%, 15-AUG-2056","2056-08-15","Market bid","2026-10-08T1235","2026-10-09","2026-11-01",92.719,0.03949,92.631317,0.05631,0.05638
