asOfDate, basis, curveDate, term, date, zeroCc, zeroBey, discountFactor
"2026-10-05T1705","forward","2026-11-01",0.5,"2027-05-01",0.04326,0.04374,0.978774
"2026-10-05T1705","forward","2026-11-01",1,"2027-11-01",0.04536,0.04588,0.955655
"2026-10-05T1705","forward","2026-11-01",1.5,"2028-05-01",0.04687,0.04742,0.932174
"2026-10-05T1705","forward","2026-11-01",2,"2028-11-01",0.04797,0.04855,0.908406
"2026-10-05T1705","forward","2026-11-01",2.5,"2029-05-01",0.04874,0.04934,0.885337
"2026-10-05T1705","forward","2026-11-01",3,"2029-11-01",0.04931,0.04992,0.862384
"2026-10-05T1705","forward","2026-11-01",3.5,"2030-05-01",0.04971,0.05033,0.84037
"2026-10-05T1705","forward","2026-11-01",4,"2030-11-01",0.05001,0.05064,0.818575
"2026-10-05T1705","forward","2026-11-01",4.5,"2031-05-01",0.05025,0.05088,0.797679
"2026-10-05T1705","forward","2026-11-01",5,"2031-11-01",0.05045,0.05109,0.776941
"2026-10-05T1705","forward","2026-11-01",5.5,"2032-05-01",0.05063,0.05128,0.756873
"2026-10-05T1705","forward","2026-11-01",6,"2032-11-01",0.05082,0.05147,0.736978
"2026-10-05T1705","forward","2026-11-01",6.5,"2033-05-01",0.05101,0.05167,0.717747
"2026-10-05T1705","forward","2026-11-01",7,"2033-11-01",0.05122,0.05188,0.698501
"2026-10-05T1705","forward","2026-11-01",7.5,"2034-05-01",0.05144,0.05211,0.679841
"2026-10-05T1705","forward","2026-11-01",8,"2034-11-01",0.05169,0.05236,0.661127
"2026-10-05T1705","forward","2026-11-01",8.5,"2035-05-01",0.05195,0.05263,0.642959
"2026-10-05T1705","forward","2026-11-01",9,"2035-11-01",0.05224,0.05293,0.624732
"2026-10-05T1705","forward","2026-11-01",9.5,"2036-05-01",0.05254,0.05323,0.606947
"2026-10-05T1705","forward","2026-11-01",10,"2036-11-01",0.05285,0.05356,0.589223
"2026-10-05T1705","forward","2026-11-01",10.5,"2037-05-01",0.05317,0.05389,0.572053
"2026-10-05T1705","forward","2026-11-01",11,"2037-11-01",0.05351,0.05423,0.554884
"2026-10-05T1705","forward","2026-11-01",11.5,"2038-05-01",0.05384,0.05457,0.538293
"2026-10-05T1705","forward","2026-11-01",12,"2038-11-01",0.05418,0.05492,0.521749
"2026-10-05T1705","forward","2026-11-01",12.5,"2039-05-01",0.05451,0.05526,0.50581
"2026-10-05T1705","forward","2026-11-01",13,"2039-11-01",0.05484,0.0556,0.489966
"2026-10-05T1705","forward","2026-11-01",13.5,"2040-05-01",0.05517,0.05594,0.474666
"2026-10-05T1705","forward","2026-11-01",14,"2040-11-01",0.05549,0.05626,0.459589
"2026-10-05T1705","forward","2026-11-01",14.5,"2041-05-01",0.05579,0.05658,0.445155
"2026-10-05T1705","forward","2026-11-01",15,"2041-11-01",0.05608,0.05688,0.430896
"2026-10-05T1705","forward","2026-11-01",15.5,"2042-05-01",0.05636,0.05716,0.417285
"2026-10-05T1705","forward","2026-11-01",16,"2042-11-01",0.05663,0.05744,0.403879
"2026-10-05T1705","forward","2026-11-01",16.5,"2043-05-01",0.05687,0.05769,0.391119
"2026-10-05T1705","forward","2026-11-01",17,"2043-11-01",0.0571,0.05792,0.378583
"2026-10-05T1705","forward","2026-11-01",17.5,"2044-05-01",0.05731,0.05814,0.366617
"2026-10-05T1705","forward","2026-11-01",18,"2044-11-01",0.0575,0.05833,0.354956
"2026-10-05T1705","forward","2026-11-01",18.5,"2045-05-01",0.05767,0.05851,0.34391
"2026-10-05T1705","forward","2026-11-01",19,"2045-11-01",0.05782,0.05866,0.333108
"2026-10-05T1705","forward","2026-11-01",19.5,"2046-05-01",0.05794,0.05879,0.322897
"2026-10-05T1705","forward","2026-11-01",20,"2046-11-01",0.05805,0.0589,0.312932
"2026-10-05T1705","forward","2026-11-01",20.5,"2047-05-01",0.05813,0.05899,0.303529
"2026-10-05T1705","forward","2026-11-01",21,"2047-11-01",0.0582,0.05905,0.294368
"2026-10-05T1705","forward","2026-11-01",21.5,"2048-05-01",0.05824,0.05909,0.285691
"2026-10-05T1705","forward","2026-11-01",22,"2048-11-01",0.05826,0.05912,0.277297
"2026-10-05T1705","forward","2026-11-01",22.5,"2049-05-01",0.05826,0.05912,0.269402
"2026-10-05T1705","forward","2026-11-01",23,"2049-11-01",0.05824,0.05909,0.261732
"2026-10-05T1705","forward","2026-11-01",23.5,"2050-05-01",0.0582,0.05905,0.254527
"2026-10-05T1705","forward","2026-11-01",24,"2050-11-01",0.05813,0.05899,0.247537
"2026-10-05T1705","forward","2026-11-01",24.5,"2051-05-01",0.05805,0.05891,0.240979
"2026-10-05T1705","forward","2026-11-01",25,"2051-11-01",0.05795,0.0588,0.234623
"2026-10-05T1705","forward","2026-11-01",25.5,"2052-05-01",0.05783,0.05868,0.228635
"2026-10-05T1705","forward","2026-11-01",26,"2052-11-01",0.05769,0.05853,0.222872
"2026-10-05T1705","forward","2026-11-01",26.5,"2053-05-01",0.05754,0.05838,0.217477
"2026-10-05T1705","forward","2026-11-01",27,"2053-11-01",0.05736,0.05819,0.212261
"2026-10-05T1705","forward","2026-11-01",27.5,"2054-05-01",0.05718,0.058,0.207384
"2026-10-05T1705","forward","2026-11-01",28,"2054-11-01",0.05697,0.05779,0.202676
"2026-10-05T1705","forward","2026-11-01",28.5,"2055-05-01",0.05674,0.05756,0.198278
"2026-10-05T1705","forward","2026-11-01",29,"2055-11-01",0.0565,0.05731,0.194038
"2026-10-05T1705","forward","2026-11-01",29.5,"2056-05-01",0.05625,0.05705,0.190062
"2026-10-05T1705","forward","2026-11-01",30,"2056-11-01",0.05598,0.05677,0.186256
