cusip, asOfDate, basis, settleDate, maturity, coupon, marketClean, modelClean, priceResidual, marketYtm, modelYtm, residualBp, richCheap, nominalMarketYtm, marketBei, nominalModelYtm, modelBei, nominalResidualBp, beiResidualBp, zeroBei
"912810PS1","2026-10-08T1705","Market-bid-forward","2026-11-01","2027-01-15",0.02375,100.146277,100.148931,-0.002654,0.01647,0.01634,1.3,"",0.04208,0.02561,0.04292,0.02658,-8.4,-9.7,0.02636
"912828V49","2026-10-08T1705","Market-bid-forward","2026-11-01","2027-01-15",0.00375,99.755145,99.744635,0.01051,0.01582,0.01634,-5.2,"rich",0.04208,0.02626,0.04292,0.02658,-8.4,-3.2,0.02636
"91282CEJ6","2026-10-08T1705","Market-bid-forward","2026-11-01","2027-04-15",0.00125,99.020582,99.172958,-0.152376,0.02309,0.01967,34.2,"cheap",0.04381,0.02072,0.04362,0.02395,1.9,-32.3,0.02403
"9128282L3","2026-10-08T1705","Market-bid-forward","2026-11-01","2027-07-15",0.00375,99.036047,98.735193,0.300854,0.01759,0.02196,-43.7,"rich",0.04451,0.02692,0.04461,0.02265,-1,42.7,0.02273
"91282CFR7","2026-10-08T1705","Market-bid-forward","2026-11-01","2027-10-15",0.01625,99.481035,99.31964,0.161395,0.02178,0.0235,-17.2,"rich",0.0459,0.02412,0.04565,0.02215,2.5,19.7,0.02214
"912810PV4","2026-10-08T1705","Market-bid-forward","2026-11-01","2028-01-15",0.0175,99.00516,99.181509,-0.176349,0.02594,0.02443,15.1,"cheap",0.0468,0.02086,0.04646,0.02203,3.4,-11.7,0.02199
"9128283R9","2026-10-08T1705","Market-bid-forward","2026-11-01","2028-01-15",0.005,97.560038,97.706379,-0.146341,0.02571,0.02445,12.6,"cheap",0.0468,0.02109,0.04647,0.02202,3.3,-9.3,0.02199
"912810FD5","2026-10-08T1705","Market-bid-forward","2026-11-01","2028-04-15",0.03625,101.349143,101.605952,-0.256809,0.02672,0.02492,18,"cheap",0.0473,0.02058,0.04706,0.02214,2.4,-15.6,0.02211
"91282CGW5","2026-10-08T1705","Market-bid-forward","2026-11-01","2028-04-15",0.0125,97.990485,98.233099,-0.242614,0.02669,0.02495,17.4,"cheap",0.0473,0.02061,0.04709,0.02214,2.1,-15.3,0.02211
"912828Y38","2026-10-08T1705","Market-bid-forward","2026-11-01","2028-07-15",0.0075,97.419404,97.061787,0.357617,0.02303,0.02522,-21.9,"rich",0.04768,0.02465,0.04759,0.02237,0.9,22.8,0.02237
"91282CJH5","2026-10-08T1705","Market-bid-forward","2026-11-01","2028-10-15",0.02375,99.996801,99.690792,0.306009,0.02376,0.02538,-16.2,"rich",0.04808,0.02432,0.0481,0.02272,-0.2,16,0.02269
"912810PZ5","2026-10-08T1705","Market-bid-forward","2026-11-01","2029-01-15",0.025,99.873433,99.902853,-0.02942,0.02559,0.02545,1.4,"",0.04842,0.02283,0.04851,0.02306,-0.9,-2.3,0.02303
"9128285W6","2026-10-08T1705","Market-bid-forward","2026-11-01","2029-01-15",0.00875,96.469468,96.438265,0.031203,0.02532,0.02547,-1.5,"",0.04842,0.0231,0.04854,0.02307,-1.2,0.3,0.02303
"912810FH6","2026-10-08T1705","Market-bid-forward","2026-11-01","2029-04-15",0.03875,102.956593,103.15019,-0.193597,0.02622,0.02542,8,"cheap",0.04871,0.02249,0.04874,0.02332,-0.3,-8.3,0.02334
"91282CKL4","2026-10-08T1705","Market-bid-forward","2026-11-01","2029-04-15",0.02125,98.839411,99.009696,-0.170285,0.02616,0.02544,7.2,"cheap",0.04871,0.02255,0.04878,0.02334,-0.7,-7.9,0.02334
"9128287D6","2026-10-08T1705","Market-bid-forward","2026-11-01","2029-07-15",0.0025,94.388222,94.041358,0.346864,0.02406,0.02544,-13.8,"rich",0.04893,0.02487,0.04907,0.02363,-1.4,12.4,0.02363
"91282CLV1","2026-10-08T1705","Market-bid-forward","2026-11-01","2029-10-15",0.01625,97.59978,97.397062,0.202718,0.02473,0.02545,-7.2,"rich",0.04914,0.02441,0.04932,0.02387,-1.8,5.4,0.02387
"912828Z37","2026-10-08T1705","Market-bid-forward","2026-11-01","2030-01-15",0.00125,92.497772,92.588067,-0.090295,0.0258,0.02549,3.1,"cheap",0.04934,0.02354,0.04958,0.02409,-2.4,-5.5,0.02406
"91282CNB3","2026-10-08T1705","Market-bid-forward","2026-11-01","2030-04-15",0.01625,96.669653,96.966941,-0.297288,0.0264,0.02548,9.2,"cheap",0.04952,0.02312,0.04967,0.02419,-1.5,-10.7,0.02421
"912828ZZ6","2026-10-08T1705","Market-bid-forward","2026-11-01","2030-07-15",0.00125,91.66866,91.471143,0.197517,0.02494,0.02553,-5.9,"rich",0.04968,0.02474,0.04984,0.02431,-1.6,4.3,0.02431
"91282CPH8","2026-10-08T1705","Market-bid-forward","2026-11-01","2030-10-15",0.01125,94.771931,94.635761,0.13617,0.02523,0.0256,-3.7,"rich",0.04979,0.02456,0.04998,0.02438,-1.9,1.8,0.02438
"91282CBF7","2026-10-08T1705","Market-bid-forward","2026-11-01","2031-01-15",0.00125,90.238465,90.313548,-0.075083,0.02591,0.02571,2,"cheap",0.04989,0.02398,0.05014,0.02443,-2.5,-4.5,0.02441
"91282CQP9","2026-10-08T1705","Market-bid-forward","2026-11-01","2031-04-15",0.0125,94.159964,94.447623,-0.287659,0.02649,0.02578,7.1,"cheap",0.05,0.02351,0.05018,0.0244,-1.8,-8.9,0.02442
"91282CCM1","2026-10-08T1705","Market-bid-forward","2026-11-01","2031-07-15",0.00125,89.363346,89.148747,0.214599,0.02538,0.0259,-5.2,"rich",0.05014,0.02476,0.0503,0.0244,-1.6,3.6,0.0244
"91282CDX6","2026-10-08T1705","Market-bid-forward","2026-11-01","2032-01-15",0.00125,87.816136,87.934787,-0.118651,0.02647,0.0262,2.7,"cheap",0.05043,0.02396,0.05052,0.02432,-0.9,-3.6,0.0243
"912810FQ6","2026-10-08T1705","Market-bid-forward","2026-11-01","2032-04-15",0.03375,103.424193,103.768015,-0.343822,0.02695,0.02629,6.6,"cheap",0.05057,0.02362,0.0505,0.02421,0.7,-5.9,0.02424
"91282CEZ0","2026-10-08T1705","Market-bid-forward","2026-11-01","2032-07-15",0.00625,89.559143,89.344446,0.214697,0.02607,0.0265,-4.3,"rich",0.05072,0.02465,0.05067,0.02417,0.5,4.8,0.02416
"91282CGK1","2026-10-08T1705","Market-bid-forward","2026-11-01","2033-01-15",0.01125,91.036114,91.139272,-0.103158,0.02704,0.02685,1.9,"",0.05097,0.02393,0.05087,0.02402,1,-0.9,0.02399
"91282CHP9","2026-10-08T1705","Market-bid-forward","2026-11-01","2033-07-15",0.01375,92.005631,91.820609,0.185022,0.02686,0.02718,-3.2,"rich",0.0512,0.02434,0.05101,0.02383,1.9,5.1,0.02382
"91282CJY8","2026-10-08T1705","Market-bid-forward","2026-11-01","2034-01-15",0.0175,93.366393,93.47807,-0.111677,0.02772,0.02754,1.8,"",0.05147,0.02375,0.05123,0.02369,2.4,0.6,0.02366
"91282CLE9","2026-10-08T1705","Market-bid-forward","2026-11-01","2034-07-15",0.01875,93.895657,93.708106,0.187551,0.0276,0.02788,-2.8,"rich",0.05172,0.02412,0.05142,0.02354,3,5.8,0.02352
"91282CML2","2026-10-08T1705","Market-bid-forward","2026-11-01","2035-01-15",0.02125,94.83317,94.911972,-0.078802,0.02835,0.02824,1.1,"",0.05195,0.0236,0.05168,0.02344,2.7,1.6,0.02339
"91282CNS6","2026-10-08T1705","Market-bid-forward","2026-11-01","2035-07-15",0.01875,92.615483,92.45992,0.155563,0.02838,0.0286,-2.2,"rich",0.05203,0.02365,0.05193,0.02333,1,3.2,0.0233
"91282CPU9","2026-10-08T1705","Market-bid-forward","2026-11-01","2036-01-15",0.01875,91.801372,91.804646,-0.003274,0.02896,0.02896,0,"",0.05206,0.0231,0.05223,0.02327,-1.7,-1.7,0.02323
"91282CRE3","2026-10-08T1705","Market-bid-forward","2026-11-01","2036-07-15",0.02375,95.623662,95.39297,0.230692,0.02895,0.02923,-2.8,"rich",0.05201,0.02306,0.05247,0.02324,-4.6,-1.8,0.02319
"912810QF8","2026-10-08T1705","Market-bid-forward","2026-11-01","2040-02-15",0.02125,89.230383,89.182208,0.048175,0.03121,0.03126,-0.5,"",0.05418,0.02297,0.0547,0.02344,-5.2,-4.7,0.02348
"912810QP6","2026-10-08T1705","Market-bid-forward","2026-11-01","2041-02-15",0.02125,87.973212,88.075273,-0.102061,0.03179,0.03169,1,"",0.05499,0.0232,0.05528,0.02359,-2.9,-3.9,0.02367
"912810QV3","2026-10-08T1705","Market-bid-forward","2026-11-01","2042-02-15",0.0075,70.034671,70.189982,-0.155311,0.03253,0.03237,1.6,"",0.0557,0.02317,0.0562,0.02383,-5,-6.6,0.02387
"912810RA8","2026-10-08T1705","Market-bid-forward","2026-11-01","2043-02-15",0.00625,66.696025,66.750786,-0.054761,0.03281,0.03275,0.6,"",0.05618,0.02337,0.05676,0.02401,-5.8,-6.4,0.02407
"912810RF7","2026-10-08T1705","Market-bid-forward","2026-11-01","2044-02-15",0.01375,74.757269,74.970291,-0.213022,0.03303,0.03284,1.9,"",0.05644,0.02341,0.05691,0.02407,-4.7,-6.6,0.02424
"912810RL4","2026-10-08T1705","Market-bid-forward","2026-11-01","2045-02-15",0.0075,64.796959,64.913358,-0.116399,0.03337,0.03326,1.1,"",0.05673,0.02336,0.05753,0.02427,-8,-9.1,0.02438
"912810RR1","2026-10-08T1705","Market-bid-forward","2026-11-01","2046-02-15",0.01,66.84562,66.935847,-0.090227,0.03347,0.03339,0.8,"",0.05685,0.02338,0.05769,0.0243,-8.4,-9.2,0.02447
"912810RW0","2026-10-08T1705","Market-bid-forward","2026-11-01","2047-02-15",0.00875,63.640992,63.673181,-0.032189,0.03362,0.03359,0.3,"",0.05697,0.02335,0.05794,0.02435,-9.7,-10,0.02452
"912810SB5","2026-10-08T1705","Market-bid-forward","2026-11-01","2048-02-15",0.01,64.211261,64.231539,-0.020278,0.03369,0.03367,0.2,"",0.05703,0.02334,0.05799,0.02432,-9.6,-9.8,0.02452
"912810SG4","2026-10-08T1705","Market-bid-forward","2026-11-01","2049-02-15",0.01,63.133115,62.984258,0.148857,0.03364,0.03377,-1.3,"",0.05706,0.02342,0.05803,0.02426,-9.7,-8.4,0.02446
"912810SM1","2026-10-08T1705","Market-bid-forward","2026-11-01","2050-02-15",0.0025,49.905169,49.502924,0.402245,0.03372,0.03409,-3.7,"rich",0.05706,0.02334,0.0584,0.02431,-13.4,-9.7,0.02435
"912810SV1","2026-10-08T1705","Market-bid-forward","2026-11-01","2051-02-15",0.00125,46.482512,45.95992,0.522592,0.03369,0.03418,-4.9,"rich",0.05707,0.02338,0.05835,0.02417,-12.8,-7.9,0.02418
"912810TE8","2026-10-08T1705","Market-bid-forward","2026-11-01","2052-02-15",0.00125,45.06832,44.546512,0.521808,0.0337,0.03418,-4.8,"rich",0.05695,0.02325,0.05813,0.02395,-11.8,-7,0.02395
"912810TP3","2026-10-08T1705","Market-bid-forward","2026-11-01","2053-02-15",0.015,67.594486,67.535195,0.059291,0.03367,0.03372,-0.5,"",0.0567,0.02303,0.05726,0.02354,-5.6,-5.1,0.02367
"912810TY4","2026-10-08T1705","Market-bid-forward","2026-11-01","2054-02-15",0.02125,77.873839,78.127151,-0.253312,0.03371,0.03355,1.6,"",0.05651,0.0228,0.05683,0.02328,-3.2,-4.8,0.02333
"912810UH9","2026-10-08T1705","Market-bid-forward","2026-11-01","2055-02-15",0.02375,81.987781,82.322176,-0.334395,0.03367,0.03346,2.1,"cheap",0.05637,0.0227,0.0565,0.02304,-1.3,-3.4,0.02294
"912810US5","2026-10-08T1705","Market-bid-forward","2026-11-01","2056-02-15",0.02375,81.944775,82.030145,-0.08537,0.03347,0.03342,0.5,"",0.05618,0.02271,0.05618,0.02276,0,-0.5,0.0225
