asOfDate, cusip, securitytype, interest_rate, maturity_date, bid, ask, description
"2026-10-08T0805","912797VL8","Bill","","2026-10-13",99.957,99.959,"UNITED STATES TREAS BILLS ZERO CPN, 0.000%, 13-OCT-2026"
"2026-10-08T0805","912797UK1","Bill","","2026-10-15",99.936,99.938,"UNITED STATES TREAS BILLS ZERO CPN, 0.000%, 15-OCT-2026"
"2026-10-08T0805","91282CDC2","TIPS",0.00125,"2026-10-15",99.975,100.037,"UNITED STATES TREAS NTS SER AE-2026, 0.125%, 15-OCT-2026"
"2026-10-08T0805","91282CJC6","Bond",0.04625,"2026-10-15",100.003,100.016,"UNITED STATES TREAS SER AT-2026, 4.625%, 15-OCT-2026"
"2026-10-08T0805","912797VM6","Bill","","2026-10-20",99.883,99.885,"UNITED STATES TREAS BILLS ZERO CPN, 0.000%, 20-OCT-2026"
"2026-10-08T0805","912797UL9","Bill","","2026-10-22",99.863,99.865,"UNITED STATES TREAS BILLS ZERO CPN, 0.000%, 22-OCT-2026"
"2026-10-08T0805","912797VN4","Bill","","2026-10-27",99.807,99.81,"UNITED STATES TREAS BILLS ZERO CPN, 0.000%, 27-OCT-2026"
"2026-10-08T0805","912797SK4","Bill","","2026-10-29",99.787,99.789,"UNITED STATES TREAS BILLS ZERO CPN, 0.000%, 29-OCT-2026"
"2026-10-08T0805","912828YQ7","Bond",0.01625,"2026-10-31",99.839,99.848,"UNITED STATES TREAS SER R-2026, 1.625%, 31-OCT-2026"
"2026-10-08T0805","91282CDG3","Bond",0.01125,"2026-10-31",99.811,99.82,"UNITED STATES TREAS SER AF-2026, 1.125%, 31-OCT-2026"
"2026-10-08T0805","91282CLS8","Bond",0.04125,"2026-10-31",99.984,99.993,"UNITED STATES TREAS SER BJ-2026, 4.125%, 31-OCT-2026"
"2026-10-08T0805","912797VP9","Bill","","2026-11-03",99.73,99.733,"UNITED STATES TREAS BILLS ZERO CPN, 0.000%, 03-NOV-2026"
"2026-10-08T0805","912797UM7","Bill","","2026-11-05",99.709,99.711,"UNITED STATES TREAS BILLS ZERO CPN, 0.000%, 05-NOV-2026"
"2026-10-08T0805","912797VW4","Bill","","2026-11-10",99.654,99.656,"UNITED STATES TREAS BILLS ZERO CPN, 0.000%, 10-NOV-2026"
"2026-10-08T0805","912797UY1","Bill","","2026-11-12",99.628,99.631,"UNITED STATES TREAS BILLS ZERO CPN, 0.000%, 12-NOV-2026"
"2026-10-08T0805","912803BJ1","STRIP","","2026-11-15",99.587,99.642,"UNITED STATES TREAS BD STRIPP ZERO CPN, 0.000%, 15-NOV-2026"
"2026-10-08T0805","912810EY0","Bond",0.065,"2026-11-15",100.204,100.438,"UNITED STATES TREAS BDS, 6.500%, 15-NOV-2026"
"2026-10-08T0805","9128205Y9","STRIP","","2026-11-15",99.57,99.636,"U S TREAS SEC STRIPPED INT PMT, 0.000%, 15-NOV-2026"
"2026-10-08T0805","912828U24","Bond",0.02,"2026-11-15",99.779,99.79,"UNITED STATES TREAS SER F-2026, 2.000%, 15-NOV-2026"
"2026-10-08T0805","91282CJK8","Bond",0.04625,"2026-11-15",100.04,100.049,"UNITED STATES TREAS SER AU-2026, 4.625%, 15-NOV-2026"
"2026-10-08T0805","912833PB0","STRIP","","2026-11-15",99.584,99.615,"U S TREAS SEC STRIPPED INT PMT, 0.000%, 15-NOV-2026"
"2026-10-08T0805","912797VX2","Bill","","2026-11-17",99.572,99.575,"UNITED STATES TREAS BILLS ZERO CPN, 0.000%, 17-NOV-2026"
"2026-10-08T0805","912797UZ8","Bill","","2026-11-19",99.549,99.551,"UNITED STATES TREAS BILLS ZERO CPN, 0.000%, 19-NOV-2026"
"2026-10-08T0805","912797VY0","Bill","","2026-11-24",99.494,99.497,"UNITED STATES TREAS BILLS ZERO CPN, 0.000%, 24-NOV-2026"
"2026-10-08T0805","912797SU2","Bill","","2026-11-27",99.459,99.462,"UNITED STATES TREAS BILLS ZERO CPN, 0.000%, 27-NOV-2026"
"2026-10-08T0805","912828YU8","Bond",0.01625,"2026-11-30",99.657,99.667,"UNITED STATES TREAS SER S-2026, 1.625%, 30-NOV-2026"
"2026-10-08T0805","91282CDK4","Bond",0.0125,"2026-11-30",99.609,99.618,"UNITED STATES TREAS SER AG-2026, 1.250%, 30-NOV-2026"
"2026-10-08T0805","91282CLY5","Bond",0.0425,"2026-11-30",100.018,100.028,"UNITED STATES TREAS SER BL-2026, 4.250%, 30-NOV-2026"
"2026-10-08T0805","912797VZ7","Bill","","2026-12-01",99.414,99.416,"UNITED STATES TREAS BILLS ZERO CPN, 0.000%, 01-DEC-2026"
"2026-10-08T0805","912797VA2","Bill","","2026-12-03",99.396,99.398,"UNITED STATES TREAS BILLS ZERO CPN, 0.000%, 03-DEC-2026"
"2026-10-08T0805","912797WE3","Bill","","2026-12-08",99.338,99.34,"UNITED STATES TREAS BILLS ZERO CPN, 0.000%, 08-DEC-2026"
"2026-10-08T0805","912797VG9","Bill","","2026-12-10",99.318,99.321,"UNITED STATES TREAS BILLS ZERO CPN, 0.000%, 10-DEC-2026"
"2026-10-08T0805","912797WF0","Bill","","2026-12-15",99.265,99.268,"UNITED STATES TREAS BILLS ZERO CPN, 0.000%, 15-DEC-2026"
"2026-10-08T0805","91282CJP7","Bond",0.04375,"2026-12-15",100.058,100.067,"UNITED STATES TREAS SER AV-2026, 4.375%, 15-DEC-2026"
"2026-10-08T0805","912797VH7","Bill","","2026-12-17",99.236,99.239,"UNITED STATES TREAS BILLS ZERO CPN, 0.000%, 17-DEC-2026"
"2026-10-08T0805","912797WG8","Bill","","2026-12-22",99.189,99.192,"UNITED STATES TREAS BILLS ZERO CPN, 0.000%, 22-DEC-2026"
"2026-10-08T0805","912797TC1","Bill","","2026-12-24",99.154,99.157,"UNITED STATES TREAS BILLS ZERO CPN, 0.000%, 24-DEC-2026"
"2026-10-08T0805","912797WH6","Bill","","2026-12-29",99.106,99.108,"UNITED STATES TREAS BILLS ZERO CPN, 0.000%, 29-DEC-2026"
"2026-10-08T0805","912797VJ3","Bill","","2026-12-31",99.069,99.072,"UNITED STATES TREAS BILLS ZERO CPN, 0.000%, 31-DEC-2026"
"2026-10-08T0805","912828YX2","Bond",0.0175,"2026-12-31",99.479,99.489,"UNITED STATES TREAS SER T-2026, 1.750%, 31-DEC-2026"
"2026-10-08T0805","91282CDQ1","Bond",0.0125,"2026-12-31",99.347,99.353,"UNITED STATES TREAS SER AH-2026, 1.250%, 31-DEC-2026"
"2026-10-08T0805","91282CME8","Bond",0.0425,"2026-12-31",100.007,100.013,"UNITED STATES TREAS SER BM-2026, 4.250%, 31-DEC-2026"
"2026-10-08T0805","912797WN3","Bill","","2027-01-05",99.014,99.017,"UNITED STATES TREAS BILLS ZERO CPN, 0.000%, 05-JAN-2027"
"2026-10-08T0805","912797VS3","Bill","","2027-01-07",98.988,98.99,"UNITED STATES TREAS BILLS ZERO CPN, 0.000%, 07-JAN-2027"
"2026-10-08T0805","912797WP8","Bill","","2027-01-12",98.935,98.939,"UNITED STATES TREAS BILLS ZERO CPN, 0.000%, 12-JAN-2027"
"2026-10-08T0805","912797VT1","Bill","","2027-01-14",98.914,98.917,"UNITED STATES TREAS BILLS ZERO CPN, 0.000%, 14-JAN-2027"
"2026-10-08T0805","912810PS1","TIPS",0.02375,"2027-01-15",100.318,100.387,"UNITED STATES TREAS BDS TIPS, 2.375%, 15-JAN-2027"
"2026-10-08T0805","912828V49","TIPS",0.00375,"2027-01-15",99.802,99.848,"UNITED STATES TREAS NTS TIPS, 0.375%, 15-JAN-2027"
"2026-10-08T0805","91282CJT9","Bond",0.04,"2027-01-15",99.953,99.962,"UNITED STATES TREAS SER AJ-2027, 4.000%, 15-JAN-2027"
"2026-10-08T0805","912797WQ6","Bill","","2027-01-19",98.848,98.852,"UNITED STATES TREAS BILLS ZERO CPN, 0.000%, 19-JAN-2027"
"2026-10-08T0805","912797TM9","Bill","","2027-01-21",98.833,98.837,"UNITED STATES TREAS BILLS ZERO CPN, 0.000%, 21-JAN-2027"
"2026-10-08T0805","912797WR4","Bill","","2027-01-26",98.771,98.774,"UNITED STATES TREAS BILLS ZERO CPN, 0.000%, 26-JAN-2027"
"2026-10-08T0805","912797VU8","Bill","","2027-01-28",98.749,98.752,"UNITED STATES TREAS BILLS ZERO CPN, 0.000%, 28-JAN-2027"
"2026-10-08T0805","912828Z78","Bond",0.015,"2027-01-31",99.164,99.172,"UNITED STATES TREAS SER G-2027, 1.500%, 31-JAN-2027"
"2026-10-08T0805","91282CMH1","Bond",0.04125,"2027-01-31",99.968,99.98,"UNITED STATES TREAS SER AW-2027, 4.125%, 31-JAN-2027"
"2026-10-08T0805","912797WS2","Bill","","2027-02-02",98.683,98.686,"UNITED STATES TREAS BILLS ZERO CPN, 0.000%, 02-FEB-2027"
"2026-10-08T0805","912797VV6","Bill","","2027-02-04",98.665,98.668,"UNITED STATES TREAS BILLS ZERO CPN, 0.000%, 04-FEB-2027"
"2026-10-08T0805","912797WB9","Bill","","2027-02-11",98.585,98.588,"UNITED STATES TREAS BILLS ZERO CPN, 0.000%, 11-FEB-2027"
"2026-10-08T0805","912803BK8","STRIP","","2027-02-15",98.598,98.627,"UNITED STATES TREAS BD STRIPP ZERO CPN, 0.000%, 15-FEB-2027"
"2026-10-08T0805","912810EZ7","Bond",0.06625,"2027-02-15",100.864,101.115,"UNITED STATES TREAS BDS, 6.625%, 15-FEB-2027"
"2026-10-08T0805","9128206P7","STRIP","","2027-02-15",98.547,98.664,"U S TREAS SEC STRIPPED INT PMT, 0.000%, 15-FEB-2027"
"2026-10-08T0805","912828V98","Bond",0.0225,"2027-02-15",99.318,99.326,"UNITED STATES TREAS SER B-2027, 2.250%, 15-FEB-2027"
"2026-10-08T0805","91282CKA8","Bond",0.04125,"2027-02-15",99.961,99.97,"UNITED STATES TREAS SER AK-2027, 4.125%, 15-FEB-2027"
"2026-10-08T0805","912833PC8","STRIP","","2027-02-15",98.53,98.563,"U S TREAS SEC STRIPPED INT PMT, 0.000%, 15-FEB-2027"
"2026-10-08T0805","912797TV9","Bill","","2027-02-18",98.508,98.511,"UNITED STATES TREAS BILLS ZERO CPN, 0.000%, 18-FEB-2027"
"2026-10-08T0805","912797WC7","Bill","","2027-02-25",98.417,98.421,"UNITED STATES TREAS BILLS ZERO CPN, 0.000%, 25-FEB-2027"
"2026-10-08T0805","912828ZB9","Bond",0.01125,"2027-02-28",98.816,98.825,"UNITED STATES TREAS NOTE, 1.125%, 28-FEB-2027"
"2026-10-08T0805","91282CEC1","Bond",0.01875,"2027-02-28",99.104,99.112,"UNITED STATES TREAS SER V-2027, 1.875%, 28-FEB-2027"
"2026-10-08T0805","91282CMP3","Bond",0.04125,"2027-02-28",99.968,99.975,"UNITED STATES TREAS SER AY-2027, 4.125%, 28-FEB-2027"
"2026-10-08T0805","912797WD5","Bill","","2027-03-04",98.34,98.343,"UNITED STATES TREAS BILLS ZERO CPN, 0.000%, 04-MAR-2027"
"2026-10-08T0805","912797WK9","Bill","","2027-03-11",98.262,98.265,"UNITED STATES TREAS BILLS ZERO CPN, 0.000%, 11-MAR-2027"
"2026-10-08T0805","91282CKE0","Bond",0.0425,"2027-03-15",100.019,100.028,"UNITED STATES TREAS SER AL-2027, 4.250%, 15-MAR-2027"
"2026-10-08T0805","912797UD7","Bill","","2027-03-18",98.17,98.174,"UNITED STATES TREAS BILLS, 0.000%, 18-MAR-2027"
"2026-10-08T0805","912797WL7","Bill","","2027-03-25",98.087,98.09,"UNITED STATES TREAS BILLS ZERO CPN, 0.000%, 25-MAR-2027"
"2026-10-08T0805","912828ZE3","Bond",0.00625,"2027-03-31",98.314,98.321,"UNITED STATES TREAS NOTE, 0.625%, 31-MAR-2027"
"2026-10-08T0805","91282CEF4","Bond",0.025,"2027-03-31",99.175,99.184,"UNITED STATES TREAS SER W-2027, 2.500%, 31-MAR-2027"
"2026-10-08T0805","91282CMV0","Bond",0.03875,"2027-03-31",99.814,99.819,"UNITED STATES TREAS SER AZ-2027, 3.875%, 31-MAR-2027"
"2026-10-08T0805","912797WM5","Bill","","2027-04-01",97.993,97.996,"UNITED STATES TREAS BILLS ZERO CPN, 0.000%, 01-APR-2027"
"2026-10-08T0805","912797WU7","Bill","","2027-04-08",97.907,97.91,"UNITED STATES TREAS BILLS ZERO CPN, 0.000%, 08-APR-2027"
"2026-10-08T0805","912797UE5","Bill","","2027-04-15",97.835,97.842,"UNITED STATES TREAS BILLS ZERO CPN, 0.000%, 15-APR-2027"
"2026-10-08T0805","91282CEJ6","TIPS",0.00125,"2027-04-15",99.04,99.081,"UNITED STATES TREAS NTS SER X-2027, 0.125%, 15-APR-2027"
"2026-10-08T0805","91282CKJ9","Bond",0.045,"2027-04-15",100.108,100.118,"UNITED STATES TREAS SER AM-2027, 4.500%, 15-APR-2027"
"2026-10-08T0805","912828ZN3","Bond",0.005,"2027-04-30",97.914,97.923,"UNITED STATES TREAS NOTE, 0.500%, 30-APR-2027"
"2026-10-08T0805","91282CEN7","Bond",0.0275,"2027-04-30",99.158,99.161,"UNITED STATES TREAS SER Y-2027, 2.750%, 30-APR-2027"
"2026-10-08T0805","91282CMY4","Bond",0.0375,"2027-04-30",99.698,99.708,"UNITED STATES TREAS SER BA-2027, 3.750%, 30-APR-2027"
"2026-10-08T0805","912797UX3","Bill","","2027-05-13",97.547,97.562,"UNITED STATES TREAS BILLS ZERO CPN, 0.000%, 13-MAY-2027"
"2026-10-08T0805","9128207D3","STRIP","","2027-05-15",97.448,97.515,"U S TREAS SEC STRIPPED INT PMT, 0.000%, 15-MAY-2027"
"2026-10-08T0805","912828X88","Bond",0.02375,"2027-05-15",98.832,98.841,"UNITED STATES TREAS SER C-2027, 2.375%, 15-MAY-2027"
"2026-10-08T0805","91282CKR1","Bond",0.045,"2027-05-15",100.078,100.086,"UNITED STATES TREAS SER AN-2027, 4.500%, 15-MAY-2027"
"2026-10-08T0805","912833PD6","STRIP","","2027-05-15",97.444,97.476,"U S TREAS SEC STRIPPED INT PMT, 0.000%, 15-MAY-2027"
"2026-10-08T0805","912828ZS2","Bond",0.005,"2027-05-31",97.582,97.59,"UNITED STATES TREAS SER L-2027, 0.500%, 31-MAY-2027"
"2026-10-08T0805","91282CET4","Bond",0.02625,"2027-05-31",98.91,98.915,"UNITED STATES TREAS SER Z-2027, 2.625%, 31-MAY-2027"
"2026-10-08T0805","91282CNE7","Bond",0.03875,"2027-05-31",99.687,99.693,"UNITED STATES TREAS SER BC-2027, 3.875%, 31-MAY-2027"
"2026-10-08T0805","912797VF1","Bill","","2027-06-10",97.208,97.222,"UNITED STATES TREAS BILLS ZERO CPN, 0.000%, 10-JUN-2027"
"2026-10-08T0805","91282CKV2","Bond",0.04625,"2027-06-15",100.16,100.169,"UNITED STATES TREAS SER AP-2027, 4.625%, 15-JUN-2027"
"2026-10-08T0805","912828ZV5","Bond",0.005,"2027-06-30",97.257,97.266,"UNITED STATES TREAS SER M-2027, 0.500%, 30-JUN-2027"
"2026-10-08T0805","91282CEW7","Bond",0.0325,"2027-06-30",99.187,99.19,"UNITED STATES TREAS SER AA-2027, 3.250%, 30-JUN-2027"
"2026-10-08T0805","91282CNL1","Bond",0.0375,"2027-06-30",99.53,99.54,"UNITED STATES TREAS SER BD-2027, 3.750%, 30-JUN-2027"
"2026-10-08T0805","912797VQ7","Bill","","2027-07-08",96.865,96.882,"UNITED STATES TREAS BILLS ZERO CPN, 0.000%, 08-JUL-2027"
"2026-10-08T0805","9128282L3","TIPS",0.00375,"2027-07-15",99.061,99.101,"UNITED STATES TREAS NTS SER D-2027, 0.375%, 15-JUL-2027"
"2026-10-08T0805","91282CKZ3","Bond",0.04375,"2027-07-15",99.957,99.962,"UNITED STATES TREAS SER AQ-2027, 4.375%, 15-JUL-2027"
"2026-10-08T0805","91282CAD3","Bond",0.00375,"2027-07-31",96.773,96.782,"UNITED STATES TREAS SER N-2027, 0.375%, 31-JUL-2027"
"2026-10-08T0805","91282CFB2","Bond",0.0275,"2027-07-31",98.635,98.644,"UNITED STATES TREAS SER AB-2027, 2.750%, 31-JUL-2027"
"2026-10-08T0805","91282CNP2","Bond",0.03875,"2027-07-31",99.52,99.527,"UNITED STATES TREAS SER BE-2027, 3.875%, 31-JUL-2027"
"2026-10-08T0805","912797VR5","Bill","","2027-08-05",96.506,96.524,"UNITED STATES TREAS BILLS ZERO CPN, 0.000%, 05-AUG-2027"
"2026-10-08T0805","912803BL6","STRIP","","2027-08-15",96.368,96.42,"UNITED STATES TREAS BD STRIPP ZERO CPN, 0.000%, 15-AUG-2027"
"2026-10-08T0805","912810FA1","Bond",0.06375,"2027-08-15",101.614,101.735,"UNITED STATES TREAS BDS, 6.375%, 15-AUG-2027"
"2026-10-08T0805","9128203H8","STRIP","","2027-08-15",96.274,96.496,"U S TREAS SEC STRIPPED INT PMT, 0.000%, 15-AUG-2027"
"2026-10-08T0805","9128282R0","Bond",0.0225,"2027-08-15",98.146,98.153,"UNITED STATES TREAS SER E-2027, 2.250%, 15-AUG-2027"
"2026-10-08T0805","91282CLG4","Bond",0.0375,"2027-08-15",99.378,99.389,"UNITED STATES TREAS SER AR-2027, 3.750%, 15-AUG-2027"
"2026-10-08T0805","912833PE4","STRIP","","2027-08-15",96.287,96.353,"U S TREAS SEC STRIPPED INT PMT, 0.000%, 15-AUG-2027"
"2026-10-08T0805","91282CAH4","Bond",0.005,"2027-08-31",96.542,96.549,"UNITED STATES TREAS SER P-2027, 0.500%, 31-AUG-2027"
"2026-10-08T0805","91282CFH9","Bond",0.03125,"2027-08-31",98.818,98.825,"UNITED STATES TREAS SER AC-2027, 3.125%, 31-AUG-2027"
"2026-10-08T0805","91282CNV9","Bond",0.03625,"2027-08-31",99.238,99.247,"UNITED STATES TREAS SER BG-2027, 3.625%, 31-AUG-2027"
"2026-10-08T0805","912797WA1","Bill","","2027-09-02",96.192,96.209,"UNITED STATES TREAS BILLS ZERO CPN, 0.000%, 02-SEP-2027"
"2026-10-08T0805","91282CLL3","Bond",0.03375,"2027-09-15",98.98,98.989,"UNITED STATES TREAS SER AS-2027, 3.375%, 15-SEP-2027"
"2026-10-08T0805","912797WJ2","Bill","","2027-09-30",95.801,95.807,"UNITED STATES TREAS BILLS ZERO CPN, 0.000%, 30-SEP-2027"
"2026-10-08T0805","91282CAL5","Bond",0.00375,"2027-09-30",96.08,96.089,"UNITED STATES TREAS SER Q-2027, 0.375%, 30-SEP-2027"
"2026-10-08T0805","91282CFM8","Bond",0.04125,"2027-09-30",99.628,99.636,"UNITED STATES TREAS SER AD-2027, 4.125%, 30-SEP-2027"
"2026-10-08T0805","91282CPB1","Bond",0.035,"2027-09-30",99.026,99.036,"UNITED STATES TREAS SER BH-2027, 3.500%, 30-SEP-2027"
"2026-10-08T0805","91282CFR7","TIPS",0.01625,"2027-10-15",99.58,99.615,"UNITED STATES TREAS NTS SER AE-2027, 1.625%, 15-OCT-2027"
"2026-10-08T0805","91282CLQ2","Bond",0.03875,"2027-10-15",99.355,99.364,"UNITED STATES TREAS SER AT-2027, 3.875%, 15-OCT-2027"
"2026-10-08T0805","91282CAU5","Bond",0.005,"2027-10-31",95.825,95.836,"UNITED STATES TREAS SER R-2027, 0.500%, 31-OCT-2027"
"2026-10-08T0805","91282CFU0","Bond",0.04125,"2027-10-31",99.542,99.552,"UNITED STATES TREAS SER AF-2027, 4.125%, 31-OCT-2027"
"2026-10-08T0805","91282CPE5","Bond",0.035,"2027-10-31",98.894,98.903,"UNITED STATES TREAS SER BJ-2027, 3.500%, 31-OCT-2027"
"2026-10-08T0805","912803BM4","STRIP","","2027-11-15",95.168,95.277,"UNITED STATES TREAS BD STRIPP ZERO CPN, 0.000%, 15-NOV-2027"
"2026-10-08T0805","912810FB9","Bond",0.06125,"2027-11-15",101.625,101.827,"UNITED STATES TREAS BDS, 6.125%, 15-NOV-2027"
"2026-10-08T0805","9128203W5","STRIP","","2027-11-15",95.063,95.439,"U S TREAS SEC STRIPPED INT PMT, 0.000%, 15-NOV-2027"
"2026-10-08T0805","9128283F5","Bond",0.0225,"2027-11-15",97.503,97.512,"UNITED STATES TREAS SER F-2027, 2.250%, 15-NOV-2027"
"2026-10-08T0805","91282CLX7","Bond",0.04125,"2027-11-15",99.496,99.503,"UNITED STATES TREAS SER AU-2027, 4.125%, 15-NOV-2027"
"2026-10-08T0805","912833QB9","STRIP","","2027-11-15",95.117,95.156,"U S TREAS SEC STRIPPED INT PMT, 0.000%, 15-NOV-2027"
"2026-10-08T0805","91282CAY7","Bond",0.00625,"2027-11-30",95.618,95.628,"UNITED STATES TREAS SER S-2027, 0.625%, 30-NOV-2027"
"2026-10-08T0805","91282CFZ9","Bond",0.03875,"2027-11-30",99.186,99.196,"UNITED STATES TREAS SER AG-2027, 3.875%, 30-NOV-2027"
"2026-10-08T0805","91282CPL9","Bond",0.03375,"2027-11-30",98.637,98.65,"UNITED STATES TREAS SER BL-2027, 3.375%, 30-NOV-2027"
"2026-10-08T0805","91282CMB4","Bond",0.04,"2027-12-15",99.292,99.302,"UNITED STATES TREAS SER AV-2027, 4.000%, 15-DEC-2027"
"2026-10-08T0805","91282CBB6","Bond",0.00625,"2027-12-31",95.273,95.282,"UNITED STATES TREAS SER T-2027, 0.625%, 31-DEC-2027"
"2026-10-08T0805","91282CGC9","Bond",0.03875,"2027-12-31",99.097,99.106,"UNITED STATES TREAS SER AH-2027, 3.875%, 31-DEC-2027"
"2026-10-08T0805","91282CPS4","Bond",0.03375,"2027-12-31",98.496,98.504,"UNITED STATES TREAS SER BM-2027, 3.375%, 31-DEC-2027"
"2026-10-08T0805","912810PV4","TIPS",0.0175,"2028-01-15",99.093,99.143,"UNITED STATES TREASURY, 1.750%, 15-JAN-2028"
"2026-10-08T0805","9128283R9","TIPS",0.005,"2028-01-15",97.566,97.604,"UNITED STATES TREAS NTS SER A-2028, 0.500%, 15-JAN-2028"
"2026-10-08T0805","91282CMF5","Bond",0.0425,"2028-01-15",99.477,99.49,"UNITED STATES TREAS SER AJ-2028, 4.250%, 15-JAN-2028"
"2026-10-08T0805","91282CBJ9","Bond",0.0075,"2028-01-31",95.059,95.071,"UNITED STATES TREAS SER G-2028, 0.750%, 31-JAN-2028"
"2026-10-08T0805","91282CGH8","Bond",0.035,"2028-01-31",98.512,98.52,"UNITED STATES TREAS SER U-2028, 3.500%, 31-JAN-2028"
"2026-10-08T0805","9128204M6","STRIP","","2028-02-15",93.893,93.965,"U S TREAS SEC STRIPPED INT PMT, 0.000%, 15-FEB-2028"
"2026-10-08T0805","9128283W8","Bond",0.0275,"2028-02-15",97.48,97.489,"UNITED STATES TREAS NOTES, 2.750%, 15-FEB-2028"
"2026-10-08T0805","91282CMN8","Bond",0.0425,"2028-02-15",99.433,99.437,"UNITED STATES TREAS SER AK-2028, 4.250%, 15-FEB-2028"
"2026-10-08T0805","912833RY8","STRIP","","2028-02-15",93.863,93.931,"U S TREAS SEC STRIPPED INT PMT, 0.000%, 15-FEB-2028"
"2026-10-08T0805","91282CBP5","Bond",0.01125,"2028-02-29",95.238,95.245,"UNITED STATES TREAS SER H-2028, 1.125%, 29-FEB-2028"
"2026-10-08T0805","91282CGP0","Bond",0.04,"2028-02-29",99.073,99.08,"UNITED STATES TREAS SER V-2028, 4.000%, 29-FEB-2028"
"2026-10-08T0805","91282CQB0","Bond",0.03375,"2028-02-29",98.238,98.25,"UNITED STATES TREAS SER AY-2028, 3.375%, 29-FEB-2028"
"2026-10-08T0805","91282CMS7","Bond",0.03875,"2028-03-15",98.863,98.871,"UNITED STATES TREAS SER AL-2028, 3.875%, 15-MAR-2028"
"2026-10-08T0805","91282CBS9","Bond",0.0125,"2028-03-31",95.11,95.122,"UNITED STATES TREAS SER J-2028, 1.250%, 31-MAR-2028"
"2026-10-08T0805","91282CGT2","Bond",0.03625,"2028-03-31",98.455,98.461,"UNITED STATES TREAS SER W-2028, 3.625%, 31-MAR-2028"
"2026-10-08T0805","91282CQH7","Bond",0.03875,"2028-03-31",98.809,98.818,"UNITED STATES TREAS SER AZ-2028, 3.875%, 31-MAR-2028"
"2026-10-08T0805","912810FD5","TIPS",0.03625,"2028-04-15",101.567,101.627,"UNITED STATES TREAS BDS, 3.625%, 15-APR-2028"
"2026-10-08T0805","91282CGW5","TIPS",0.0125,"2028-04-15",98.051,98.09,"UNITED STATES TREAS NTS SER X-2028, 1.250%, 15-APR-2028"
"2026-10-08T0805","91282CMW8","Bond",0.0375,"2028-04-15",98.578,98.587,"UNITED STATES TREAS SER AM-2028, 3.750%, 15-APR-2028"
"2026-10-08T0805","91282CBZ3","Bond",0.0125,"2028-04-30",94.802,94.811,"UNITED STATES TREAS SER K-2028, 1.250%, 30-APR-2028"
"2026-10-08T0805","91282CHA2","Bond",0.035,"2028-04-30",98.152,98.161,"UNITED STATES TREAS SER Y-2028, 3.500%, 30-APR-2028"
"2026-10-08T0805","91282CQL8","Bond",0.0375,"2028-04-30",98.519,98.53,"UNITED STATES TREAS SER BA-2028, 3.750%, 30-APR-2028"
"2026-10-08T0805","9128205B9","STRIP","","2028-05-15",92.725,92.811,"U S TREAS SEC STRIPPED INT PMT, 0.000%, 15-MAY-2028"
"2026-10-08T0805","9128284N7","Bond",0.02875,"2028-05-15",97.149,97.162,"UNITED STATES TREAS SER C-2028, 2.875%, 15-MAY-2028"
"2026-10-08T0805","91282CND9","Bond",0.0375,"2028-05-15",98.472,98.48,"UNITED STATES TREAS SER AN-2028, 3.750%, 15-MAY-2028"
"2026-10-08T0805","912833WQ9","STRIP","","2028-05-15",92.735,92.797,"U S TREAS SEC STRIPPED INT PMT, 0.000%, 15-MAY-2028"
"2026-10-08T0805","91282CCE9","Bond",0.0125,"2028-05-31",94.517,94.526,"UNITED STATES TREAS SER L-2028, 1.250%, 31-MAY-2028"
"2026-10-08T0805","91282CHE4","Bond",0.03625,"2028-05-31",98.223,98.231,"UNITED STATES TREAS SER Z-2028, 3.625%, 31-MAY-2028"
"2026-10-08T0805","91282CQS3","Bond",0.04,"2028-05-31",98.805,98.812,"UNITED STATES TREAS SER BC-2028, 4.000%, 31-MAY-2028"
"2026-10-08T0805","91282CNH0","Bond",0.03875,"2028-06-15",98.565,98.568,"UNITED STATES TREAS SER AP-2028, 3.875%, 15-JUN-2028"
"2026-10-08T0805","91282CCH2","Bond",0.0125,"2028-06-30",94.224,94.233,"UNITED STATES TREAS SER M-2028, 1.250%, 30-JUN-2028"
"2026-10-08T0805","91282CHK0","Bond",0.04,"2028-06-30",98.742,98.748,"UNITED STATES TREAS SER AA-2028, 4.000%, 30-JUN-2028"
"2026-10-08T0805","91282CQY0","Bond",0.04125,"2028-06-30",98.924,98.933,"UNITED STATES TREAS SER BD-2028, 4.125%, 30-JUN-2028"
"2026-10-08T0805","912828Y38","TIPS",0.0075,"2028-07-15",97.425,97.464,"UNITED STATES TREAS NTS SER D-2028, 0.750%, 15-JUL-2028"
"2026-10-08T0805","91282CNM9","Bond",0.03875,"2028-07-15",98.457,98.463,"UNITED STATES TREAS SER AQ-2028, 3.875%, 15-JUL-2028"
"2026-10-08T0805","91282CCR0","Bond",0.01,"2028-07-31",93.498,93.504,"UNITED STATES TREAS SER N-2028, 1.000%, 31-JUL-2028"
"2026-10-08T0805","91282CHQ7","Bond",0.04125,"2028-07-31",98.859,98.868,"UNITED STATES TREAS SER AB-2028, 4.125%, 31-JUL-2028"
"2026-10-08T0805","91282CRB9","Bond",0.0425,"2028-07-31",99.06,99.067,"UNITED STATES TREAS SER BE-2028, 4.250%, 31-JUL-2028"
"2026-10-08T0805","912803BP7","STRIP","","2028-08-15",91.633,91.767,"UNITED STATES TREAS BD STRIPP ZERO CPN, 0.000%, 15-AUG-2028"
"2026-10-08T0805","912810FE3","Bond",0.055,"2028-08-15",101.223,101.301,"UNITED STATES TREAS BDS, 5.500%, 15-AUG-2028"
"2026-10-08T0805","912821AH8","STRIP","","2028-08-15",91.496,92.211,"U S TREAS NT STRIPPED PRIN PMT, 0.000%, 15-AUG-2028"
"2026-10-08T0805","9128284V9","Bond",0.02875,"2028-08-15",96.626,96.636,"UNITED STATES TREAS SER E-2028, 2.875%, 15-AUG-2028"
"2026-10-08T0805","91282CNU1","Bond",0.03625,"2028-08-15",97.936,97.947,"UNITED STATES TREAS SER AR-2028, 3.625%, 15-AUG-2028"
"2026-10-08T0805","912833RZ5","STRIP","","2028-08-15",91.546,91.607,"U S TREAS SEC STRIPPED INT PMT, 0.000%, 15-AUG-2028"
"2026-10-08T0805","91282CCV1","Bond",0.01125,"2028-08-31",93.425,93.43,"UNITED STATES TREAS SER P-2028, 1.125%, 31-AUG-2028"
"2026-10-08T0805","91282CHX2","Bond",0.04375,"2028-08-31",99.23,99.236,"UNITED STATES TREAS SER AC-2028, 4.375%, 31-AUG-2028"
"2026-10-08T0805","91282CRH6","Bond",0.04125,"2028-08-31",98.777,98.782,"UNITED STATES TREAS SER BG-2028, 4.125%, 31-AUG-2028"
"2026-10-08T0805","91282CNY3","Bond",0.03375,"2028-09-15",97.375,97.384,"UNITED STATES TREAS SER AS-2028, 3.375%, 15-SEP-2028"
"2026-10-08T0805","91282CCY5","Bond",0.0125,"2028-09-30",93.349,93.358,"UNITED STATES TREAS SER Q-2028, 1.250%, 30-SEP-2028"
"2026-10-08T0805","91282CJA0","Bond",0.04625,"2028-09-30",99.629,99.642,"UNITED STATES TREAS SER AD-2028, 4.625%, 30-SEP-2028"
"2026-10-08T0805","91282CRP8","Bond",0.0475,"2028-09-30",99.877,99.887,"UNITED STATES TREAS SER BH-2028, 4.750%, 30-SEP-2028"
"2026-10-08T0805","91282CJH5","TIPS",0.02375,"2028-10-15",100.102,100.137,"UNITED STATES TREAS NTS SER AE-2028, 2.375%, 15-OCT-2028"
"2026-10-08T0805","91282CPC9","Bond",0.035,"2028-10-15",97.461,97.474,"UNITED STATES TREAS SER AT-2028, 3.500%, 15-OCT-2028"
"2026-10-08T0805","91282CDF5","Bond",0.01375,"2028-10-31",93.286,93.3,"UNITED STATES TREAS SER R-2028, 1.375%, 31-OCT-2028"
"2026-10-08T0805","91282CJF9","Bond",0.04875,"2028-10-31",100.072,100.089,"UNITED STATES TREAS SER AF-2028, 4.875%, 31-OCT-2028"
"2026-10-08T0805","912803BV4","STRIP","","2028-11-15",90.464,90.536,"UNITED STATES TREAS BD STRIPP ZERO CPN, 0.000%, 15-NOV-2028"
"2026-10-08T0805","912810FF0","Bond",0.0525,"2028-11-15",100.84,100.942,"UNITED STATES TREAS BDS, 5.250%, 15-NOV-2028"
"2026-10-08T0805","912821AW5","STRIP","","2028-11-15",90.301,90.711,"U S TREAS NT STRIPPED PRIN PMT, 0.000%, 15-NOV-2028"
"2026-10-08T0805","9128285M8","Bond",0.03125,"2028-11-15",96.611,96.637,"UNITED STATES TREAS SER F-2028, 3.125%, 15-NOV-2028"
"2026-10-08T0805","91282CPK1","Bond",0.035,"2028-11-15",97.341,97.356,"UNITED STATES TREAS SER AU-2028, 3.500%, 15-NOV-2028"
"2026-10-08T0805","912833WR7","STRIP","","2028-11-15",90.366,90.443,"U S TREAS SEC STRIPPED INT PMT, 0.000%, 15-NOV-2028"
"2026-10-08T0805","91282CDL2","Bond",0.015,"2028-11-30",93.251,93.265,"UNITED STATES TREAS SER S-2028, 1.500%, 30-NOV-2028"
"2026-10-08T0805","91282CJN2","Bond",0.04375,"2028-11-30",99.036,99.054,"UNITED STATES TREAS SER AG-2028, 4.375%, 30-NOV-2028"
"2026-10-08T0805","91282CPP0","Bond",0.035,"2028-12-15",97.22,97.237,"UNITED STATES TREAS SER AV-2028, 3.500%, 15-DEC-2028"
"2026-10-08T0805","91282CDP3","Bond",0.01375,"2028-12-31",92.718,92.746,"UNITED STATES TREAS SER T-2028, 1.375%, 31-DEC-2028"
"2026-10-08T0805","91282CJR3","Bond",0.0375,"2028-12-31",97.673,97.687,"UNITED STATES TREAS SER AH-2028, 3.750%, 31-DEC-2028"
"2026-10-08T0805","912810PZ5","TIPS",0.025,"2029-01-15",99.988,100.039,"UNITED STATES TREAS BDS, 2.500%, 15-JAN-2029"
"2026-10-08T0805","9128285W6","TIPS",0.00875,"2029-01-15",96.442,96.473,"UNITED STATES TREAS NTS SER A-2029, 0.875%, 15-JAN-2029"
"2026-10-08T0805","91282CPT2","Bond",0.035,"2029-01-15",97.072,97.088,"UNITED STATES TREAS SER AJ-2029, 3.500%, 15-JAN-2029"
"2026-10-08T0805","91282CDW8","Bond",0.0175,"2029-01-31",93.242,93.253,"UNITED STATES TREAS SER G-2029, 1.750%, 31-JAN-2029"
"2026-10-08T0805","91282CJW2","Bond",0.04,"2029-01-31",98.098,98.114,"UNITED STATES TREAS SER U-2029, 4.000%, 31-JAN-2029"
"2026-10-08T0805","912803BW2","STRIP","","2029-02-15",89.372,89.461,"UNITED STATES TREAS BD STRIPP ZERO CPN, 0.000%, 15-FEB-2029"
"2026-10-08T0805","912810FG8","Bond",0.0525,"2029-02-15",100.96,101.075,"UNITED STATES TREAS BDS, 5.250%, 15-FEB-2029"
"2026-10-08T0805","912821BL8","STRIP","","2029-02-15",88.942,89.609,"U S TREAS NT STRIPPED PRIN PMT, 0.000%, 15-FEB-2029"
"2026-10-08T0805","9128286B1","Bond",0.02625,"2029-02-15",95.031,95.053,"UNITED STATES TREAS SER B-2029, 2.625%, 15-FEB-2029"
"2026-10-08T0805","91282CQA2","Bond",0.035,"2029-02-15",96.951,96.965,"UNITED STATES TREAS SER AK-2029, 3.500%, 15-FEB-2029"
"2026-10-08T0805","912833XN5","STRIP","","2029-02-15",89.08,89.171,"U S TREAS SEC STRIPPED INT PMT, 0.000%, 15-FEB-2029"
"2026-10-08T0805","91282CEB3","Bond",0.01875,"2029-02-28",93.263,93.288,"UNITED STATES TREAS SER H-2029, 1.875%, 28-FEB-2029"
"2026-10-08T0805","91282CKD2","Bond",0.0425,"2029-02-28",98.591,98.609,"UNITED STATES TREAS SER V-2029, 4.250%, 28-FEB-2029"
"2026-10-08T0805","91282CQE4","Bond",0.035,"2029-03-15",96.847,96.864,"UNITED STATES TREAS SER AL-2029, 3.500%, 15-MAR-2029"
"2026-10-08T0805","91282CEE7","Bond",0.02375,"2029-03-31",94.165,94.182,"UNITED STATES TREAS SER J-2029, 2.375%, 31-MAR-2029"
"2026-10-08T0805","91282CKG5","Bond",0.04125,"2029-03-31",98.216,98.229,"UNITED STATES TREAS SER W-2029, 4.125%, 31-MAR-2029"
"2026-10-08T0805","912810FH6","TIPS",0.03875,"2029-04-15",103.134,103.186,"UNITED STATES TREAS BDS, 3.875%, 15-APR-2029"
"2026-10-08T0805","91282CKL4","TIPS",0.02125,"2029-04-15",98.911,98.939,"UNITED STATES TREAS NTS SER X-2029, 2.125%, 15-APR-2029"
"2026-10-08T0805","91282CQJ3","Bond",0.03875,"2029-04-15",97.576,97.589,"UNITED STATES TREAS SER AM-2029, 3.875%, 15-APR-2029"
"2026-10-08T0805","91282CEM9","Bond",0.02875,"2029-04-30",95.148,95.168,"UNITED STATES TREAS SER K-2029, 2.875%, 30-APR-2029"
"2026-10-08T0805","91282CKP5","Bond",0.04625,"2029-04-30",99.34,99.354,"UNITED STATES TREAS SER Y-2029, 4.625%, 30-APR-2029"
"2026-10-08T0805","912821CA1","STRIP","","2029-05-15",88.087,88.169,"U S TREAS NT STRIPPED PRIN PMT, 0.000%, 15-MAY-2029"
"2026-10-08T0805","9128286T2","Bond",0.02375,"2029-05-15",93.879,93.897,"UNITED STATES TREAS SER C-2029, 2.375%, 15-MAY-2029"
"2026-10-08T0805","91282CQR5","Bond",0.03875,"2029-05-15",97.493,97.508,"UNITED STATES TREASURY NOTE, 3.875%, 15-MAY-2029"
"2026-10-08T0805","912833XS4","STRIP","","2029-05-15",87.938,88.036,"U S TREAS SEC STRIPPED INT PMT, 0.000%, 15-MAY-2029"
"2026-10-08T0805","91282CES6","Bond",0.0275,"2029-05-31",94.683,94.7,"UNITED STATES TREAS SER L-2029, 2.750%, 31-MAY-2029"
"2026-10-08T0805","91282CKT7","Bond",0.045,"2029-05-31",98.97,98.981,"UNITED STATES TREAS SER Z-2029, 4.500%, 31-MAY-2029"
"2026-10-08T0805","91282CQV6","Bond",0.04125,"2029-06-15",98.005,98.02,"UNITED STATES TREAS SER AP-2029, 4.125%, 15-JUN-2029"
"2026-10-08T0805","91282CEV9","Bond",0.0325,"2029-06-30",95.765,95.78,"UNITED STATES TREAS SER M-2029, 3.250%, 30-JUN-2029"
"2026-10-08T0805","91282CKX8","Bond",0.0425,"2029-06-30",98.279,98.291,"UNITED STATES TREAS SER AA-2029, 4.250%, 30-JUN-2029"
"2026-10-08T0805","9128287D6","TIPS",0.0025,"2029-07-15",94.332,94.362,"UNITED STATES TREAS NTS SER D-2029, 0.250%, 15-JUL-2029"
"2026-10-08T0805","91282CQZ7","Bond",0.04125,"2029-07-15",97.917,97.931,"UNITED STATES TREAS SER AQ-2029, 4.125%, 15-JUL-2029"
"2026-10-08T0805","91282CFC0","Bond",0.02625,"2029-07-31",93.993,94.009,"UNITED STATES TREAS SER N-2029, 2.625%, 31-JUL-2029"
"2026-10-08T0805","91282CLC3","Bond",0.04,"2029-07-31",97.559,97.573,"UNITED STATES TREAS SER AB-2029, 4.000%, 31-JUL-2029"
"2026-10-08T0805","912803CG6","STRIP","","2029-08-15",87.005,87.09,"UNITED STATES TREAS BD STRIPP ZERO CPN, 0.000%, 15-AUG-2029"
"2026-10-08T0805","912810FJ2","Bond",0.06125,"2029-08-15",103.164,103.266,"UNITED STATES TREAS BDS, 6.125%, 15-AUG-2029"
"2026-10-08T0805","912821CR4","STRIP","","2029-08-15",86.858,87.59,"U S TREAS NT STRIPPED PRIN PMT, 0.000%, 15-AUG-2029"
"2026-10-08T0805","912828YB0","Bond",0.01625,"2029-08-15",91.337,91.356,"UNITED STATES TREAS SER E-2029, 1.625%, 15-AUG-2029"
"2026-10-08T0805","91282CRG8","Bond",0.0425,"2029-08-15",98.169,98.176,"UNITED STATES TREAS SER AR-2029, 4.250%, 15-AUG-2029"
"2026-10-08T0805","912833XP0","STRIP","","2029-08-15",86.82,86.891,"U S TREAS SEC STRIPPED INT PMT, 0.000%, 15-AUG-2029"
"2026-10-08T0805","91282CFJ5","Bond",0.03125,"2029-08-31",95.132,95.15,"UNITED STATES TREAS SER P-2029, 3.125%, 31-AUG-2029"
"2026-10-08T0805","91282CLK5","Bond",0.03625,"2029-08-31",96.458,96.468,"UNITED STATES TREAS SER AC-2029, 3.625%, 31-AUG-2029"
"2026-10-08T0805","91282CRL7","Bond",0.04375,"2029-09-15",98.435,98.443,"UNITED STATES TREAS SER AS-2029, 4.375%, 15-SEP-2029"
"2026-10-08T0805","91282CFL0","Bond",0.03875,"2029-09-30",97.043,97.054,"UNITED STATES TREAS SER Q-2029, 3.875%, 30-SEP-2029"
"2026-10-08T0805","91282CLN9","Bond",0.035,"2029-09-30",96.012,96.023,"UNITED STATES TREAS SER AD-2029, 3.500%, 30-SEP-2029"
"2026-10-08T0805","91282CLV1","TIPS",0.01625,"2029-10-15",97.627,97.662,"UNITED STATES TREAS NTS SER AE-2029, 1.625%, 15-OCT-2029"
"2026-10-08T0805","91282CFT3","Bond",0.04,"2029-10-31",97.292,97.307,"UNITED STATES TREAS SER R-2029, 4.000%, 31-OCT-2029"
"2026-10-08T0805","91282CLR0","Bond",0.04125,"2029-10-31",97.634,97.65,"UNITED STATES TREAS SER AF-2029, 4.125%, 31-OCT-2029"
"2026-10-08T0805","912821DF9","STRIP","","2029-11-15",85.92,86.007,"U S TREAS NT STRIPPED PRIN PMT, 0.000%, 15-NOV-2029"
"2026-10-08T0805","912828YS3","Bond",0.0175,"2029-11-15",90.888,90.917,"UNITED STATES TREAS SER F-2029, 1.750%, 15-NOV-2029"
"2026-10-08T0805","912833XT2","STRIP","","2029-11-15",85.689,85.757,"U S TREAS SEC STRIPPED INT PMT, 0.000%, 15-NOV-2029"
"2026-10-08T0805","91282CFY2","Bond",0.03875,"2029-11-30",96.824,96.849,"UNITED STATES TREAS SER S-2029, 3.875%, 30-NOV-2029"
"2026-10-08T0805","91282CMA6","Bond",0.04125,"2029-11-30",97.558,97.572,"UNITED STATES TREAS SER AG-2029, 4.125%, 30-NOV-2029"
"2026-10-08T0805","91282CGB1","Bond",0.03875,"2029-12-31",96.728,96.744,"UNITED STATES TREAS SER T-2029, 3.875%, 31-DEC-2029"
"2026-10-08T0805","91282CMD0","Bond",0.04375,"2029-12-31",98.219,98.224,"UNITED STATES TREAS SER AH-2029, 4.375%, 31-DEC-2029"
"2026-10-08T0805","912828Z37","TIPS",0.00125,"2030-01-15",92.407,92.449,"UNITED STATES TREAS NTS SER A-2030, 0.125%, 15-JAN-2030"
"2026-10-08T0805","91282CGJ4","Bond",0.035,"2030-01-31",95.505,95.515,"UNITED STATES TREAS SER G-2030, 3.500%, 31-JAN-2030"
"2026-10-08T0805","91282CMG3","Bond",0.0425,"2030-01-31",97.759,97.772,"UNITED STATES TREAS SER U-2030, 4.250%, 31-JAN-2030"
"2026-10-08T0805","912821DV4","STRIP","","2030-02-15",84.77,84.879,"U S TREAS NT STRIPPED PRIN PMT, 0.000%, 15-FEB-2030"
"2026-10-08T0805","912828Z94","Bond",0.015,"2030-02-15",89.341,89.365,"UNITED STATES TREAS NTS NOTE, 1.500%, 15-FEB-2030"
"2026-10-08T0805","912833XX3","STRIP","","2030-02-15",84.531,84.623,"U S TREAS SEC STRIPPED INT PMT, 0.000%, 15-FEB-2030"
"2026-10-08T0805","91282CGQ8","Bond",0.04,"2030-02-28",96.939,96.951,"UNITED STATES TREAS SER H-2030, 4.000%, 28-FEB-2030"
"2026-10-08T0805","91282CGS4","Bond",0.03625,"2030-03-31",95.652,95.665,"UNITED STATES TREAS SER J-2030, 3.625%, 31-MAR-2030"
"2026-10-08T0805","91282CMU2","Bond",0.04,"2030-03-31",96.839,96.852,"UNITED STATES TREAS SER W-2030, 4.000%, 31-MAR-2030"
"2026-10-08T0805","91282CNB3","TIPS",0.01625,"2030-04-15",96.651,96.684,"UNITED STATES TREAS NTS SER X-2030, 1.625%, 15-APR-2030"
"2026-10-08T0805","91282CGZ8","Bond",0.035,"2030-04-30",95.132,95.153,"UNITED STATES TREAS SER K-2030, 3.500%, 30-APR-2030"
"2026-10-08T0805","91282CMZ1","Bond",0.03875,"2030-04-30",96.352,96.366,"UNITED STATES TREAS SER Y-2030, 3.875%, 30-APR-2030"
"2026-10-08T0805","912803CH4","STRIP","","2030-05-15",83.668,83.773,"UNITED STATES TREAS BD STRIPP ZERO CPN, 0.000%, 15-MAY-2030"
"2026-10-08T0805","912810FM5","Bond",0.0625,"2030-05-15",104.089,104.188,"UNITED STATES TREAS BDS, 6.250%, 15-MAY-2030"
"2026-10-08T0805","912821EK7","STRIP","","2030-05-15",83.465,84.433,"U S TREAS NT STRIPPED PRIN PMT, 0.000%, 15-MAY-2030"
"2026-10-08T0805","912828ZQ6","Bond",0.00625,"2030-05-15",85.699,85.727,"UNITED STATES TREAS SER C-2030, 0.625%, 15-MAY-2030"
"2026-10-08T0805","912833XU9","STRIP","","2030-05-15",83.431,83.528,"U S TREAS SEC STRIPPED INT PMT, 0.000%, 15-MAY-2030"
"2026-10-08T0805","91282CHF1","Bond",0.0375,"2030-05-31",95.821,95.822,"UNITED STATES TREAS SER L-2030, 3.750%, 31-MAY-2030"
"2026-10-08T0805","91282CNG2","Bond",0.04,"2030-05-31",96.649,96.658,"UNITED STATES TREAS SER Z-2030, 4.000%, 31-MAY-2030"
"2026-10-08T0805","91282CHJ3","Bond",0.0375,"2030-06-30",95.718,95.732,"UNITED STATES TREAS SER M-2030, 3.750%, 30-JUN-2030"
"2026-10-08T0805","91282CNK3","Bond",0.03875,"2030-06-30",96.14,96.155,"UNITED STATES TREAS SER AA-2030, 3.875%, 30-JUN-2030"
"2026-10-08T0805","912828ZZ6","TIPS",0.00125,"2030-07-15",91.558,91.589,"UNITED STATES TREAS NTS SER D-2030, 0.125%, 15-JUL-2030"
"2026-10-08T0805","91282CHR5","Bond",0.04,"2030-07-31",96.464,96.485,"UNITED STATES TREAS SER N-2030, 4.000%, 31-JUL-2030"
"2026-10-08T0805","91282CNN7","Bond",0.03875,"2030-07-31",96.053,96.061,"UNITED STATES TREAS SER AB-2030, 3.875%, 31-JUL-2030"
"2026-10-08T0805","912821EZ4","STRIP","","2030-08-15",82.535,82.645,"U S TREAS NT STRIPPED PRIN PMT, 0.000%, 15-AUG-2030"
"2026-10-08T0805","91282CAE1","Bond",0.00625,"2030-08-15",84.738,84.76,"UNITED STATES TREAS SER E-2030, 0.625%, 15-AUG-2030"
"2026-10-08T0805","912833XY1","STRIP","","2030-08-15",82.289,82.4,"U S TREAS SEC STRIPPED INT PMT, 0.000%, 15-AUG-2030"
"2026-10-08T0805","91282CHW4","Bond",0.04125,"2030-08-31",96.809,96.821,"UNITED STATES TREAS SER P-2030, 4.125%, 31-AUG-2030"
"2026-10-08T0805","91282CNX5","Bond",0.03625,"2030-08-31",95.06,95.074,"UNITED STATES TREAS SER AC-2030, 3.625%, 31-AUG-2030"
"2026-10-08T0805","91282CHZ7","Bond",0.04625,"2030-09-30",98.536,98.55,"UNITED STATES TREAS SER Q-2030, 4.625%, 30-SEP-2030"
"2026-10-08T0805","91282CPA3","Bond",0.03625,"2030-09-30",94.965,94.978,"UNITED STATES TREAS SER AD-2030, 3.625%, 30-SEP-2030"
"2026-10-08T0805","91282CPH8","TIPS",0.01125,"2030-10-15",94.692,94.713,"UNITED STATES TREAS NTS SER AE-2030, 1.125%, 15-OCT-2030"
"2026-10-08T0805","91282CJG7","Bond",0.04875,"2030-10-31",99.41,99.424,"UNITED STATES TREAS SER R-2030, 4.875%, 31-OCT-2030"
"2026-10-08T0805","91282CPD7","Bond",0.03625,"2030-10-31",94.845,94.864,"UNITED STATES TREAS SER AF-2030, 3.625%, 31-OCT-2030"
"2026-10-08T0805","912821FP5","STRIP","","2030-11-15",81.506,81.641,"U S TREAS NT STRIPPED PRIN PMT, 0.000%, 15-NOV-2030"
"2026-10-08T0805","91282CAV3","Bond",0.00875,"2030-11-15",84.703,84.731,"UNITED STATES TREAS SER F-2030, 0.875%, 15-NOV-2030"
"2026-10-08T0805","9128337N4","STRIP","","2030-11-15",81.147,81.283,"U S TREAS SEC STRIPPED INT PMT, 0.000%, 15-NOV-2030"
"2026-10-08T0805","91282CJM4","Bond",0.04375,"2030-11-30",97.507,97.524,"UNITED STATES TREAS SER S-2030, 4.375%, 30-NOV-2030"
"2026-10-08T0805","91282CPN5","Bond",0.035,"2030-11-30",94.251,94.267,"UNITED STATES TREAS SER AG-2030, 3.500%, 30-NOV-2030"
"2026-10-08T0805","91282CJQ5","Bond",0.0375,"2030-12-31",95.078,95.095,"UNITED STATES TREAS SER T-2030, 3.750%, 31-DEC-2030"
"2026-10-08T0805","91282CPR6","Bond",0.03625,"2030-12-31",94.615,94.629,"UNITED STATES TREAS SER AH-2030, 3.625%, 31-DEC-2030"
"2026-10-08T0805","91282CBF7","TIPS",0.00125,"2031-01-15",90.087,90.132,"UNITED STATES TREAS NTS SER A-2031, 0.125%, 15-JAN-2031"
"2026-10-08T0805","91282CJX0","Bond",0.04,"2031-01-31",95.943,95.956,"UNITED STATES TREAS SER G-2031, 4.000%, 31-JAN-2031"
"2026-10-08T0805","91282CPW5","Bond",0.0375,"2031-01-31",94.973,94.987,"UNITED STATES TREAS SER U-2031, 3.750%, 31-JAN-2031"
"2026-10-08T0805","912803CK7","STRIP","","2031-02-15",80.558,80.667,"UNITED STATES TREAS BD STRIPP ZERO CPN, 0.000%, 15-FEB-2031"
"2026-10-08T0805","912810FP8","Bond",0.05375,"2031-02-15",101.363,101.458,"UNITED STATES TREAS BDS, 5.375%, 15-FEB-2031"
"2026-10-08T0805","912821GD1","STRIP","","2031-02-15",80.079,81.355,"U S TREAS NT STRIPPED PRIN PMT, 0.000%, 15-FEB-2031"
"2026-10-08T0805","91282CBL4","Bond",0.01125,"2031-02-15",84.886,84.904,"UNITED STATES TREAS SER B-2031, 1.125%, 15-FEB-2031"
"2026-10-08T0805","912833XZ8","STRIP","","2031-02-15",80.088,80.193,"U S TREAS SEC STRIPPED INT PMT, 0.000%, 15-FEB-2031"
"2026-10-08T0805","91282CKC4","Bond",0.0425,"2031-02-28",96.848,96.866,"UNITED STATES TREAS SER H-2031, 4.250%, 28-FEB-2031"
"2026-10-08T0805","91282CQD6","Bond",0.035,"2031-02-28",93.937,93.946,"UNITED STATES TREAS SER V-2031, 3.500%, 28-FEB-2031"
"2026-10-08T0805","91282CKF7","Bond",0.04125,"2031-03-31",96.269,96.29,"UNITED STATES TREAS SER J-2031, 4.125%, 31-MAR-2031"
"2026-10-08T0805","91282CQG9","Bond",0.03875,"2031-03-31",95.278,95.295,"UNITED STATES TREAS SER W-2031, 3.875%, 31-MAR-2031"
"2026-10-08T0805","91282CQP9","TIPS",0.0125,"2031-04-15",94.063,94.095,"UNITED STATES TREAS NTS SER X-2031, 1.250%, 15-APR-2031"
"2026-10-08T0805","91282CKN0","Bond",0.04625,"2031-04-30",98.214,98.235,"UNITED STATES TREAS SER K-2031, 4.625%, 30-APR-2031"
"2026-10-08T0805","91282CQK0","Bond",0.03875,"2031-04-30",95.195,95.206,"UNITED STATES TREAS SER Y-2031, 3.875%, 30-APR-2031"
"2026-10-08T0805","912821MH5","STRIP","","2031-05-15",79.385,79.533,"U S TREAS NT STRIPPED PRIN PMT, 0.000%, 15-MAY-2031"
"2026-10-08T0805","91282CCB5","Bond",0.01625,"2031-05-15",86.011,86.029,"UNITED STATES TREAS SER C-2031, 1.625%, 15-MAY-2031"
"2026-10-08T0805","9128337P9","STRIP","","2031-05-15",79.04,79.148,"U S TREAS SEC STRIPPED INT PMT, 0.000%, 15-MAY-2031"
"2026-10-08T0805","91282CKU4","Bond",0.04625,"2031-05-31",98.154,98.168,"UNITED STATES TREAS SER L-2031, 4.625%, 31-MAY-2031"
"2026-10-08T0805","91282CQU8","Bond",0.04125,"2031-05-31",96.11,96.125,"UNITED STATES TREAS SER Z-2031, 4.125%, 31-MAY-2031"
"2026-10-08T0805","91282CKW0","Bond",0.0425,"2031-06-30",96.542,96.559,"UNITED STATES TREAS SER M-2031, 4.250%, 30-JUN-2031"
"2026-10-08T0805","91282CQX2","Bond",0.04125,"2031-06-30",96.04,96.054,"UNITED STATES TREAS SER AA-2031, 4.125%, 30-JUN-2031"
"2026-10-08T0805","91282CCM1","TIPS",0.00125,"2031-07-15",89.176,89.21,"UNITED STATES TREAS NTS SER D-2031, 0.125%, 15-JUL-2031"
"2026-10-08T0805","91282CLD1","Bond",0.04125,"2031-07-31",95.942,95.956,"UNITED STATES TREAS SER N-2031, 4.125%, 31-JUL-2031"
"2026-10-08T0805","91282CRA1","Bond",0.04375,"2031-07-31",97.015,97.025,"UNITED STATES TREAS SER AB-2031, 4.375%, 31-JUL-2031"
"2026-10-08T0805","912821MX0","STRIP","","2031-08-15",78.35,78.461,"U S TREAS NT STRIPPED PRIN PMT, 0.000%, 15-AUG-2031"
"2026-10-08T0805","91282CCS8","Bond",0.0125,"2031-08-15",83.664,83.68,"UNITED STATES TREAS SER E-2031, 1.250%, 15-AUG-2031"
"2026-10-08T0805","9128334S6","STRIP","","2031-08-15",77.987,78.123,"U S TREAS SEC STRIPPED INT PMT, 0.000%, 15-AUG-2031"
"2026-10-08T0805","91282CLJ8","Bond",0.0375,"2031-08-31",94.259,94.277,"UNITED STATES TREAS SER P-2031, 3.750%, 31-AUG-2031"
"2026-10-08T0805","91282CRK9","Bond",0.04375,"2031-08-31",96.992,97,"UNITED STATES TREAS SER AC-2031, 4.375%, 31-AUG-2031"
"2026-10-08T0805","91282CLM1","Bond",0.03625,"2031-09-30",93.621,93.635,"UNITED STATES TREAS SER Q-2031, 3.625%, 30-SEP-2031"
"2026-10-08T0805","91282CRN3","Bond",0.05,"2031-09-30",99.672,99.677,"UNITED STATES TREAS SER AD-2031, 5.000%, 30-SEP-2031"
"2026-10-08T0805","91282CLU3","Bond",0.04125,"2031-10-31",95.701,95.715,"UNITED STATES TREAS SER R-2031, 4.125%, 31-OCT-2031"
"2026-10-08T0805","912821GU3","STRIP","","2031-11-15",77.268,77.363,"U S TREAS NT STRIPPED PRIN PMT, 0.000%, 15-NOV-2031"
"2026-10-08T0805","91282CDJ7","Bond",0.01375,"2031-11-15",83.396,83.415,"UNITED STATES TREAS SER F-2031, 1.375%, 15-NOV-2031"
"2026-10-08T0805","9128337Q7","STRIP","","2031-11-15",76.912,77.029,"U S TREAS SEC STRIPPED INT PMT, 0.000%, 15-NOV-2031"
"2026-10-08T0805","91282CLZ2","Bond",0.04125,"2031-11-30",95.621,95.641,"UNITED STATES TREAS SER S-2031, 4.125%, 30-NOV-2031"
"2026-10-08T0805","91282CMC2","Bond",0.045,"2031-12-31",97.246,97.262,"UNITED STATES TREAS SER T-2031, 4.500%, 31-DEC-2031"
"2026-10-08T0805","91282CDX6","TIPS",0.00125,"2032-01-15",87.611,87.649,"UNITED STATES TREAS NTS SER A-2032, 0.125%, 15-JAN-2032"
"2026-10-08T0805","91282CMK4","Bond",0.04375,"2032-01-31",96.585,96.605,"UNITED STATES TREAS SER G-2032, 4.375%, 31-JAN-2032"
"2026-10-08T0805","912821HJ7","STRIP","","2032-02-15",76.209,76.354,"U S TREAS NT STRIPPED PRIN PMT, 0.000%, 15-FEB-2032"
"2026-10-08T0805","91282CDY4","Bond",0.01875,"2032-02-15",84.92,84.944,"UNITED STATES TREAS SER B-2032, 1.875%, 15-FEB-2032"
"2026-10-08T0805","9128334T4","STRIP","","2032-02-15",75.863,75.974,"U S TREAS SEC STRIPPED INT PMT, 0.000%, 15-FEB-2032"
"2026-10-08T0805","91282CMR9","Bond",0.04125,"2032-02-29",95.371,95.381,"UNITED STATES TREAS SER H-2032, 4.125%, 29-FEB-2032"
"2026-10-08T0805","91282CMT5","Bond",0.04125,"2032-03-31",95.283,95.305,"UNITED STATES TREAS SER J-2032, 4.125%, 31-MAR-2032"
"2026-10-08T0805","912810FQ6","TIPS",0.03375,"2032-04-15",103.47,103.515,"UNITED STATES TREASURY, 3.375%, 15-APR-2032"
"2026-10-08T0805","91282CNA5","Bond",0.04,"2032-04-30",94.617,94.632,"UNITED STATES TREAS SER K-2032, 4.000%, 30-APR-2032"
"2026-10-08T0805","912821HY4","STRIP","","2032-05-15",75.188,75.277,"U S TREAS NT STRIPPED PRIN PMT, 0.000%, 15-MAY-2032"
"2026-10-08T0805","91282CEP2","Bond",0.02875,"2032-05-15",89.074,89.092,"UNITED STATES TREAS SER C-2032, 2.875%, 15-MAY-2032"
"2026-10-08T0805","9128337R5","STRIP","","2032-05-15",74.821,74.928,"U S TREAS SEC STRIPPED INT PMT, 0.000%, 15-MAY-2032"
"2026-10-08T0805","91282CNF4","Bond",0.04125,"2032-05-31",95.098,95.113,"UNITED STATES TREAS SER L-2032, 4.125%, 31-MAY-2032"
"2026-10-08T0805","91282CNJ6","Bond",0.04,"2032-06-30",94.412,94.432,"UNITED STATES TREAS SER M-2032, 4.000%, 30-JUN-2032"
"2026-10-08T0805","91282CEZ0","TIPS",0.00625,"2032-07-15",89.334,89.361,"UNITED STATES TREAS NTS SER D-2032, 0.625%, 15-JUL-2032"
"2026-10-08T0805","91282CNR8","Bond",0.04,"2032-07-31",94.292,94.306,"UNITED STATES TREAS SER N-2032, 4.000%, 31-JUL-2032"
"2026-10-08T0805","912821JN6","STRIP","","2032-08-15",74.15,74.28,"U S TREAS NT STRIPPED PRIN PMT, 0.000%, 15-AUG-2032"
"2026-10-08T0805","91282CFF3","Bond",0.0275,"2032-08-15",87.976,87.993,"UNITED STATES TREAS SER E-2032, 2.750%, 15-AUG-2032"
"2026-10-08T0805","9128334U1","STRIP","","2032-08-15",73.787,73.887,"U S TREAS SEC STRIPPED INT PMT, 0.000%, 15-AUG-2032"
"2026-10-08T0805","91282CNW7","Bond",0.03875,"2032-08-31",93.583,93.599,"UNITED STATES TREAS SER P-2032, 3.875%, 31-AUG-2032"
"2026-10-08T0805","91282CNZ0","Bond",0.03875,"2032-09-30",93.48,93.498,"UNITED STATES TREAS SER Q-2032, 3.875%, 30-SEP-2032"
"2026-10-08T0805","91282CPF2","Bond",0.0375,"2032-10-31",92.73,92.742,"UNITED STATES TREAS SER R-2032, 3.750%, 31-OCT-2032"
"2026-10-08T0805","912821KC8","STRIP","","2032-11-15",73.193,73.291,"U S TREAS NT STRIPPED PRIN PMT, 0.000%, 15-NOV-2032"
"2026-10-08T0805","91282CFV8","Bond",0.04125,"2032-11-15",94.617,94.635,"UNITED STATES TREAS SER F-2032, 4.125%, 15-NOV-2032"
"2026-10-08T0805","9128337S3","STRIP","","2032-11-15",72.796,72.869,"U S TREAS SEC STRIPPED INT PMT, 0.000%, 15-NOV-2032"
"2026-10-08T0805","91282CPM7","Bond",0.0375,"2032-11-30",92.621,92.636,"UNITED STATES TREAS SER S-2032, 3.750%, 30-NOV-2032"
"2026-10-08T0805","91282CPQ8","Bond",0.03875,"2032-12-31",93.158,93.174,"UNITED STATES TREAS SER T-2032, 3.875%, 31-DEC-2032"
"2026-10-08T0805","91282CGK1","TIPS",0.01125,"2033-01-15",90.802,90.837,"UNITED STATES TREAS NTS SER A-2033, 1.125%, 15-JAN-2033"
"2026-10-08T0805","91282CPY1","Bond",0.04,"2033-01-31",93.718,93.729,"UNITED STATES TREAS SER G-2033, 4.000%, 31-JAN-2033"
"2026-10-08T0805","912821KS3","STRIP","","2033-02-15",72.17,72.284,"U S TREAS NT STRIPPED PRIN PMT, 0.000%, 15-FEB-2033"
"2026-10-08T0805","91282CGM7","Bond",0.035,"2033-02-15",90.976,90.993,"UNITED STATES TREAS SER B-2033, 3.500%, 15-FEB-2033"
"2026-10-08T0805","9128334V9","STRIP","","2033-02-15",71.752,71.864,"U S TREAS SEC STRIPPED INT PMT, 0.000%, 15-FEB-2033"
"2026-10-08T0805","91282CQC8","Bond",0.0375,"2033-02-28",92.316,92.328,"UNITED STATES TREAS SER H-2033, 3.750%, 28-FEB-2033"
"2026-10-08T0805","91282CQF1","Bond",0.0425,"2033-03-31",94.914,94.924,"UNITED STATES TREAS SER J-2033, 4.250%, 31-MAR-2033"
"2026-10-08T0805","91282CQN4","Bond",0.04125,"2033-04-30",94.132,94.149,"UNITED STATES TREAS SER K-2033, 4.125%, 30-APR-2033"
"2026-10-08T0805","912821LG8","STRIP","","2033-05-15",71.244,71.332,"U S TREAS NT STRIPPED PRIN PMT, 0.000%, 15-MAY-2033"
"2026-10-08T0805","91282CHC8","Bond",0.03375,"2033-05-15",89.921,89.94,"UNITED STATES TREAS SER C-2033, 3.375%, 15-MAY-2033"
"2026-10-08T0805","9128337T1","STRIP","","2033-05-15",70.788,70.905,"U S TREAS SEC STRIPPED INT PMT, 0.000%, 15-MAY-2033"
"2026-10-08T0805","91282CQT1","Bond",0.0425,"2033-05-31",94.753,94.771,"UNITED STATES TREAS SER L-2033, 4.250%, 31-MAY-2033"
"2026-10-08T0805","91282CQW4","Bond",0.0425,"2033-06-30",94.667,94.684,"UNITED STATES TREAS SER M-2033, 4.250%, 30-JUN-2033"
"2026-10-08T0805","91282CHP9","TIPS",0.01375,"2033-07-15",91.761,91.8,"UNITED STATES TREAS NTS SER D-2033, 1.375%, 15-JUL-2033"
"2026-10-08T0805","91282CRC7","Bond",0.04375,"2033-07-31",95.289,95.304,"UNITED STATES TREAS SER N-2033, 4.375%, 31-JUL-2033"
"2026-10-08T0805","912821LW3","STRIP","","2033-08-15",70.258,70.36,"U S TREAS NT STRIPPED PRIN PMT, 0.000%, 15-AUG-2033"
"2026-10-08T0805","91282CHT1","Bond",0.03875,"2033-08-15",92.387,92.406,"UNITED STATES TREAS SER E-2033, 3.875%, 15-AUG-2033"
"2026-10-08T0805","9128334W7","STRIP","","2033-08-15",69.76,69.854,"U S TREAS SEC STRIPPED INT PMT, 0.000%, 15-AUG-2033"
"2026-10-08T0805","91282CRJ2","Bond",0.045,"2033-08-31",95.968,95.977,"UNITED STATES TREAS SER P-2033, 4.500%, 31-AUG-2033"
"2026-10-08T0805","91282CRM5","Bond",0.05,"2033-09-30",98.813,98.827,"UNITED STATES TREAS SER Q-2033, 5.000%, 30-SEP-2033"
"2026-10-08T0805","912821NP6","STRIP","","2033-11-15",69.267,69.385,"U S TREAS NT STRIPPED PRIN PMT, 0.000%, 15-NOV-2033"
"2026-10-08T0805","91282CJJ1","Bond",0.045,"2033-11-15",95.763,95.78,"UNITED STATES TREAS SER F-2033, 4.500%, 15-NOV-2033"
"2026-10-08T0805","9128337U8","STRIP","","2033-11-15",68.833,68.936,"U S TREAS SEC STRIPPED INT PMT, 0.000%, 15-NOV-2033"
"2026-10-08T0805","91282CJY8","TIPS",0.0175,"2034-01-15",93.112,93.144,"UNITED STATES TREAS NTS SER A-2034, 1.750%, 15-JAN-2034"
"2026-10-08T0805","912821PD1","STRIP","","2034-02-15",68.273,68.381,"U S TREAS NT STRIPPED PRIN PMT, 0.000%, 15-FEB-2034"
"2026-10-08T0805","91282CJZ5","Bond",0.04,"2034-02-15",92.511,92.529,"UNITED STATES TREAS SER B-2034, 4.000%, 15-FEB-2034"
"2026-10-08T0805","9128334X5","STRIP","","2034-02-15",67.799,67.927,"U S TREAS SEC STRIPPED INT PMT, 0.000%, 15-FEB-2034"
"2026-10-08T0805","912821PT6","STRIP","","2034-05-15",67.368,67.494,"U S TREAS NT STRIPPED PRIN PMT, 0.000%, 15-MAY-2034"
"2026-10-08T0805","91282CKQ3","Bond",0.04375,"2034-05-15",94.583,94.61,"UNITED STATES TREAS SER C-2034, 4.375%, 15-MAY-2034"
"2026-10-08T0805","9128337V6","STRIP","","2034-05-15",66.872,66.985,"U S TREAS SEC STRIPPED INT PMT, 0.000%, 15-MAY-2034"
"2026-10-08T0805","91282CLE9","TIPS",0.01875,"2034-07-15",93.611,93.642,"UNITED STATES TREAS NTS SER D-2034, 1.875%, 15-JUL-2034"
"2026-10-08T0805","912821QH1","STRIP","","2034-08-15",66.426,66.529,"U S TREAS NT STRIPPED PRIN PMT, 0.000%, 15-AUG-2034"
"2026-10-08T0805","91282CLF6","Bond",0.03875,"2034-08-15",91.158,91.176,"UNITED STATES TREAS SER E-2034, 3.875%, 15-AUG-2034"
"2026-10-08T0805","9128334Y3","STRIP","","2034-08-15",65.863,65.993,"U S TREAS SEC STRIPPED INT PMT, 0.000%, 15-AUG-2034"
"2026-10-08T0805","912821QX6","STRIP","","2034-11-15",65.481,65.625,"U S TREAS NT STRIPPED PRIN PMT, 0.000%, 15-NOV-2034"
"2026-10-08T0805","91282CLW9","Bond",0.0425,"2034-11-15",93.316,93.336,"UNITED STATES TREAS SER F-2034, 4.250%, 15-NOV-2034"
"2026-10-08T0805","9128337W4","STRIP","","2034-11-15",64.903,65.053,"U S TREAS SEC STRIPPED INT PMT, 0.000%, 15-NOV-2034"
"2026-10-08T0805","91282CML2","TIPS",0.02125,"2035-01-15",94.516,94.551,"UNITED STATES TREAS NTS SER A-2035, 2.125%, 15-JAN-2035"
"2026-10-08T0805","912821RM9","STRIP","","2035-02-15",64.527,64.649,"U S TREAS NT STRIPPED PRIN PMT, 0.000%, 15-FEB-2035"
"2026-10-08T0805","91282CMM0","Bond",0.04625,"2035-02-15",95.568,95.584,"UNITED STATES TREAS SER B-2035, 4.625%, 15-FEB-2035"
"2026-10-08T0805","9128334Z0","STRIP","","2035-02-15",64.008,64.132,"U S TREAS SEC STRIPPED INT PMT, 0.000%, 15-FEB-2035"
"2026-10-08T0805","912821SB2","STRIP","","2035-05-15",63.621,63.752,"U S TREAS NT STRIPPED PRIN PMT, 0.000%, 15-MAY-2035"
"2026-10-08T0805","91282CNC1","Bond",0.0425,"2035-05-15",92.838,92.856,"UNITED STATES TREAS SER C-2035, 4.250%, 15-MAY-2035"
"2026-10-08T0805","912833X88","STRIP","","2035-05-15",63.136,63.247,"U S TREAS SEC STRIPPED INT PMT, 0.000%, 15-MAY-2035"
"2026-10-08T0805","91282CNS6","TIPS",0.01875,"2035-07-15",92.253,92.285,"UNITED STATES TREAS NTS SER D-2035, 1.875%, 15-JUL-2035"
"2026-10-08T0805","912821SR7","STRIP","","2035-08-15",62.752,62.892,"U S TREAS NT STRIPPED PRIN PMT, 0.000%, 15-AUG-2035"
"2026-10-08T0805","91282CNT4","Bond",0.0425,"2035-08-15",92.598,92.613,"UNITED STATES TREAS SER E-2035, 4.250%, 15-AUG-2035"
"2026-10-08T0805","9128335A4","STRIP","","2035-08-15",62.189,62.304,"U S TREAS SEC STRIPPED INT PMT, 0.000%, 15-AUG-2035"
"2026-10-08T0805","912821TF2","STRIP","","2035-11-15",61.833,62.029,"U S TREAS NT STRIPPED PRIN PMT, 0.000%, 15-NOV-2035"
"2026-10-08T0805","91282CPJ4","Bond",0.04,"2035-11-15",90.578,90.585,"UNITED STATES TREAS SER F-2035, 4.000%, 15-NOV-2035"
"2026-10-08T0805","912833X96","STRIP","","2035-11-15",61.301,61.417,"U S TREAS SEC STRIPPED INT PMT, 0.000%, 15-NOV-2035"
"2026-10-08T0805","91282CPU9","TIPS",0.01875,"2036-01-15",91.388,91.422,"UNITED STATES TREAS NTS SER A-2036, 1.875%, 15-JAN-2036"
"2026-10-08T0805","912803CX9","STRIP","","2036-02-15",61.966,62.099,"UNITED STATES TREAS BD STRIPP ZERO CPN, 0.000%, 15-FEB-2036"
"2026-10-08T0805","912810FT0","Bond",0.045,"2036-02-15",94.925,95.016,"UNITED STATES TREAS SER BONDS OF FEBRUARY 2036, 4.500%, 15-FEB-2036"
"2026-10-08T0805","91282CPZ8","Bond",0.04125,"2036-02-15",91.265,91.275,"UNITED STATES TREAS SER B-2036, 4.125%, 15-FEB-2036"
"2026-10-08T0805","9128335B2","STRIP","","2036-02-15",60.462,60.63,"U S TREAS SEC STRIPPED INT PMT, 0.000%, 15-FEB-2036"
"2026-10-08T0805","912821UK9","STRIP","","2036-05-15",60.246,60.344,"U S TREAS NT STRIPPED PRIN PMT, 0.000%, 15-MAY-2036"
"2026-10-08T0805","91282CQQ7","Bond",0.04375,"2036-05-15",92.894,92.898,"UNITED STATES TREAS SER C-2036, 4.375%, 15-MAY-2036"
"2026-10-08T0805","912833Y20","STRIP","","2036-05-15",59.585,59.744,"U S TREAS SEC STRIPPED INT PMT, 0.000%, 15-MAY-2036"
"2026-10-08T0805","91282CRE3","TIPS",0.02375,"2036-07-15",95.215,95.249,"UNITED STATES TREAS NTS SER D-2036, 2.375%, 15-JUL-2036"
"2026-10-08T0805","91282CRF0","Bond",0.04625,"2036-08-15",94.627,94.639,"UNITED STATES TREAS NTS, 4.625%, 15-AUG-2036"
"2026-10-08T0805","9128337E4","STRIP","","2036-08-15",58.716,58.864,"U S TREAS SEC STRIPPED INT PMT, 0.000%, 15-AUG-2036"
"2026-10-08T0805","912833Y38","STRIP","","2036-11-15",57.877,58.037,"U S TREAS SEC STRIPPED INT PMT, 0.000%, 15-NOV-2036"
"2026-10-08T0805","912803CZ4","STRIP","","2037-02-15",58.417,58.527,"UNITED STATES TREAS BD STRIPP ZERO CPN, 0.000%, 15-FEB-2037"
"2026-10-08T0805","912810PT9","Bond",0.0475,"2037-02-15",95.898,96.004,"UNITED STATES TREAS BDS, 4.750%, 15-FEB-2037"
"2026-10-08T0805","9128337F1","STRIP","","2037-02-15",56.962,57.107,"U S TREAS SEC STRIPPED INT PMT, 0.000%, 15-FEB-2037"
"2026-10-08T0805","912803DA8","STRIP","","2037-05-15",57.639,57.738,"UNITED STATES TREAS BD STRIPP ZERO CPN, 0.000%, 15-MAY-2037"
"2026-10-08T0805","912810PU6","Bond",0.05,"2037-05-15",97.827,97.922,"UNITED STATES TREAS BDS, 5.000%, 15-MAY-2037"
"2026-10-08T0805","912833Y46","STRIP","","2037-05-15",56.161,56.31,"U S TREAS SEC STRIPPED INT PMT, 0.000%, 15-MAY-2037"
"2026-10-08T0805","912833Z52","STRIP","","2037-08-15",55.341,55.462,"U S TREAS SEC STRIPPED INT PMT, 0.000%, 15-AUG-2037"
"2026-10-08T0805","912834AD0","STRIP","","2037-11-15",54.43,54.573,"U S TREAS SEC STRIPPED INT PMT, 0.000%, 15-NOV-2037"
"2026-10-08T0805","912803DC4","STRIP","","2038-02-15",55.268,55.379,"UNITED STATES TREAS BD STRIPP ZERO CPN, 0.000%, 15-FEB-2038"
"2026-10-08T0805","912810PW2","Bond",0.04375,"2038-02-15",92.153,92.266,"UNITED STATES TREAS BDS, 4.375%, 15-FEB-2038"
"2026-10-08T0805","912833Z60","STRIP","","2038-02-15",53.642,53.797,"U S TREAS SEC STRIPPED INT PMT, 0.000%, 15-FEB-2038"
"2026-10-08T0805","912803DD2","STRIP","","2038-05-15",54.277,54.384,"UNITED STATES TREAS BD STRIPP ZERO CPN, 0.000%, 15-MAY-2038"
"2026-10-08T0805","912810PX0","Bond",0.045,"2038-05-15",92.841,92.932,"UNITED STATES TREAS BDS, 4.500%, 15-MAY-2038"
"2026-10-08T0805","912834AE8","STRIP","","2038-05-15",52.756,52.902,"U S TREAS SEC STRIPPED INT PMT, 0.000%, 15-MAY-2038"
"2026-10-08T0805","912834AT5","STRIP","","2038-08-15",51.979,52.123,"U S TREAS SEC STRIPPED INT PMT, 0.000%, 15-AUG-2038"
"2026-10-08T0805","912834DU9","STRIP","","2038-11-15",51.147,51.299,"U S TREAS SEC STRIPPED INT PMT, 0.000%, 15-NOV-2038"
"2026-10-08T0805","912803DF7","STRIP","","2039-02-15",51.809,51.927,"UNITED STATES TREAS BD STRIPP ZERO CPN, 0.000%, 15-FEB-2039"
"2026-10-08T0805","912810QA9","Bond",0.035,"2039-02-15",83.116,83.196,"UNITED STATES TREAS BDS, 3.500%, 15-FEB-2039"
"2026-10-08T0805","912834AU2","STRIP","","2039-02-15",50.322,50.465,"U S TREAS SEC STRIPPED INT PMT, 0.000%, 15-FEB-2039"
"2026-10-08T0805","912803DG5","STRIP","","2039-05-15",50.703,50.812,"UNITED STATES TREAS BD STRIPP ZERO CPN, 0.000%, 15-MAY-2039"
"2026-10-08T0805","912810QB7","Bond",0.0425,"2039-05-15",89.268,89.344,"UNITED STATES TREAS BDS, 4.250%, 15-MAY-2039"
"2026-10-08T0805","912834DV7","STRIP","","2039-05-15",49.516,49.68,"U S TREAS SEC STRIPPED INT PMT, 0.000%, 15-MAY-2039"
"2026-10-08T0805","912803DH3","STRIP","","2039-08-15",49.772,49.889,"UNITED STATES TREAS BD STRIPP ZERO CPN, 0.000%, 15-AUG-2039"
"2026-10-08T0805","912810QC5","Bond",0.045,"2039-08-15",91.141,91.211,"UNITED STATES TREAS BDS, 4.500%, 15-AUG-2039"
"2026-10-08T0805","912834EP9","STRIP","","2039-08-15",48.734,48.88,"U S TREAS SEC STRIPPED INT PMT, 0.000%, 15-AUG-2039"
"2026-10-08T0805","912803DJ9","STRIP","","2039-11-15",48.969,49.033,"UNITED STATES TREAS BD STRIPP ZERO CPN, 0.000%, 15-NOV-2039"
"2026-10-08T0805","912810QD3","Bond",0.04375,"2039-11-15",89.691,89.754,"UNITED STATES TREAS BDS, 4.375%, 15-NOV-2039"
"2026-10-08T0805","912834EV6","STRIP","","2039-11-15",47.988,48.145,"U S TREAS SEC STRIPPED INT PMT, 0.000%, 15-NOV-2039"
"2026-10-08T0805","912803DK6","STRIP","","2040-02-15",48.193,48.292,"UNITED STATES TREAS BD STRIPP ZERO CPN, 0.000%, 15-FEB-2040"
"2026-10-08T0805","912810QE1","Bond",0.04625,"2040-02-15",91.785,91.855,"UNITED STATES TREAS BDS, 4.625%, 15-FEB-2040"
"2026-10-08T0805","912810QF8","TIPS",0.02125,"2040-02-15",88.73,88.87,"UNITED STATES TREAS BDS, 2.125%, 15-FEB-2040"
"2026-10-08T0805","912834FB9","STRIP","","2040-02-15",47.21,47.343,"U S TREAS SEC STRIPPED INT PMT, 0.000%, 15-FEB-2040"
"2026-10-08T0805","912803DM2","STRIP","","2040-05-15",47.432,47.526,"UNITED STATES TREAS BD STRIPP ZERO CPN, 0.000%, 15-MAY-2040"
"2026-10-08T0805","912810QH4","Bond",0.04375,"2040-05-15",89.167,89.238,"UNITED STATES TREAS BDS, 4.375%, 15-MAY-2040"
"2026-10-08T0805","912810SR0","Bond",0.01125,"2040-05-15",57.996,58.082,"UNITED STATES TREAS SER BONDS OF MAY 2040, 1.125%, 15-MAY-2040"
"2026-10-08T0805","912834HV3","STRIP","","2040-05-15",46.425,46.604,"U S TREAS SEC STRIPPED INT PMT, 0.000%, 15-MAY-2040"
"2026-10-08T0805","912803DN0","STRIP","","2040-08-15",46.661,46.754,"UNITED STATES TREAS BD STRIPP ZERO CPN, 0.000%, 15-AUG-2040"
"2026-10-08T0805","912810QK7","Bond",0.03875,"2040-08-15",84.077,84.141,"UNITED STATES TREAS BDS, 3.875%, 15-AUG-2040"
"2026-10-08T0805","912810SQ2","Bond",0.01125,"2040-08-15",57.327,57.391,"UNITED STATES TREAS SER BONDS OF AUGUST 2040, 1.125%, 15-AUG-2040"
"2026-10-08T0805","912834JB5","STRIP","","2040-08-15",45.702,45.825,"U S TREAS SEC STRIPPED INT PMT, 0.000%, 15-AUG-2040"
"2026-10-08T0805","912803DP5","STRIP","","2040-11-15",45.891,45.99,"UNITED STATES TREAS BD STRIPP ZERO CPN, 0.000%, 15-NOV-2040"
"2026-10-08T0805","912810QL5","Bond",0.0425,"2040-11-15",87.382,87.465,"UNITED STATES TREAS BDS, 4.250%, 15-NOV-2040"
"2026-10-08T0805","912810ST6","Bond",0.01375,"2040-11-15",59.123,59.19,"UNITED STATES TREAS SER BONDS OF NOVEMBER 2040, 1.375%, 15-NOV-2040"
"2026-10-08T0805","912834JH2","STRIP","","2040-11-15",44.889,45.049,"U S TREAS SEC STRIPPED INT PMT, 0.000%, 15-NOV-2040"
"2026-10-08T0805","912803DQ3","STRIP","","2041-02-15",45.072,45.166,"UNITED STATES TREAS BD STRIPP ZERO CPN, 0.000%, 15-FEB-2041"
"2026-10-08T0805","912803FW8","STRIP","","2041-02-15",44.686,45.277,"UNITED STATES TREAS BD STRIPP ZERO CPN, 0.000%, 15-FEB-2041"
"2026-10-08T0805","912810QN1","Bond",0.0475,"2041-02-15",91.996,92.048,"UNITED STATES TREAS BDS, 4.750%, 15-FEB-2041"
"2026-10-08T0805","912810QP6","TIPS",0.02125,"2041-02-15",87.465,87.596,"UNITED STATES TREAS BDS, 2.125%, 15-FEB-2041"
"2026-10-08T0805","912810SW9","Bond",0.01875,"2041-02-15",63.47,63.528,"UNITED STATES TREAS SER BONDS OF FEBRUARY 2041, 1.875%, 15-FEB-2041"
"2026-10-08T0805","912834JP4","STRIP","","2041-02-15",44.072,44.221,"U S TREAS SEC STRIPPED INT PMT, 0.000%, 15-FEB-2041"
"2026-10-08T0805","912803DS9","STRIP","","2041-05-15",44.331,44.425,"UNITED STATES TREAS BD STRIPP ZERO CPN, 0.000%, 15-MAY-2041"
"2026-10-08T0805","912810QQ4","Bond",0.04375,"2041-05-15",88.027,88.088,"UNITED STATES TREAS BDS, 4.375%, 15-MAY-2041"
"2026-10-08T0805","912810SY5","Bond",0.0225,"2041-05-15",66.644,66.7,"UNITED STATES TREAS SER BONDS OF MAY 2041, 2.250%, 15-MAY-2041"
"2026-10-08T0805","912834KH0","STRIP","","2041-05-15",43.365,43.503,"U S TREAS SEC STRIPPED INT PMT, 0.000%, 15-MAY-2041"
"2026-10-08T0805","912803DT7","STRIP","","2041-08-15",43.611,43.726,"UNITED STATES TREAS BD STRIPP ZERO CPN, 0.000%, 15-AUG-2041"
"2026-10-08T0805","912810QS0","Bond",0.0375,"2041-08-15",81.449,81.508,"UNITED STATES TREAS BDS, 3.750%, 15-AUG-2041"
"2026-10-08T0805","912810TA6","Bond",0.0175,"2041-08-15",61.128,61.176,"UNITED STATES TREAS SER BONDS OF AUGUST 2041, 1.750%, 15-AUG-2041"
"2026-10-08T0805","912834KP2","STRIP","","2041-08-15",42.625,42.783,"U S TREAS SEC STRIPPED INT PMT, 0.000%, 15-AUG-2041"
"2026-10-08T0805","912803DU4","STRIP","","2041-11-15",42.773,42.873,"UNITED STATES TREAS BD STRIPP ZERO CPN, 0.000%, 15-NOV-2041"
"2026-10-08T0805","912810QT8","Bond",0.03125,"2041-11-15",74.648,74.692,"UNITED STATES TREAS BDS, 3.125%, 15-NOV-2041"
"2026-10-08T0805","912810TC2","Bond",0.02,"2041-11-15",63.109,63.156,"UNITED STATES TREAS SER BONDS OF NOVEMBER 2041, 2.000%, 15-NOV-2041"
"2026-10-08T0805","912834KV9","STRIP","","2041-11-15",41.895,42.045,"U S TREAS SEC STRIPPED INT PMT, 0.000%, 15-NOV-2041"
"2026-10-08T0805","912803DV2","STRIP","","2042-02-15",41.979,42.08,"UNITED STATES TREAS BD STRIPP ZERO CPN, 0.000%, 15-FEB-2042"
"2026-10-08T0805","912810QU5","Bond",0.03125,"2042-02-15",74.164,74.223,"UNITED STATES TREAS BDS, 3.125%, 15-FEB-2042"
"2026-10-08T0805","912810QV3","TIPS",0.0075,"2042-02-15",69.513,69.648,"UNITED STATES TREAS BDS, 0.750%, 15-FEB-2042"
"2026-10-08T0805","912810TF5","Bond",0.02375,"2042-02-15",66.445,66.497,"UNITED STATES TREAS SER BONDS OF FEBRUARY 2042, 2.375%, 15-FEB-2042"
"2026-10-08T0805","912834LB2","STRIP","","2042-02-15",41.155,41.296,"U S TREAS SEC STRIPPED INT PMT, 0.000%, 15-FEB-2042"
"2026-10-08T0805","912803DX8","STRIP","","2042-05-15",41.323,41.398,"UNITED STATES TREAS BD STRIPP ZERO CPN, 0.000%, 15-MAY-2042"
"2026-10-08T0805","912803GJ6","STRIP","","2042-05-15",40.943,42.132,"UNITED STATES TREAS BD STRIPP ZERO CPN, 0.000%, 15-MAY-2042"
"2026-10-08T0805","912810QW1","Bond",0.03,"2042-05-15",72.535,72.598,"UNITED STATES TREAS BDS, 3.000%, 15-MAY-2042"
"2026-10-08T0805","912810TH1","Bond",0.0325,"2042-05-15",75.097,75.153,"UNITED STATES TREAS SER BONDS OF MAY 2042, 3.250%, 15-MAY-2042"
"2026-10-08T0805","912834LK2","STRIP","","2042-05-15",40.499,40.663,"U S TREAS SEC STRIPPED INT PMT, 0.000%, 15-MAY-2042"
"2026-10-08T0805","912803DY6","STRIP","","2042-08-15",40.634,40.735,"UNITED STATES TREAS BD STRIPP ZERO CPN, 0.000%, 15-AUG-2042"
"2026-10-08T0805","912810QX9","Bond",0.0275,"2042-08-15",69.48,69.54,"UNITED STATES TREAS BDS, 2.750%, 15-AUG-2042"
"2026-10-08T0805","912810TK4","Bond",0.03375,"2042-08-15",76.078,76.129,"UNITED STATES TREAS SER BONDS OF AUGUST 2042, 3.375%, 15-AUG-2042"
"2026-10-08T0805","912834LR7","STRIP","","2042-08-15",39.803,39.96,"U S TREAS SEC STRIPPED INT PMT, 0.000%, 15-AUG-2042"
"2026-10-08T0805","912803DZ3","STRIP","","2042-11-15",39.949,40.042,"UNITED STATES TREAS BD STRIPP ZERO CPN, 0.000%, 15-NOV-2042"
"2026-10-08T0805","912810QY7","Bond",0.0275,"2042-11-15",69.054,69.118,"UNITED STATES TREAS BDS, 2.750%, 15-NOV-2042"
"2026-10-08T0805","912810TM0","Bond",0.04,"2042-11-15",82.311,82.349,"UNITED STATES TREAS SER BONDS OF NOVEMBER 2042, 4.000%, 15-NOV-2042"
"2026-10-08T0805","912834LX4","STRIP","","2042-11-15",39.072,39.229,"U S TREAS SEC STRIPPED INT PMT, 0.000%, 15-NOV-2042"
"2026-10-08T0805","912803EA7","STRIP","","2043-02-15",39.243,39.339,"UNITED STATES TREAS BD STRIPP ZERO CPN, 0.000%, 15-FEB-2043"
"2026-10-08T0805","912810QZ4","Bond",0.03125,"2043-02-15",72.632,72.681,"UNITED STATES TREAS BDS, 3.125%, 15-FEB-2043"
"2026-10-08T0805","912810RA8","TIPS",0.00625,"2043-02-15",66.185,66.313,"UNITED STATES TREAS BDS, 0.625%, 15-FEB-2043"
"2026-10-08T0805","912810TQ1","Bond",0.03875,"2043-02-15",80.707,80.754,"UNITED STATES TREAS SER BONDS OF FEBRUARY 2043, 3.875%, 15-FEB-2043"
"2026-10-08T0805","912834MD7","STRIP","","2043-02-15",38.467,38.626,"U S TREAS SEC STRIPPED INT PMT, 0.000%, 15-FEB-2043"
"2026-10-08T0805","912803EC3","STRIP","","2043-05-15",38.608,38.702,"UNITED STATES TREAS BD STRIPP ZERO CPN, 0.000%, 15-MAY-2043"
"2026-10-08T0805","912810RB6","Bond",0.02875,"2043-05-15",69.636,69.693,"UNITED STATES TREAS BDS, 2.875%, 15-MAY-2043"
"2026-10-08T0805","912810TS7","Bond",0.03875,"2043-05-15",80.461,80.475,"UNITED STATES TREAS SER BONDS OF MAY 2043, 3.875%, 15-MAY-2043"
"2026-10-08T0805","912834MM7","STRIP","","2043-05-15",37.801,37.987,"U S TREAS SEC STRIPPED INT PMT, 0.000%, 15-MAY-2043"
"2026-10-08T0805","912803ED1","STRIP","","2043-08-15",37.978,38.07,"UNITED STATES TREAS BD STRIPP ZERO CPN, 0.000%, 15-AUG-2043"
"2026-10-08T0805","912810RC4","Bond",0.03625,"2043-08-15",77.414,77.447,"UNITED STATES TREAS BDS, 3.625%, 15-AUG-2043"
"2026-10-08T0805","912810TU2","Bond",0.04375,"2043-08-15",85.59,85.634,"UNITED STATES TREAS SER BONDS OF AUGUST 2043, 4.375%, 15-AUG-2043"
"2026-10-08T0805","912834MT2","STRIP","","2043-08-15",37.148,37.292,"U S TREAS SEC STRIPPED INT PMT, 0.000%, 15-AUG-2043"
"2026-10-08T0805","912803EE9","STRIP","","2043-11-15",37.351,37.454,"UNITED STATES TREAS BD STRIPP ZERO CPN, 0.000%, 15-NOV-2043"
"2026-10-08T0805","912810RD2","Bond",0.0375,"2043-11-15",78.485,78.543,"UNITED STATES TREAS BDS, 3.750%, 15-NOV-2043"
"2026-10-08T0805","912810TW8","Bond",0.0475,"2043-11-15",89.522,89.556,"UNITED STATES TREAS SER BONDS OF NOVEMBER 2043, 4.750%, 15-NOV-2043"
"2026-10-08T0805","912834MZ8","STRIP","","2043-11-15",36.549,36.719,"U S TREAS SEC STRIPPED INT PMT, 0.000%, 15-NOV-2043"
"2026-10-08T0805","912803EF6","STRIP","","2044-02-15",36.747,36.834,"UNITED STATES TREAS BD STRIPP ZERO CPN, 0.000%, 15-FEB-2044"
"2026-10-08T0805","912810RE0","Bond",0.03625,"2044-02-15",76.824,76.862,"UNITED STATES TREAS SER BONDS OF FEB 2044, 3.625%, 15-FEB-2044"
"2026-10-08T0805","912810RF7","TIPS",0.01375,"2044-02-15",74.171,74.288,"UNITED STATES TREAS BDS, 1.375%, 15-FEB-2044"
"2026-10-08T0805","912810TZ1","Bond",0.045,"2044-02-15",86.531,86.581,"UNITED STATES TREAS SER BONDS OF FEBRUARY 2044, 4.500%, 15-FEB-2044"
"2026-10-08T0805","912834NF1","STRIP","","2044-02-15",35.927,36.07,"U S TREAS SEC STRIPPED INT PMT, 0.000%, 15-FEB-2044"
"2026-10-08T0805","912803EH2","STRIP","","2044-05-15",36.215,36.313,"UNITED STATES TREAS BD STRIPP ZERO CPN, 0.000%, 15-MAY-2044"
"2026-10-08T0805","912810RG5","Bond",0.03375,"2044-05-15",73.839,73.88,"UNITED STATES TREAS BDS, 3.375%, 15-MAY-2044"
"2026-10-08T0805","912810UB2","Bond",0.04625,"2044-05-15",87.771,87.817,"UNITED STATES TREAS SER BONDS OF MAY 2044, 4.625%, 15-MAY-2044"
"2026-10-08T0805","912834NP9","STRIP","","2044-05-15",35.389,35.526,"U S TREAS SEC STRIPPED INT PMT, 0.000%, 15-MAY-2044"
"2026-10-08T0805","912803EJ8","STRIP","","2044-08-15",35.628,35.736,"UNITED STATES TREAS BD STRIPP ZERO CPN, 0.000%, 15-AUG-2044"
"2026-10-08T0805","912810RH3","Bond",0.03125,"2044-08-15",70.742,70.797,"UNITED STATES TREAS BDS, 3.125%, 15-AUG-2044"
"2026-10-08T0805","912810UD8","Bond",0.04125,"2044-08-15",81.964,82.011,"UNITED STATES TREAS SER BONDS OF AUGUST 2044, 4.125%, 15-AUG-2044"
"2026-10-08T0805","912834NV6","STRIP","","2044-08-15",34.82,34.992,"U S TREAS SEC STRIPPED INT PMT, 0.000%, 15-AUG-2044"
"2026-10-08T0805","912803EK5","STRIP","","2044-11-15",35.074,35.194,"UNITED STATES TREAS BD STRIPP ZERO CPN, 0.000%, 15-NOV-2044"
"2026-10-08T0805","912810RJ9","Bond",0.03,"2044-11-15",69.031,69.086,"UNITED STATES TREAS BDS, 3.000%, 15-NOV-2044"
"2026-10-08T0805","912810UF3","Bond",0.04625,"2044-11-15",87.406,87.438,"UNITED STATES TREAS SER BONDS OF NOVEMBER 2044, 4.625%, 15-NOV-2044"
"2026-10-08T0805","912834PB8","STRIP","","2044-11-15",34.334,34.486,"U S TREAS SEC STRIPPED INT PMT, 0.000%, 15-NOV-2044"
"2026-10-08T0805","912803EL3","STRIP","","2045-02-15",34.566,34.655,"UNITED STATES TREAS BD STRIPP ZERO CPN, 0.000%, 15-FEB-2045"
"2026-10-08T0805","912810RK6","Bond",0.025,"2045-02-15",63.074,63.125,"UNITED STATES TREAS BDS, 2.500%, 15-FEB-2045"
"2026-10-08T0805","912810RL4","TIPS",0.0075,"2045-02-15",64.186,64.297,"UNITED STATES TREAS BDS, 0.750%, 15-FEB-2045"
"2026-10-08T0805","912810UJ5","Bond",0.0475,"2045-02-15",88.711,88.72,"UNITED STATES TREAS SER BONDS OF FEBRUARY 2045, 4.750%, 15-FEB-2045"
"2026-10-08T0805","912834PH5","STRIP","","2045-02-15",33.743,33.901,"U S TREAS SEC STRIPPED INT PMT, 0.000%, 15-FEB-2045"
"2026-10-08T0805","912803EN9","STRIP","","2045-05-15",34.085,34.159,"UNITED STATES TREAS BD STRIPP ZERO CPN, 0.000%, 15-MAY-2045"
"2026-10-08T0805","912810RM2","Bond",0.03,"2045-05-15",68.531,68.586,"UNITED STATES TREAS BDS, 3.000%, 15-MAY-2045"
"2026-10-08T0805","912810UL0","Bond",0.05,"2045-05-15",91.468,91.49,"UNITED STATES TREAS SER BONDS OF MAY 2045, 5.000%, 15-MAY-2045"
"2026-10-08T0805","912834KB3","STRIP","","2045-05-15",33.24,33.409,"U S TREAS SEC STRIPPED INT PMT, 0.000%, 15-MAY-2045"
"2026-10-08T0805","912803EP4","STRIP","","2045-08-15",33.572,33.647,"UNITED STATES TREAS BD STRIPP ZERO CPN, 0.000%, 15-AUG-2045"
"2026-10-08T0805","912810RN0","Bond",0.02875,"2045-08-15",66.807,66.858,"UNITED STATES TREAS BDS, 2.875%, 15-AUG-2045"
"2026-10-08T0805","912810UN6","Bond",0.04875,"2045-08-15",89.917,89.934,"UNITED STATES TREAS SER BONDS OF AUGUST 2045, 4.875%, 15-AUG-2045"
"2026-10-08T0805","912834PM4","STRIP","","2045-08-15",32.758,32.895,"U S TREAS SEC STRIPPED INT PMT, 0.000%, 15-AUG-2045"
"2026-10-08T0805","912803EQ2","STRIP","","2045-11-15",33.083,33.161,"UNITED STATES TREAS BD STRIPP ZERO CPN, 0.000%, 15-NOV-2045"
"2026-10-08T0805","912803HR7","STRIP","","2045-11-15",33.02,33.128,"UNITED STATES TREAS BD STRIPP ZERO CPN, 0.000%, 15-NOV-2045"
"2026-10-08T0805","912810RP5","Bond",0.03,"2045-11-15",68.008,68.062,"UNITED STATES TREAS SER BONDS OF NOVEMBER 2045, 3.000%, 15-NOV-2045"
"2026-10-08T0805","912810UQ9","Bond",0.04625,"2045-11-15",86.924,86.94,"UNITED STATES TREAS SER BONDS OF NOVEMBER 20, 4.625%, 15-NOV-2045"
"2026-10-08T0805","912834PT9","STRIP","","2045-11-15",32.312,32.443,"U S TREAS SEC STRIPPED INT PMT, 0.000%, 15-NOV-2045"
"2026-10-08T0805","912803ER0","STRIP","","2046-02-15",32.614,32.695,"UNITED STATES TREAS BD STRIPP ZERO CPN, 0.000%, 15-FEB-2046"
"2026-10-08T0805","912810RQ3","Bond",0.025,"2046-02-15",61.941,61.991,"UNITED STATES TREAS SER BONDS OF FEBRUARY 2046, 2.500%, 15-FEB-2046"
"2026-10-08T0805","912810RR1","TIPS",0.01,"2046-02-15",66.242,66.351,"UNITED STATES TREAS BDS, 1.000%, 15-FEB-2046"
"2026-10-08T0805","912810UT3","Bond",0.04625,"2046-02-15",86.832,86.844,"UNITED STATES TREAS SER BONDS OF FEBRUAR, 4.625%, 15-FEB-2046"
"2026-10-08T0805","912834PZ5","STRIP","","2046-02-15",31.851,31.997,"U S TREAS SEC STRIPPED INT PMT, 0.000%, 15-FEB-2046"
"2026-10-08T0805","912803ET6","STRIP","","2046-05-15",32.143,32.236,"UNITED STATES TREAS BD STRIPP ZERO CPN, 0.000%, 15-MAY-2046"
"2026-10-08T0805","912810RS9","Bond",0.025,"2046-05-15",61.665,61.699,"UNITED STATES TREAS SER BONDS OF MAY 2046, 2.500%, 15-MAY-2046"
"2026-10-08T0805","912810UV8","Bond",0.05,"2046-05-15",91.165,91.176,"UNITED STATES TREAS SER BONDS, 5.000%, 15-MAY-2046"
"2026-10-08T0805","912834QH4","STRIP","","2046-05-15",31.415,31.531,"U S TREAS SEC STRIPPED INT PMT, 0.000%, 15-MAY-2046"
"2026-10-08T0805","912803EU3","STRIP","","2046-08-15",31.737,31.822,"UNITED STATES TREAS BD STRIPP ZERO CPN, 0.000%, 15-AUG-2046"
"2026-10-08T0805","912810RT7","Bond",0.0225,"2046-08-15",58.456,58.502,"UNITED STATES TREAS BOND, 2.250%, 15-AUG-2046"
"2026-10-08T0805","912810UX4","Bond",0.05125,"2046-08-15",92.656,92.672,"UNITED STATES TREAS SER BONDS, 5.125%, 15-AUG-2046"
"2026-10-08T0805","912834QP6","STRIP","","2046-08-15",30.993,31.131,"U S TREAS SEC STRIPPED INT PMT, 0.000%, 15-AUG-2046"
"2026-10-08T0805","912803EV1","STRIP","","2046-11-15",31.26,31.336,"UNITED STATES TREAS BD STRIPP ZERO CPN, 0.000%, 15-NOV-2046"
"2026-10-08T0805","912810RU4","Bond",0.02875,"2046-11-15",65.632,65.661,"UNITED STATES TREAS SER BONDS OF NOVEMBER 2046, 2.875%, 15-NOV-2046"
"2026-10-08T0805","912834QV3","STRIP","","2046-11-15",30.559,30.688,"U S TREAS SEC STRIPPED INT PMT, 0.000%, 15-NOV-2046"
"2026-10-08T0805","912803EW9","STRIP","","2047-02-15",30.797,30.875,"UNITED STATES TREAS BD STRIPP ZERO CPN, 0.000%, 15-FEB-2047"
"2026-10-08T0805","912810RV2","Bond",0.03,"2047-02-15",66.875,66.918,"UNITED STATES TREAS SER BONDS OF FEBRUARY 2047, 3.000%, 15-FEB-2047"
"2026-10-08T0805","912810RW0","TIPS",0.00875,"2047-02-15",63.031,63.14,"UNITED STATES TREAS BDS TIPS, 0.875%, 15-FEB-2047"
"2026-10-08T0805","912834RB6","STRIP","","2047-02-15",30.107,30.223,"U S TREAS SEC STRIPPED INT PMT, 0.000%, 15-FEB-2047"
"2026-10-08T0805","912803EY5","STRIP","","2047-05-15",30.341,30.432,"UNITED STATES TREAS BD STRIPP ZERO CPN, 0.000%, 15-MAY-2047"
"2026-10-08T0805","912810RX8","Bond",0.03,"2047-05-15",66.65,66.705,"UNITED STATES TREAS SER BONDS OF MAY 2047, 3.000%, 15-MAY-2047"
"2026-10-08T0805","912834RK6","STRIP","","2047-05-15",29.753,29.847,"U S TREAS SEC STRIPPED INT PMT, 0.000%, 15-MAY-2047"
"2026-10-08T0805","912803EZ2","STRIP","","2047-08-15",29.932,30.004,"UNITED STATES TREAS BD STRIPP ZERO CPN, 0.000%, 15-AUG-2047"
"2026-10-08T0805","912810RY6","Bond",0.0275,"2047-08-15",63.412,63.455,"UNITED STATES TREAS SER BONDS OF AUGUST 2047, 2.750%, 15-AUG-2047"
"2026-10-08T0805","912834RR1","STRIP","","2047-08-15",29.365,29.478,"U S TREAS SEC STRIPPED INT PMT, 0.000%, 15-AUG-2047"
"2026-10-08T0805","912803FA6","STRIP","","2047-11-15",29.489,29.571,"UNITED STATES TREAS BD STRIPP ZERO CPN, 0.000%, 15-NOV-2047"
"2026-10-08T0805","912810RZ3","Bond",0.0275,"2047-11-15",63.18,63.238,"UNITED STATES TREAS SER BONDS OF NOVEMBER 2047, 2.750%, 15-NOV-2047"
"2026-10-08T0805","912834SZ2","STRIP","","2047-11-15",28.867,29.037,"U S TREAS SEC STRIPPED INT PMT, 0.000%, 15-NOV-2047"
"2026-10-08T0805","912803FB4","STRIP","","2048-02-15",29.083,29.173,"UNITED STATES TREAS BD STRIPP ZERO CPN, 0.000%, 15-FEB-2048"
"2026-10-08T0805","912810SA7","Bond",0.03,"2048-02-15",66.05,66.098,"UNITED STATES TREAS SER BONDS OF FEBRUARY 2048, 3.000%, 15-FEB-2048"
"2026-10-08T0805","912810SB5","TIPS",0.01,"2048-02-15",63.563,63.671,"UNITED STATES TREAS BONDS, 1.000%, 15-FEB-2048"
"2026-10-08T0805","912834TF5","STRIP","","2048-02-15",28.485,28.647,"U S TREAS SEC STRIPPED INT PMT, 0.000%, 15-FEB-2048"
"2026-10-08T0805","912803FD0","STRIP","","2048-05-15",28.648,28.749,"UNITED STATES TREAS BD STRIPP ZERO CPN, 0.000%, 15-MAY-2048"
"2026-10-08T0805","912810SC3","Bond",0.03125,"2048-05-15",67.401,67.434,"UNITED STATES TREAS SER BONDS OF MAY 2048, 3.125%, 15-MAY-2048"
"2026-10-08T0805","912834TP3","STRIP","","2048-05-15",28.023,28.171,"U S TREAS SEC STRIPPED INT PMT, 0.000%, 15-MAY-2048"
"2026-10-08T0805","912803FE8","STRIP","","2048-08-15",28.242,28.317,"UNITED STATES TREAS BD STRIPP ZERO CPN, 0.000%, 15-AUG-2048"
"2026-10-08T0805","912810SD1","Bond",0.03,"2048-08-15",65.638,65.678,"UNITED STATES TREAS SER BONDS OF AUGUST 2048, 3.000%, 15-AUG-2048"
"2026-10-08T0805","912834TV0","STRIP","","2048-08-15",27.699,27.847,"U S TREAS SEC STRIPPED INT PMT, 0.000%, 15-AUG-2048"
"2026-10-08T0805","912803FF5","STRIP","","2048-11-15",27.835,27.927,"UNITED STATES TREAS BD STRIPP ZERO CPN, 0.000%, 15-NOV-2048"
"2026-10-08T0805","912810SE9","Bond",0.03375,"2048-11-15",70.144,70.186,"UNITED STATES TREAS SER BONDS OF NOVEMBER 2048, 3.375%, 15-NOV-2048"
"2026-10-08T0805","912834UB2","STRIP","","2048-11-15",27.27,27.414,"U S TREAS SEC STRIPPED INT PMT, 0.000%, 15-NOV-2048"
"2026-10-08T0805","912803FG3","STRIP","","2049-02-15",27.45,27.537,"UNITED STATES TREAS BD STRIPP ZERO CPN, 0.000%, 15-FEB-2049"
"2026-10-08T0805","912810SF6","Bond",0.03,"2049-02-15",65.25,65.285,"UNITED STATES TREAS SER BONDS OF FEBRUARY 2049, 3.000%, 15-FEB-2049"
"2026-10-08T0805","912810SG4","TIPS",0.01,"2049-02-15",62.461,62.569,"UNITED STATES TREAS BDS, 1.000%, 15-FEB-2049"
"2026-10-08T0805","912834UH9","STRIP","","2049-02-15",26.912,27.027,"U S TREAS SEC STRIPPED INT PMT, 0.000%, 15-FEB-2049"
"2026-10-08T0805","912803FJ7","STRIP","","2049-05-15",27.094,27.184,"UNITED STATES TREAS BD STRIPP ZERO CPN, 0.000%, 15-MAY-2049"
"2026-10-08T0805","912810SH2","Bond",0.02875,"2049-05-15",63.504,63.545,"UNITED STATES TREAS SER BONDS OF MAY 2049, 2.875%, 15-MAY-2049"
"2026-10-08T0805","912834UR7","STRIP","","2049-05-15",26.536,26.716,"U S TREAS SEC STRIPPED INT PMT, 0.000%, 15-MAY-2049"
"2026-10-08T0805","912803FK4","STRIP","","2049-08-15",26.724,26.825,"UNITED STATES TREAS BD STRIPP ZERO CPN, 0.000%, 15-AUG-2049"
"2026-10-08T0805","912810SJ8","Bond",0.0225,"2049-08-15",55.368,55.423,"UNITED STATES TREAS SER BONDS OF AUGUST 2049, 2.250%, 15-AUG-2049"
"2026-10-08T0805","912834UY2","STRIP","","2049-08-15",26.144,26.313,"U S TREAS SEC STRIPPED INT PMT, 0.000%, 15-AUG-2049"
"2026-10-08T0805","912803FL2","STRIP","","2049-11-15",26.348,26.428,"UNITED STATES TREAS BD STRIPP ZERO CPN, 0.000%, 15-NOV-2049"
"2026-10-08T0805","912810SK5","Bond",0.02375,"2049-11-15",56.742,56.785,"UNITED STATES TREAS SER BONDS OF NOVEMBER 2049, 2.375%, 15-NOV-2049"
"2026-10-08T0805","912834VE5","STRIP","","2049-11-15",25.811,25.957,"U S TREAS SEC STRIPPED INT PMT, 0.000%, 15-NOV-2049"
"2026-10-08T0805","912803FM0","STRIP","","2050-02-15",26.016,26.09,"UNITED STATES TREAS BD STRIPP ZERO CPN, 0.000%, 15-FEB-2050"
"2026-10-08T0805","912810SL3","Bond",0.02,"2050-02-15",51.747,51.77,"UNITED STATES TREAS SER BONDS OF FEBRUARY 2050, 2.000%, 15-FEB-2050"
"2026-10-08T0805","912810SM1","TIPS",0.0025,"2050-02-15",49.249,49.367,"UNITED STATES TREAS BDS, 0.250%, 15-FEB-2050"
"2026-10-08T0805","912834VM7","STRIP","","2050-02-15",25.53,25.68,"U S TREAS SEC STRIPPED INT PMT, 0.000%, 15-FEB-2050"
"2026-10-08T0805","912803FP3","STRIP","","2050-05-15",25.986,26.077,"UNITED STATES TREAS BD STRIPP ZERO CPN, 0.000%, 15-MAY-2050"
"2026-10-08T0805","912810SN9","Bond",0.0125,"2050-05-15",42.132,42.166,"UNITED STATES TREAS SER BONDS OF MAY 2050, 1.250%, 15-MAY-2050"
"2026-10-08T0805","912834VV7","STRIP","","2050-05-15",25.197,25.337,"U S TREAS SEC STRIPPED INT PMT, 0.000%, 15-MAY-2050"
"2026-10-08T0805","912803FR9","STRIP","","2050-08-15",25.485,25.585,"UNITED STATES TREAS BD STRIPP ZERO CPN, 0.000%, 15-AUG-2050"
"2026-10-08T0805","912810SP4","Bond",0.01375,"2050-08-15",43.333,43.36,"UNITED STATES TREAS SER BONDS OF AUGUST 2050, 1.375%, 15-AUG-2050"
"2026-10-08T0805","912834WC8","STRIP","","2050-08-15",24.826,24.949,"U S TREAS SEC STRIPPED INT PMT, 0.000%, 15-AUG-2050"
"2026-10-08T0805","912803FT5","STRIP","","2050-11-15",24.984,25.083,"UNITED STATES TREAS BD STRIPP ZERO CPN, 0.000%, 15-NOV-2050"
"2026-10-08T0805","912810SS8","Bond",0.01625,"2050-11-15",46.187,46.229,"UNITED STATES TREAS SER BONDS OF NOVEMBER 2050, 1.625%, 15-NOV-2050"
"2026-10-08T0805","912834WJ3","STRIP","","2050-11-15",24.448,24.61,"U S TREAS SEC STRIPPED INT PMT, 0.000%, 15-NOV-2050"
"2026-10-08T0805","912803FV0","STRIP","","2051-02-15",24.593,24.693,"UNITED STATES TREAS BD STRIPP ZERO CPN, 0.000%, 15-FEB-2051"
"2026-10-08T0805","912810SU3","Bond",0.01875,"2051-02-15",49.159,49.188,"UNITED STATES TREAS SER BONDS OF FEBRUARY 2051, 1.875%, 15-FEB-2051"
"2026-10-08T0805","912810SV1","TIPS",0.00125,"2051-02-15",45.897,46.016,"UNITED STATES TREAS BDS, 0.125%, 15-FEB-2051"
"2026-10-08T0805","912834WR5","STRIP","","2051-02-15",24.135,24.276,"U S TREAS SEC STRIPPED INT PMT, 0.000%, 15-FEB-2051"
"2026-10-08T0805","912803FY4","STRIP","","2051-05-15",24.226,24.302,"UNITED STATES TREAS BD STRIPP ZERO CPN, 0.000%, 15-MAY-2051"
"2026-10-08T0805","912810SX7","Bond",0.02375,"2051-05-15",55.503,55.54,"UNITED STATES TREAS SER BONDS OF MAY 2051, 2.375%, 15-MAY-2051"
"2026-10-08T0805","912834WZ7","STRIP","","2051-05-15",23.765,23.908,"U S TREAS SEC STRIPPED INT PMT, 0.000%, 15-MAY-2051"
"2026-10-08T0805","912803GA5","STRIP","","2051-08-15",23.917,24.011,"UNITED STATES TREAS BD STRIPP ZERO CPN, 0.000%, 15-AUG-2051"
"2026-10-08T0805","912810SZ2","Bond",0.02,"2051-08-15",50.343,50.387,"UNITED STATES TREAS SER BONDS OF AUGUST 2051, 2.000%, 15-AUG-2051"
"2026-10-08T0805","912834XG8","STRIP","","2051-08-15",23.515,23.631,"U S TREAS SEC STRIPPED INT PMT, 0.000%, 15-AUG-2051"
"2026-10-08T0805","912803GC1","STRIP","","2051-11-15",23.589,23.679,"UNITED STATES TREAS BD STRIPP ZERO CPN, 0.000%, 15-NOV-2051"
"2026-10-08T0805","912810TB4","Bond",0.01875,"2051-11-15",48.501,48.53,"UNITED STATES TREAS SER BONDS OF NOVEMBER 2051, 1.875%, 15-NOV-2051"
"2026-10-08T0805","912834A65","STRIP","","2051-11-15",23.17,23.302,"U S TREAS SEC STRIPPED INT PMT, 0.000%, 15-NOV-2051"
"2026-10-08T0805","912803GE7","STRIP","","2052-02-15",23.298,23.358,"UNITED STATES TREAS BD STRIPP ZERO CPN, 0.000%, 15-FEB-2052"
"2026-10-08T0805","912810TD0","Bond",0.0225,"2052-02-15",53.302,53.342,"UNITED STATES TREAS SER BONDS OF FEBRUARY 2052, 2.250%, 15-FEB-2052"
"2026-10-08T0805","912810TE8","TIPS",0.00125,"2052-02-15",44.476,44.578,"UNITED STATES TREAS BDS, 0.125%, 15-FEB-2052"
"2026-10-08T0805","912834B56","STRIP","","2052-02-15",22.782,22.93,"U S TREAS SEC STRIPPED INT PMT, 0.000%, 15-FEB-2052"
"2026-10-08T0805","912803GH0","STRIP","","2052-05-15",22.989,23.085,"UNITED STATES TREAS BD STRIPP ZERO CPN, 0.000%, 15-MAY-2052"
"2026-10-08T0805","912810TG3","Bond",0.02875,"2052-05-15",61.5,61.535,"UNITED STATES TREAS SER BONDS OF MAY 2052, 2.875%, 15-MAY-2052"
"2026-10-08T0805","912834C55","STRIP","","2052-05-15",22.486,22.692,"U S TREAS SEC STRIPPED INT PMT, 0.000%, 15-MAY-2052"
"2026-10-08T0805","912803GK3","STRIP","","2052-08-15",22.711,22.797,"UNITED STATES TREAS BD STRIPP ZERO CPN, 0.000%, 15-AUG-2052"
"2026-10-08T0805","912810TJ7","Bond",0.03,"2052-08-15",63.031,63.072,"UNITED STATES TREASURY, 3.000%, 15-AUG-2052"
"2026-10-08T0805","912834D47","STRIP","","2052-08-15",22.288,22.411,"U S TREAS SEC STRIPPED INT PMT, 0.000%, 15-AUG-2052"
"2026-10-08T0805","912803GM9","STRIP","","2052-11-15",22.406,22.485,"UNITED STATES TREAS BD STRIPP ZERO CPN, 0.000%, 15-NOV-2052"
"2026-10-08T0805","912810TL2","Bond",0.04,"2052-11-15",76.421,76.451,"UNITED STATES TREAS SER BONDS OF NOVEMBER 2052, 4.000%, 15-NOV-2052"
"2026-10-08T0805","912834F29","STRIP","","2052-11-15",22.016,22.168,"U S TREAS SEC STRIPPED INT PMT, 0.000%, 15-NOV-2052"
"2026-10-08T0805","912803GP2","STRIP","","2053-02-15",22.156,22.228,"UNITED STATES TREAS BD STRIPP ZERO CPN, 0.000%, 15-FEB-2053"
"2026-10-08T0805","912810TN8","Bond",0.03625,"2053-02-15",71.275,71.313,"UNITED STATES TREAS SER BONDS OF FEBRUARY 2053, 3.625%, 15-FEB-2053"
"2026-10-08T0805","912810TP3","TIPS",0.015,"2053-02-15",66.854,66.957,"UNITED STATES TREAS BDS, 1.500%, 15-FEB-2053"
"2026-10-08T0805","912834F94","STRIP","","2053-02-15",21.575,21.758,"U S TREAS SEC STRIPPED INT PMT, 0.000%, 15-FEB-2053"
"2026-10-08T0805","912803GS6","STRIP","","2053-05-15",21.858,21.928,"UNITED STATES TREAS BD STRIPP ZERO CPN, 0.000%, 15-MAY-2053"
"2026-10-08T0805","912810TR9","Bond",0.03625,"2053-05-15",71.187,71.208,"UNITED STATES TREAS SER BONDS OF MAY 2053, 3.625%, 15-MAY-2053"
"2026-10-08T0805","912834G93","STRIP","","2053-05-15",21.455,21.582,"U S TREAS SEC STRIPPED INT PMT, 0.000%, 15-MAY-2053"
"2026-10-08T0805","912803GU1","STRIP","","2053-08-15",21.571,21.652,"UNITED STATES TREAS BD STRIPP ZERO CPN, 0.000%, 15-AUG-2053"
"2026-10-08T0805","912810TT5","Bond",0.04125,"2053-08-15",77.921,77.958,"UNITED STATES TREAS SER BONDS OF AUGUST 2053, 4.125%, 15-AUG-2053"
"2026-10-08T0805","912834H84","STRIP","","2053-08-15",21.084,21.243,"U S TREAS SEC STRIPPED INT PMT, 0.000%, 15-AUG-2053"
"2026-10-08T0805","912803GW7","STRIP","","2053-11-15",21.315,21.395,"UNITED STATES TREAS BD STRIPP ZERO CPN, 0.000%, 15-NOV-2053"
"2026-10-08T0805","912810TV0","Bond",0.0475,"2053-11-15",86.481,86.504,"UNITED STATES TREAS SER BONDS OF NOVEMBER 2053, 4.750%, 15-NOV-2053"
"2026-10-08T0805","912834J66","STRIP","","2053-11-15",20.856,21.031,"U S TREAS SEC STRIPPED INT PMT, 0.000%, 15-NOV-2053"
"2026-10-08T0805","912803GY3","STRIP","","2054-02-15",21.055,21.146,"UNITED STATES TREAS BD STRIPP ZERO CPN, 0.000%, 15-FEB-2054"
"2026-10-08T0805","912810TX6","Bond",0.0425,"2054-02-15",79.548,79.584,"UNITED STATES TREAS SER BONDS OF FEBRUARY 2054, 4.250%, 15-FEB-2054"
"2026-10-08T0805","912810TY4","TIPS",0.02125,"2054-02-15",77.036,77.146,"UNITED STATES TREAS BDS, 2.125%, 15-FEB-2054"
"2026-10-08T0805","912834K56","STRIP","","2054-02-15",20.457,20.655,"U S TREAS SEC STRIPPED INT PMT, 0.000%, 15-FEB-2054"
"2026-10-08T0805","912803HB2","STRIP","","2054-05-15",20.823,20.898,"UNITED STATES TREAS BD STRIPP ZERO CPN, 0.000%, 15-MAY-2054"
"2026-10-08T0805","912810UA4","Bond",0.04625,"2054-05-15",84.724,84.756,"UNITED STATES TREAS SER BONDS OF MAY 2054, 4.625%, 15-MAY-2054"
"2026-10-08T0805","912834XP8","STRIP","","2054-05-15",20.253,20.392,"U S TREAS SEC STRIPPED INT PMT, 0.000%, 15-MAY-2054"
"2026-10-08T0805","912803HD8","STRIP","","2054-08-15",20.554,20.637,"UNITED STATES TREAS BD STRIPP ZERO CPN, 0.000%, 15-AUG-2054"
"2026-10-08T0805","912810UC0","Bond",0.0425,"2054-08-15",79.488,79.522,"UNITED STATES TREAS SER BONDS OF AUGUST 2054, 4.250%, 15-AUG-2054"
"2026-10-08T0805","912834XW3","STRIP","","2054-08-15",20.088,20.223,"U S TREAS SEC STRIPPED INT PMT, 0.000%, 15-AUG-2054"
"2026-10-08T0805","912803HF3","STRIP","","2054-11-15",20.277,20.347,"UNITED STATES TREAS BD STRIPP ZERO CPN, 0.000%, 15-NOV-2054"
"2026-10-08T0805","912810UE6","Bond",0.045,"2054-11-15",82.914,82.942,"UNITED STATES TREAS SER BONDS OF NOVEMBER 2054, 4.500%, 15-NOV-2054"
"2026-10-08T0805","912834YC6","STRIP","","2054-11-15",19.855,19.995,"U S TREAS SEC STRIPPED INT PMT, 0.000%, 15-NOV-2054"
"2026-10-08T0805","912803HH9","STRIP","","2055-02-15",20.079,20.156,"UNITED STATES TREAS BD STRIPP ZERO CPN, 0.000%, 15-FEB-2055"
"2026-10-08T0805","912810UG1","Bond",0.04625,"2055-02-15",84.644,84.668,"UNITED STATES TREAS SER BONDS OF FEBRUARY 2055, 4.625%, 15-FEB-2055"
"2026-10-08T0805","912810UH9","TIPS",0.02375,"2055-02-15",81.131,81.215,"UNITED STATES TREAS BDS, 2.375%, 15-FEB-2055"
"2026-10-08T0805","912834YK8","STRIP","","2055-02-15",19.705,19.879,"U S TREAS SEC STRIPPED INT PMT, 0.000%, 15-FEB-2055"
"2026-10-08T0805","912803HL0","STRIP","","2055-05-15",19.864,19.945,"UNITED STATES TREAS BD STRIPP ZERO CPN, 0.000%, 15-MAY-2055"
"2026-10-08T0805","912810UK2","Bond",0.0475,"2055-05-15",86.429,86.459,"UNITED STATES TREAS SER BONDS OF MAY 2055, 4.750%, 15-MAY-2055"
"2026-10-08T0805","912834YT9","STRIP","","2055-05-15",19.573,19.713,"U S TREAS SEC STRIPPED INT PMT, 0.000%, 15-MAY-2055"
"2026-10-08T0805","912803HN6","STRIP","","2055-08-15",19.612,19.679,"UNITED STATES TREAS BD STRIPP ZERO CPN, 0.000%, 15-AUG-2055"
"2026-10-08T0805","912810UM8","Bond",0.0475,"2055-08-15",86.375,86.407,"UNITED STATES TREAS SER BONDS OF AUGUST 2055, 4.750%, 15-AUG-2055"
"2026-10-08T0805","912834ZA9","STRIP","","2055-08-15",19.414,19.555,"U S TREAS SEC STRIPPED INT PMT, 0.000%, 15-AUG-2055"
"2026-10-08T0805","912803HQ9","STRIP","","2055-11-15",19.368,19.46,"UNITED STATES TREAS BD STRIPP ZERO CPN, 0.000%, 15-NOV-2055"
"2026-10-08T0805","912810UP1","Bond",0.04625,"2055-11-15",84.613,84.631,"UNITED STATES TREAS SER BONDS OF NOVEMBE, 4.625%, 15-NOV-2055"
"2026-10-08T0805","912834ZG6","STRIP","","2055-11-15",19.48,19.634,"U S TREAS SEC STRIPPED INT PMT, 0.000%, 15-NOV-2055"
"2026-10-08T0805","912803HS5","STRIP","","2056-02-15",19.206,19.273,"UNITED STATES TREAS BD STRIPP ZERO CPN, 0.000%, 15-FEB-2056"
"2026-10-08T0805","912810UR7","Bond",0.0475,"2056-02-15",86.417,86.441,"UNITED STATES TREAS SER BONDS OF FEBRUARY 2056, 4.750%, 15-FEB-2056"
"2026-10-08T0805","912810US5","TIPS",0.02375,"2056-02-15",81.053,81.121,"UNITED STATES TREAS BDS, 2.375%, 15-FEB-2056"
"2026-10-08T0805","912834ZP6","STRIP","","2056-02-15",19.117,19.284,"U S TREAS SEC STRIPPED INT PMT, 0.000%, 15-FEB-2056"
"2026-10-08T0805","912803HV8","STRIP","","2056-05-15",19.018,19.098,"UNITED STATES TREAS BD STRIPP ZERO CPN, 0.000%, 15-MAY-2056"
"2026-10-08T0805","912810UU0","Bond",0.05,"2056-05-15",90.027,90.049,"UNITED STATES TREAS SER BONDS, 5.000%, 15-MAY-2056"
"2026-10-08T0805","912834ZX9","STRIP","","2056-05-15",18.891,19.186,"U S TREAS SEC STRIPPED INT PMT, 0.000%, 15-MAY-2056"
"2026-10-08T0805","912803HX4","STRIP","","2056-08-15",18.796,18.874,"UNITED STATES TREAS BD STRIPP ZERO CPN, 0.000%, 15-AUG-2056"
"2026-10-08T0805","912810UW6","Bond",0.05125,"2056-08-15",91.797,91.819,"UNITED STATES TREAS BDS, 5.125%, 15-AUG-2056"
"2026-10-08T0805","912834L48","STRIP","","2056-08-15",19.083,19.332,"U S TREAS SEC STRIPPED INT PMT, 0.000%, 15-AUG-2056"
