cusip, asOfDate, basis, settleDate, maturity, coupon, marketClean, modelClean, priceResidual, marketYtm, modelYtm, residualBp
"912810PS1","2026-10-05T1235","forward-sa-decay","2026-11-01","2027-01-15",0.02375,100.56635,100.556016,0.010334,-0.00399,-0.00349,-5
"912828V49","2026-10-05T1235","forward-sa-decay","2026-11-01","2027-01-15",0.00375,100.151021,100.147697,0.003324,-0.00365,-0.00349,-1.6
"91282CEJ6","2026-10-05T1235","forward-sa-decay","2026-11-01","2027-04-15",0.00125,99.536839,99.567021,-0.030182,0.01152,0.01085,6.7
"9128282L3","2026-10-05T1235","forward-sa-decay","2026-11-01","2027-07-15",0.00375,99.030485,99.009477,0.021008,0.01767,0.01797,-3
"91282CFR7","2026-10-05T1235","forward-sa-decay","2026-11-01","2027-10-15",0.01625,99.422561,99.507801,-0.085241,0.0224,0.02149,9.1
"912810PV4","2026-10-05T1235","forward-sa-decay","2026-11-01","2028-01-15",0.0175,99.32985,99.335324,-0.005473,0.02317,0.02312,0.5
"9128283R9","2026-10-05T1235","forward-sa-decay","2026-11-01","2028-01-15",0.005,97.8576,97.855056,0.002544,0.02315,0.02317,-0.2
"912810FD5","2026-10-05T1235","forward-sa-decay","2026-11-01","2028-04-15",0.03625,101.848134,101.764656,0.083478,0.02324,0.02382,-5.8
"91282CGW5","2026-10-05T1235","forward-sa-decay","2026-11-01","2028-04-15",0.0125,98.461857,98.383218,0.078639,0.02332,0.02388,-5.6
"912828Y38","2026-10-05T1235","forward-sa-decay","2026-11-01","2028-07-15",0.0075,97.348291,97.225525,0.122766,0.02346,0.02422,-7.6
"91282CJH5","2026-10-05T1235","forward-sa-decay","2026-11-01","2028-10-15",0.02375,99.847051,99.877347,-0.030296,0.02455,0.02439,1.6
"912810PZ5","2026-10-05T1235","forward-sa-decay","2026-11-01","2029-01-15",0.025,100.124895,100.102118,0.022777,0.02441,0.02451,-1
"9128285W6","2026-10-05T1235","forward-sa-decay","2026-11-01","2029-01-15",0.00875,96.652765,96.62805,0.024715,0.02444,0.02456,-1.2
"912810FH6","2026-10-05T1235","forward-sa-decay","2026-11-01","2029-04-15",0.03875,103.344214,103.354321,-0.010107,0.02461,0.02457,0.4
"91282CKL4","2026-10-05T1235","forward-sa-decay","2026-11-01","2029-04-15",0.02125,99.17766,99.20436,-0.026699,0.02472,0.02461,1.1
"9128287D6","2026-10-05T1235","forward-sa-decay","2026-11-01","2029-07-15",0.0025,94.225846,94.214089,0.011757,0.02471,0.02475,-0.4
"91282CLV1","2026-10-05T1235","forward-sa-decay","2026-11-01","2029-10-15",0.01625,97.391462,97.556268,-0.164806,0.02547,0.02488,5.9
"912828Z37","2026-10-05T1235","forward-sa-decay","2026-11-01","2030-01-15",0.00125,92.617839,92.708594,-0.090756,0.02539,0.02508,3.1
"91282CNB3","2026-10-05T1235","forward-sa-decay","2026-11-01","2030-04-15",0.01625,96.929646,97.062859,-0.133212,0.0256,0.02518,4.2
"912828ZZ6","2026-10-05T1235","forward-sa-decay","2026-11-01","2030-07-15",0.00125,91.474742,91.518955,-0.044213,0.02552,0.02539,1.3
"91282CPH8","2026-10-05T1235","forward-sa-decay","2026-11-01","2030-10-15",0.01125,94.481838,94.64934,-0.167502,0.02603,0.02557,4.6
"91282CBF7","2026-10-05T1235","forward-sa-decay","2026-11-01","2031-01-15",0.00125,90.27538,90.27931,-0.00393,0.02581,0.0258,0.1
"91282CQP9","2026-10-05T1235","forward-sa-decay","2026-11-01","2031-04-15",0.0125,94.341098,94.380389,-0.039291,0.02604,0.02594,1
"91282CCM1","2026-10-05T1235","forward-sa-decay","2026-11-01","2031-07-15",0.00125,89.090874,89.035582,0.055292,0.02604,0.02618,-1.4
"91282CDX6","2026-10-05T1235","forward-sa-decay","2026-11-01","2032-01-15",0.00125,87.772555,87.749039,0.023516,0.02656,0.02662,-0.6
"912810FQ6","2026-10-05T1235","forward-sa-decay","2026-11-01","2032-04-15",0.03375,103.630944,103.564334,0.06661,0.02655,0.02668,-1.3
"91282CEZ0","2026-10-05T1235","forward-sa-decay","2026-11-01","2032-07-15",0.00625,89.179965,89.099602,0.080363,0.02683,0.027,-1.7
"91282CGK1","2026-10-05T1235","forward-sa-decay","2026-11-01","2033-01-15",0.01125,90.891616,90.844623,0.046993,0.02731,0.0274,-0.9
"91282CHP9","2026-10-05T1235","forward-sa-decay","2026-11-01","2033-07-15",0.01375,91.575907,91.485897,0.09001,0.0276,0.02775,-1.5
"91282CJY8","2026-10-05T1235","forward-sa-decay","2026-11-01","2034-01-15",0.0175,93.185938,93.111992,0.073946,0.02801,0.02813,-1.2
"91282CLE9","2026-10-05T1235","forward-sa-decay","2026-11-01","2034-07-15",0.01875,93.427639,93.319349,0.10829,0.0283,0.02847,-1.7
"91282CML2","2026-10-05T1235","forward-sa-decay","2026-11-01","2035-01-15",0.02125,94.573513,94.50724,0.066274,0.02872,0.02881,-0.9
"91282CNS6","2026-10-05T1235","forward-sa-decay","2026-11-01","2035-07-15",0.01875,92.081249,92.048323,0.032926,0.02911,0.02916,-0.5
"91282CPU9","2026-10-05T1235","forward-sa-decay","2026-11-01","2036-01-15",0.01875,91.426962,91.39081,0.036151,0.02945,0.0295,-0.5
"91282CRE3","2026-10-05T1235","forward-sa-decay","2026-11-01","2036-07-15",0.02375,94.996162,94.976442,0.01972,0.02972,0.02975,-0.3
"912810QF8","2026-10-05T1235","forward-sa-decay","2026-11-01","2040-02-15",0.02125,89.057478,88.845787,0.211691,0.03138,0.03159,-2.1
"912810QP6","2026-10-05T1235","forward-sa-decay","2026-11-01","2041-02-15",0.02125,87.783622,87.761866,0.021756,0.03197,0.03199,-0.2
"912810QV3","2026-10-05T1235","forward-sa-decay","2026-11-01","2042-02-15",0.0075,69.832814,69.932052,-0.099238,0.03274,0.03264,1
"912810RA8","2026-10-05T1235","forward-sa-decay","2026-11-01","2043-02-15",0.00625,66.454372,66.509973,-0.055602,0.03305,0.03299,0.6
"912810RF7","2026-10-05T1235","forward-sa-decay","2026-11-01","2044-02-15",0.01375,74.406646,74.71055,-0.303903,0.03335,0.03307,2.8
"912810RL4","2026-10-05T1235","forward-sa-decay","2026-11-01","2045-02-15",0.0075,64.378123,64.669264,-0.291141,0.03377,0.03349,2.8
"912810RR1","2026-10-05T1235","forward-sa-decay","2026-11-01","2046-02-15",0.01,66.434287,66.668863,-0.234576,0.03384,0.03363,2.1
"912810RW0","2026-10-05T1235","forward-sa-decay","2026-11-01","2047-02-15",0.00875,63.221731,63.387343,-0.165612,0.03399,0.03384,1.5
"912810SB5","2026-10-05T1235","forward-sa-decay","2026-11-01","2048-02-15",0.01,63.735375,63.907986,-0.17261,0.0341,0.03395,1.5
"912810SG4","2026-10-05T1235","forward-sa-decay","2026-11-01","2049-02-15",0.01,62.656807,62.619018,0.037789,0.03404,0.03407,-0.3
"912810SM1","2026-10-05T1235","forward-sa-decay","2026-11-01","2050-02-15",0.0025,49.470153,49.124116,0.346037,0.03412,0.03445,-3.3
"912810SV1","2026-10-05T1235","forward-sa-decay","2026-11-01","2051-02-15",0.00125,46.083874,45.533268,0.550605,0.03406,0.03458,-5.2
"912810TE8","2026-10-05T1235","forward-sa-decay","2026-11-01","2052-02-15",0.00125,44.692818,44.059464,0.633354,0.03404,0.03463,-5.9
"912810TP3","2026-10-05T1235","forward-sa-decay","2026-11-01","2053-02-15",0.015,66.993654,66.896051,0.097603,0.03412,0.03419,-0.7
"912810TY4","2026-10-05T1235","forward-sa-decay","2026-11-01","2054-02-15",0.02125,77.167834,77.36568,-0.197845,0.03418,0.03405,1.3
"912810UH9","2026-10-05T1235","forward-sa-decay","2026-11-01","2055-02-15",0.02375,81.182151,81.452557,-0.270406,0.03418,0.03401,1.7
"912810US5","2026-10-05T1235","forward-sa-decay","2026-11-01","2056-02-15",0.02375,81.115622,81.063781,0.051842,0.03398,0.03401,-0.3
