cusip, interest_rate, security_term, series, maturity_date, dated_date, report_source, asOfDate, settle_date, fwd_date, settle_clean_price, dated_refcpi, settle_refcpi, fwd_refcpi, settle_mature_sa_ratio, settle_mature_sa_ratio_decay, fwd_mature_sa_ratio, fwd_mature_sa_ratio_decay, repo_rate, fwd_clean_price, settle_ytm, settle_sa_ytm, settle_sa_decay_ytm, forward_ytm, forward_sa_ytm, forward_sa_decay_ytm, settle_sao, forward_sao, settle_sao_tweak, forward_sao_tweak
"91282CDC2",0.00125,5,"AE-2026","2026-10-15","2021-10-15","Market ask","2026-10-08T1235","2026-10-09","2026-11-01",100.053,273.25771,334.19206,334.98,1.00015,1.00015,0.99957,0.99957,0.03917,,-0.03081,-0.0398,-0.0398,,,,-0.02373,,0.00739,
"912810PS1",0.02375,20,"TIPS of January 2027","2027-01-15","2007-01-15","Market ask","2026-10-08T1235","2026-10-09","2026-11-01",100.411,201.66452,334.19206,334.98,1.00435,1.00423,1.00376,1.00365,0.03917,100.273693,0.00824,-0.00797,-0.00752,0.01024,-0.00806,-0.00753,-0.00396,0.0008,0.00739,0.01656
"912828V49",0.00375,10,"A-2027","2027-01-15","2017-01-15","Market ask","2026-10-08T1235","2026-10-09","2026-11-01",99.872,241.55919,334.19206,334.98,1.00435,1.00423,1.00376,1.00365,0.03917,99.859583,0.00857,-0.00772,-0.00727,0.01066,-0.00775,-0.00721,-0.00396,0.0008,0.00739,0.01656
"91282CEJ6",0.00125,5,"X-2027","2027-04-15","2022-04-15","Market ask","2026-10-08T1235","2026-10-09","2026-11-01",99.105,282.3464,334.19206,334.98,1.00628,1.00601,1.0057,1.00543,0.03917,99.10804,0.01875,0.00655,0.00707,0.02112,0.00849,0.00909,0.00739,0.01076,0.00739,0.01656
"9128282L3",0.00375,10,"D-2027","2027-07-15","2017-07-15","Market ask","2026-10-08T1235","2026-10-09","2026-11-01",99.148,244.61839,334.19206,334.98,1.00056,1.0008,0.99998,1.00022,0.03917,99.135503,0.01497,0.01424,0.01392,0.01615,0.01618,0.01583,0.01411,0.01656,0.01411,0.01656
"91282CFR7",0.01625,5,"AE-2027","2027-10-15","2022-10-15","Market ask","2026-10-08T1235","2026-10-09","2026-11-01",99.651,296.22858,334.19206,334.98,1.00015,1.00034,0.99957,0.99976,0.03917,99.559473,0.01973,0.01958,0.01939,0.02094,0.0214,0.02119,0.01802,0.01989,0.01802,0.01989
"912810PV4",0.0175,20,"TIPS of January 2028","2028-01-15","2008-01-15","Market ask","2026-10-08T1235","2026-10-09","2026-11-01",99.19,209.49645,334.19206,334.98,1.00435,1.00422,1.00376,1.00364,0.03917,99.091605,0.02402,0.02053,0.02064,0.0252,0.02202,0.02213,0.02026,0.02173,0.02026,0.02173
"9128283R9",0.005,10,"A-2028","2028-01-15","2018-01-15","Market ask","2026-10-08T1235","2026-10-09","2026-11-01",97.651,246.66571,334.19206,334.98,1.00435,1.00422,1.00376,1.00364,0.03917,97.630528,0.02394,0.02047,0.02057,0.0251,0.02194,0.02204,0.02026,0.02173,0.02026,0.02173
"912810FD5",0.03625,30,"TIPS of April 2028","2028-04-15","1998-04-15","Market ask","2026-10-08T1235","2026-10-09","2026-11-01",101.658,161.74,334.19206,334.98,1.00628,1.00596,1.0057,1.00538,0.03917,101.440525,0.02504,0.02079,0.021,0.02608,0.02205,0.02228,0.02153,0.02274,0.02153,0.02274
"91282CGW5",0.0125,5,"X-2028","2028-04-15","2023-04-15","Market ask","2026-10-08T1235","2026-10-09","2026-11-01",98.137,299.94933,334.19206,334.98,1.00628,1.00596,1.0057,1.00538,0.03917,98.068963,0.0251,0.02089,0.02111,0.02613,0.02214,0.02237,0.02153,0.02274,0.02153,0.02274
"912828Y38",0.0075,10,"D-2028","2028-07-15","2018-07-15","Market ask","2026-10-08T1235","2026-10-09","2026-11-01",97.511,251.01658,334.19206,334.98,1.00056,1.00086,0.99998,1.00027,0.03917,97.474894,0.02194,0.02162,0.02145,0.02269,0.0227,0.02253,0.02226,0.02329,0.02226,0.02329
"91282CJH5",0.02375,5,"AE-2028","2028-10-15","2023-10-15","Market ask","2026-10-08T1235","2026-10-09","2026-11-01",100.184,306.2939,334.19206,334.98,1.00015,1.00042,0.99957,0.99984,0.03917,100.045219,0.02281,0.02273,0.0226,0.02351,0.02374,0.02359,0.0227,0.02361,0.0227,0.02361
"912810PZ5",0.025,20,"TIPS of January 2029","2029-01-15","2009-01-15","Market ask","2026-10-08T1235","2026-10-09","2026-11-01",100.094,214.69971,334.19206,334.98,1.00435,1.00418,1.00376,1.0036,0.03917,99.948849,0.02456,0.02258,0.02266,0.02523,0.02347,0.02355,0.02298,0.02379,0.02298,0.02379
"9128285W6",0.00875,10,"A-2029","2029-01-15","2019-01-15","Market ask","2026-10-08T1235","2026-10-09","2026-11-01",96.528,252.50248,334.19206,334.98,1.00435,1.00418,1.00376,1.0036,0.03917,96.483977,0.02459,0.02264,0.02272,0.02525,0.02351,0.02359,0.02298,0.02379,0.02298,0.02379
"912810FH6",0.03875,30,"TIPS of April 2029","2029-04-15","1999-04-15","Market ask","2026-10-08T1235","2026-10-09","2026-11-01",103.248,164.39333,334.19206,334.98,1.00628,1.00583,1.0057,1.00525,0.03917,103.014929,0.02534,0.02273,0.02292,0.02598,0.02355,0.02374,0.02318,0.02392,0.02318,0.02392
"91282CKL4",0.02125,5,"X-2029","2029-04-15","2024-04-15","Market ask","2026-10-08T1235","2026-10-09","2026-11-01",98.994,309.30787,334.19206,334.98,1.00628,1.00583,1.0057,1.00525,0.03917,98.870858,0.0254,0.02283,0.02301,0.02603,0.02363,0.02382,0.02318,0.02392,0.02318,0.02392
"9128287D6",0.0025,10,"D-2029","2029-07-15","2019-07-15","Market ask","2026-10-08T1235","2026-10-09","2026-11-01",94.424,255.79368,334.19206,334.98,1.00056,1.00095,0.99998,1.00036,0.03917,94.418791,0.02343,0.02323,0.02309,0.02394,0.02395,0.0238,0.02334,0.02404,0.02334,0.02404
"91282CLV1",0.01625,5,"AE-2029","2029-10-15","2024-10-15","Market ask","2026-10-08T1235","2026-10-09","2026-11-01",97.724,314.65561,334.19206,334.98,1.00015,1.00047,0.99957,0.99989,0.03917,97.632261,0.02412,0.02407,0.02396,0.02461,0.02476,0.02465,0.0235,0.02415,0.0235,0.02415
"912828Z37",0.00125,10,"A-2030","2030-01-15","2020-01-15","Market ask","2026-10-08T1235","2026-10-09","2026-11-01",92.527,257.28368,334.19206,334.98,1.00435,1.00417,1.00376,1.00359,0.03917,92.529391,0.02523,0.02388,0.02394,0.02569,0.0245,0.02456,0.02366,0.02427,0.02366,0.02427
"91282CNB3",0.01625,5,"X-2030","2030-04-15","2025-04-15","Market ask","2026-10-08T1235","2026-10-09","2026-11-01",96.793,318.32947,334.19206,334.98,1.00628,1.00574,1.0057,1.00516,0.03917,96.701158,0.02585,0.024,0.02416,0.0263,0.0246,0.02476,0.02382,0.02441,0.02382,0.02441
"912828ZZ6",0.00125,10,"D-2030","2030-07-15","2020-07-15","Market ask","2026-10-08T1235","2026-10-09","2026-11-01",91.691,256.39126,334.19206,334.98,1.00056,1.00101,0.99998,1.00043,0.03917,91.693299,0.02448,0.02433,0.02421,0.02486,0.02487,0.02475,0.024,0.02456,0.024,0.02456
"91282CPH8",0.01125,5,"AE-2030","2030-10-15","2025-10-15","Market ask","2026-10-08T1235","2026-10-09","2026-11-01",94.838,323.4671,334.19206,334.98,1.00015,1.00051,0.99957,0.99993,0.03917,94.777485,0.02483,0.02479,0.0247,0.02521,0.02532,0.02523,0.02419,0.02472,0.02419,0.02472
"91282CBF7",0.00125,10,"A-2031","2031-01-15","2021-01-15","Market ask","2026-10-08T1235","2026-10-09","2026-11-01",90.257,260.31619,334.19206,334.98,1.00435,1.00414,1.00376,1.00357,0.03917,90.259141,0.0255,0.02446,0.02451,0.02585,0.02495,0.02499,0.02438,0.0249,0.02438,0.0249
"91282CQP9",0.0125,5,"X-2031","2031-04-15","2026-04-15","Market ask","2026-10-08T1235","2026-10-09","2026-11-01",94.251,325.9674,334.19206,334.98,1.00628,1.00569,1.0057,1.00511,0.03917,94.182534,0.02608,0.02464,0.02477,0.02643,0.02511,0.02524,0.02458,0.02508,0.02458,0.02508
"91282CCM1",0.00125,10,"D-2031","2031-07-15","2021-07-15","Market ask","2026-10-08T1235","2026-10-09","2026-11-01",89.366,268.0209,334.19206,334.98,1.00056,1.00106,0.99998,1.00048,0.03917,89.368043,0.02506,0.02494,0.02483,0.02537,0.02538,0.02527,0.02479,0.02527,0.02479,0.02527
"91282CDX6",0.00125,10,"A-2032","2032-01-15","2022-01-15","Market ask","2026-10-08T1235","2026-10-09","2026-11-01",87.828,277.20274,334.19206,334.98,1.00435,1.00412,1.00376,1.00354,0.03917,87.829873,0.02614,0.0253,0.02535,0.02644,0.0257,0.02575,0.02525,0.02568,0.02525,0.02568
"912810FQ6",0.03375,30.5,"TIPS of April 2032","2032-04-15","2001-10-15","Market ask","2026-10-08T1235","2026-10-09","2026-11-01",103.734,177.5,334.19206,334.98,1.00628,1.00566,1.0057,1.00508,0.03917,103.532524,0.02643,0.02518,0.02531,0.02674,0.0256,0.02572,0.02537,0.0258,0.02537,0.0258
"91282CEZ0",0.00625,10,"D-2032","2032-07-15","2022-07-15","Market ask","2026-10-08T1235","2026-10-09","2026-11-01",89.587,290.54829,334.19206,334.98,1.00056,1.00113,0.99998,1.00054,0.03917,89.55783,0.0258,0.0257,0.0256,0.02607,0.02607,0.02597,0.02561,0.026,0.02561,0.026
"91282CGK1",0.01125,10,"A-2033","2033-01-15","2023-01-15","Market ask","2026-10-08T1235","2026-10-09","2026-11-01",91.08,297.87606,334.19206,334.98,1.00435,1.00409,1.00376,1.00351,0.03917,91.019758,0.02681,0.02608,0.02612,0.02707,0.02644,0.02648,0.02612,0.02648,0.02612,0.02648
"91282CHP9",0.01375,10,"D-2033","2033-07-15","2023-07-15","Market ask","2026-10-08T1235","2026-10-09","2026-11-01",92.074,303.70803,334.19206,334.98,1.00056,1.0012,0.99998,1.00062,0.03917,91.998249,0.02663,0.02654,0.02644,0.02687,0.02687,0.02677,0.02644,0.02677,0.02644,0.02677
"91282CJY8",0.0175,10,"A-2034","2034-01-15","2024-01-15","Market ask","2026-10-08T1235","2026-10-09","2026-11-01",93.441,307.391,334.19206,334.98,1.00435,1.00407,1.00376,1.00349,0.03917,93.341971,0.02752,0.02688,0.02692,0.02776,0.0272,0.02724,0.02692,0.02724,0.02692,0.02724
"91282CLE9",0.01875,10,"D-2034","2034-07-15","2024-07-15","Market ask","2026-10-08T1235","2026-10-09","2026-11-01",93.986,313.78329,334.19206,334.98,1.00056,1.00125,0.99998,1.00067,0.03917,93.879221,0.0274,0.02732,0.02722,0.02762,0.02763,0.02753,0.02722,0.02753,0.02722,0.02753
"91282CML2",0.02125,10,"A-2035","2035-01-15","2025-01-15","Market ask","2026-10-08T1235","2026-10-09","2026-11-01",94.929,315.58677,334.19206,334.98,1.00435,1.00406,1.00376,1.00348,0.03917,94.806707,0.02817,0.02759,0.02763,0.02839,0.02788,0.02792,0.02763,0.02792,0.02763,0.02792
"91282CNS6",0.01875,10,"D-2035","2035-07-15","2025-07-15","Market ask","2026-10-08T1235","2026-10-09","2026-11-01",92.684,321.09758,334.19206,334.98,1.00056,1.00129,0.99998,1.00071,0.03917,92.577078,0.02823,0.02816,0.02807,0.02844,0.02844,0.02835,0.02807,0.02835,0.02807,0.02835
"91282CPU9",0.01875,10,"A-2036","2036-01-15","2026-01-15","Market ask","2026-10-08T1235","2026-10-09","2026-11-01",91.859,324.93471,334.19206,334.98,1.00435,1.00405,1.00376,1.00347,0.03917,91.751987,0.02882,0.0283,0.02834,0.02902,0.02857,0.02861,0.02834,0.02861,0.02834,0.02861
"91282CRE3",0.02375,10,"D-2036","2036-07-15","2026-07-15","Market ask","2026-10-08T1235","2026-10-09","2026-11-01",95.733,333.96974,334.19206,334.98,1.00056,1.00134,0.99998,1.00075,0.03917,95.595177,0.02879,0.02873,0.02864,0.02899,0.02899,0.0289,0.02864,0.0289,0.02864,0.0289
"912810QF8",0.02125,30,"TIPS of February 2040","2040-02-15","2010-02-15","Market ask","2026-10-08T1235","2026-10-09","2026-11-01",89.456,216.1395,334.19206,334.98,1.00763,1.00612,1.00705,1.00554,0.03917,89.333084,0.03095,0.03028,0.03042,0.03111,0.03049,0.03062,0.03042,0.03062,0.03042,0.03062
"912810QP6",0.02125,30,"TIPS of February 2041","2041-02-15","2011-02-15","Market ask","2026-10-08T1235","2026-10-09","2026-11-01",88.205,218.991,334.19206,334.98,1.00763,1.00601,1.00705,1.00544,0.03917,88.081946,0.03153,0.0309,0.03104,0.03168,0.0311,0.03123,0.03104,0.03123,0.03104,0.03123
"912810QV3",0.0075,30,"TIPS of February 2042","2042-02-15","2012-02-15","Market ask","2026-10-08T1235","2026-10-09","2026-11-01",70.191,225.96062,334.19206,334.98,1.00763,1.00592,1.00705,1.00533,0.03917,70.151875,0.03228,0.03174,0.03186,0.03241,0.03191,0.03203,0.03186,0.03203,0.03186,0.03203
"912810RA8",0.00625,30,"TIPS of February 2043","2043-02-15","2013-02-15","Market ask","2026-10-08T1235","2026-10-09","2026-11-01",66.866,229.911,334.19206,334.98,1.00763,1.00586,1.00705,1.00527,0.03917,66.834319,0.03254,0.03204,0.03215,0.03267,0.0322,0.03232,0.03215,0.03232,0.03215,0.03232
"912810RF7",0.01375,30,"TIPS of February 2044","2044-02-15","2014-02-15","Market ask","2026-10-08T1235","2026-10-09","2026-11-01",74.89,233.059,334.19206,334.98,1.00763,1.00579,1.00705,1.00521,0.03917,74.812342,0.03285,0.03234,0.03246,0.03298,0.03251,0.03263,0.03246,0.03263,0.03246,0.03263
"912810RL4",0.0075,30,"TIPS of February 2045","2045-02-15","2015-02-15","Market ask","2026-10-08T1235","2026-10-09","2026-11-01",64.891,235.4815,334.19206,334.98,1.00763,1.00572,1.00705,1.00514,0.03917,64.851291,0.0332,0.03274,0.03286,0.03332,0.03289,0.03301,0.03286,0.03301,0.03286,0.03301
"912810RR1",0.01,30,"TIPS of February 2046","2046-02-15","2016-02-15","Market ask","2026-10-08T1235","2026-10-09","2026-11-01",66.968,236.94448,334.19206,334.98,1.00763,1.00566,1.00705,1.00508,0.03917,66.912899,0.03329,0.03284,0.03296,0.03341,0.03299,0.03311,0.03296,0.03311,0.03296,0.03311
"912810RW0",0.00875,30,"TIPS of February 2047","2047-02-15","2017-02-15","Market ask","2026-10-08T1235","2026-10-09","2026-11-01",63.741,241.3925,334.19206,334.98,1.00763,1.0056,1.00705,1.00502,0.03917,63.693353,0.03346,0.03303,0.03315,0.03357,0.03317,0.03329,0.03315,0.03329,0.03315,0.03329
"912810SB5",0.01,30,"TIPS of February 2048","2048-02-15","2018-02-15","Market ask","2026-10-08T1235","2026-10-09","2026-11-01",64.319,246.5965,334.19206,334.98,1.00763,1.00555,1.00705,1.00497,0.03917,64.263607,0.03354,0.03312,0.03323,0.03364,0.03326,0.03337,0.03323,0.03337,0.03323,0.03337
"912810SG4",0.01,30,"TIPS of February 2049","2049-02-15","2019-02-15","Market ask","2026-10-08T1235","2026-10-09","2026-11-01",63.233,251.6355,334.19206,334.98,1.00763,1.0055,1.00705,1.00492,0.03917,63.177487,0.0335,0.0331,0.03321,0.03361,0.03323,0.03335,0.03321,0.03335,0.03321,0.03335
"912810SM1",0.0025,30,"TIPS of February 2050","2050-02-15","2020-02-15","Market ask","2026-10-08T1235","2026-10-09","2026-11-01",49.961,257.09503,334.19206,334.98,1.00763,1.00544,1.00705,1.00487,0.03917,49.950887,0.03359,0.03325,0.03334,0.03368,0.03336,0.03346,0.03334,0.03346,0.03334,0.03346
"912810SV1",0.00125,30,"TIPS of February 2051","2051-02-15","2021-02-15","Market ask","2026-10-08T1235","2026-10-09","2026-11-01",46.594,260.3515,334.19206,334.98,1.00763,1.00539,1.00705,1.00482,0.03917,46.591326,0.03351,0.03318,0.03328,0.03359,0.03329,0.03338,0.03328,0.03338,0.03328,0.03338
"912810TE8",0.00125,30,"TIPS of February 2052","2052-02-15","2022-02-15","Market ask","2026-10-08T1235","2026-10-09","2026-11-01",45.172,278.375,334.19206,334.98,1.00763,1.00535,1.00705,1.00477,0.03917,45.169169,0.03353,0.03321,0.03331,0.03361,0.03332,0.03341,0.03331,0.03341,0.03331,0.03341
"912810TP3",0.015,30,"TIPS of February 2053","2053-02-15","2023-02-15","Market ask","2026-10-08T1235","2026-10-09","2026-11-01",67.699,297.254,334.19206,334.98,1.00763,1.0053,1.00705,1.00473,0.03917,67.612738,0.03356,0.03319,0.0333,0.03366,0.03331,0.03343,0.0333,0.03343,0.0333,0.03343
"912810TY4",0.02125,30,"TIPS of February 2054","2054-02-15","2024-02-15","Market ask","2026-10-08T1235","2026-10-09","2026-11-01",78,306.90376,334.19206,334.98,1.00763,1.00526,1.00705,1.00468,0.03917,77.875821,0.03361,0.03322,0.03334,0.03371,0.03335,0.03347,0.03334,0.03347,0.03334,0.03347
"912810UH9",0.02375,30,"TIPS of February 2055","2055-02-15","2025-02-15","Market ask","2026-10-08T1235","2026-10-09","2026-11-01",82.091,315.549,334.19206,334.98,1.00763,1.00522,1.00705,1.00464,0.03917,81.951651,0.03359,0.0332,0.03333,0.0337,0.03334,0.03346,0.03333,0.03346,0.03333,0.03346
"912810US5",0.02375,30,"TIPS of February 2056","2056-02-15","2026-02-15","Market ask","2026-10-08T1235","2026-10-09","2026-11-01",82.003,324.088,334.19206,334.98,1.00763,1.00518,1.00705,1.0046,0.03917,81.863641,0.03342,0.03304,0.03316,0.03352,0.03317,0.03329,0.03316,0.03329,0.03316,0.03329
