cusip, asOfDate, basis, settleDate, maturity, coupon, marketClean, modelClean, priceResidual, marketYtm, modelYtm, residualBp, richCheap, nominalModelYtm, nominalMarketYtm
"912810PS1","2026-10-05T1705","settle","2026-10-06","2027-01-15",0.02375,100.375,100.352825,0.022175,0.01001,0.01081,-8,"rich",0.04179,0.04122
"912828V49","2026-10-05T1705","settle","2026-10-06","2027-01-15",0.00375,99.821,99.806867,0.014133,0.01029,0.01081,-5.2,"rich",0.04179,0.04122
"91282CEJ6","2026-10-05T1705","settle","2026-10-06","2027-04-15",0.00125,99.021,99.22332,-0.20232,0.0201,0.01618,39.2,"cheap",0.04277,0.04247
"9128282L3","2026-10-05T1705","settle","2026-10-06","2027-07-15",0.00375,99.063,98.779713,0.283287,0.01597,0.0197,-37.3,"rich",0.04403,0.04404
"91282CFR7","2026-10-05T1705","settle","2026-10-06","2027-10-15",0.01625,99.584,99.424948,0.159052,0.02037,0.02195,-15.8,"rich",0.04521,0.04534
"912810PV4","2026-10-05T1705","settle","2026-10-06","2028-01-15",0.0175,99.125,99.270414,-0.145414,0.0245,0.02333,11.7,"cheap",0.0462,0.04655
"9128283R9","2026-10-05T1705","settle","2026-10-06","2028-01-15",0.005,97.555,97.706852,-0.151852,0.0246,0.02336,12.4,"cheap",0.04622,0.04655
"912810FD5","2026-10-05T1705","settle","2026-10-06","2028-04-15",0.03625,101.602,101.811464,-0.209464,0.02547,0.02407,14,"cheap",0.04691,0.04732
"91282CGW5","2026-10-05T1705","settle","2026-10-06","2028-04-15",0.0125,98.052,98.269607,-0.217607,0.02561,0.02413,14.8,"cheap",0.04694,0.04732
"912828Y38","2026-10-05T1705","settle","2026-10-06","2028-07-15",0.0075,97.407,97.049776,0.357224,0.02249,0.02459,-21,"rich",0.04759,0.0478
"91282CJH5","2026-10-05T1705","settle","2026-10-06","2028-10-15",0.02375,100.077,99.784783,0.292217,0.02336,0.02484,-14.8,"rich",0.04816,0.04824
"912810PZ5","2026-10-05T1705","settle","2026-10-06","2029-01-15",0.025,99.993,99.995745,-0.002745,0.02502,0.02501,0.1,"",0.04866,0.04864
"9128285W6","2026-10-05T1705","settle","2026-10-06","2029-01-15",0.00875,96.422,96.417389,0.004611,0.02503,0.02505,-0.2,"",0.0487,0.04864
"912810FH6","2026-10-05T1705","settle","2026-10-06","2029-04-15",0.03875,103.149,103.332655,-0.183655,0.02578,0.02504,7.4,"cheap",0.04895,0.04897
"91282CKL4","2026-10-05T1705","settle","2026-10-06","2029-04-15",0.02125,98.881,99.069069,-0.188069,0.02586,0.02508,7.8,"cheap",0.04899,0.04897
"9128287D6","2026-10-05T1705","settle","2026-10-06","2029-07-15",0.0025,94.282,93.959561,0.322439,0.02392,0.02518,-12.6,"rich",0.04936,0.04926
"91282CLV1","2026-10-05T1705","settle","2026-10-06","2029-10-15",0.01625,97.583,97.400606,0.182394,0.02459,0.02523,-6.4,"rich",0.04964,0.04946
"912828Z37","2026-10-05T1705","settle","2026-10-06","2030-01-15",0.00125,92.346,92.474483,-0.128483,0.02578,0.02534,4.4,"cheap",0.04996,0.04972
"91282CNB3","2026-10-05T1705","settle","2026-10-06","2030-04-15",0.01625,96.63,96.943497,-0.313497,0.02632,0.02537,9.5,"cheap",0.05006,0.04986
"912828ZZ6","2026-10-05T1705","settle","2026-10-06","2030-07-15",0.00125,91.524,91.328945,0.195055,0.02492,0.02549,-5.7,"rich",0.05028,0.05008
"91282CPH8","2026-10-05T1705","settle","2026-10-06","2030-10-15",0.01125,94.664,94.545736,0.118264,0.02528,0.0256,-3.2,"rich",0.05042,0.05022
"91282CBF7","2026-10-05T1705","settle","2026-10-06","2031-01-15",0.00125,90.055,90.13833,-0.08333,0.02598,0.02576,2.2,"cheap",0.05062,0.05032
"91282CQP9","2026-10-05T1705","settle","2026-10-06","2031-04-15",0.0125,94.04,94.331336,-0.291336,0.02657,0.02586,7.1,"cheap",0.05065,0.05047
"91282CCM1","2026-10-05T1705","settle","2026-10-06","2031-07-15",0.00125,89.157,88.939619,0.217381,0.02552,0.02604,-5.2,"rich",0.0508,0.05061
"91282CDX6","2026-10-05T1705","settle","2026-10-06","2032-01-15",0.00125,87.584,87.691804,-0.107804,0.02664,0.0264,2.4,"cheap",0.05105,0.05093
"912810FQ6","2026-10-05T1705","settle","2026-10-06","2032-04-15",0.03375,103.548,103.719547,-0.171547,0.0268,0.02647,3.3,"cheap",0.05101,0.05106
"91282CEZ0","2026-10-05T1705","settle","2026-10-06","2032-07-15",0.00625,89.303,89.101731,0.201269,0.02634,0.02674,-4,"rich",0.05121,0.05121
"91282CGK1","2026-10-05T1705","settle","2026-10-06","2033-01-15",0.01125,90.782,90.897798,-0.115798,0.02734,0.02712,2.2,"cheap",0.05141,0.05149
"91282CHP9","2026-10-05T1705","settle","2026-10-06","2033-07-15",0.01375,91.75,91.567231,0.182769,0.02716,0.02748,-3.2,"rich",0.05157,0.05174
"91282CJY8","2026-10-05T1705","settle","2026-10-06","2034-01-15",0.0175,93.133,93.221983,-0.088983,0.028,0.02786,1.4,"",0.05179,0.05202
"91282CLE9","2026-10-05T1705","settle","2026-10-06","2034-07-15",0.01875,93.638,93.437144,0.200856,0.02791,0.02821,-3,"rich",0.05199,0.05229
"91282CML2","2026-10-05T1705","settle","2026-10-06","2035-01-15",0.02125,94.54,94.634995,-0.094995,0.02871,0.02857,1.4,"",0.05225,0.05254
"91282CNS6","2026-10-05T1705","settle","2026-10-06","2035-07-15",0.01875,92.31,92.152416,0.157584,0.02873,0.02894,-2.1,"rich",0.0525,0.05266
"91282CPU9","2026-10-05T1705","settle","2026-10-06","2036-01-15",0.01875,91.388,91.482332,-0.094332,0.02943,0.0293,1.3,"",0.05281,0.05273
"91282CRE3","2026-10-05T1705","settle","2026-10-06","2036-07-15",0.02375,95.249,95.08213,0.16687,0.02937,0.02958,-2.1,"rich",0.05304,0.05263
"912810QF8","2026-10-05T1705","settle","2026-10-06","2040-02-15",0.02125,88.875,88.800386,0.074614,0.03152,0.03159,-0.7,"",0.05526,0.0547
"912810QP6","2026-10-05T1705","settle","2026-10-06","2041-02-15",0.02125,87.616,87.682483,-0.066483,0.03208,0.03202,0.6,"",0.05583,0.05548
"912810QV3","2026-10-05T1705","settle","2026-10-06","2042-02-15",0.0075,69.677,69.754424,-0.077424,0.03279,0.03271,0.8,"",0.05675,0.05623
"912810RA8","2026-10-05T1705","settle","2026-10-06","2043-02-15",0.00625,66.313,66.308192,0.004808,0.03308,0.03308,0,"",0.05729,0.05669
"912810RF7","2026-10-05T1705","settle","2026-10-06","2044-02-15",0.01375,74.281,74.533496,-0.252496,0.03339,0.03316,2.3,"cheap",0.05742,0.05695
"912810RL4","2026-10-05T1705","settle","2026-10-06","2045-02-15",0.0075,64.326,64.460949,-0.134949,0.03372,0.03359,1.3,"",0.05803,0.05725
"912810RR1","2026-10-05T1705","settle","2026-10-06","2046-02-15",0.01,66.344,66.476629,-0.132629,0.03384,0.03372,1.2,"",0.05818,0.05733
"912810RW0","2026-10-05T1705","settle","2026-10-06","2047-02-15",0.00875,63.132,63.203112,-0.071112,0.03399,0.03393,0.6,"",0.05842,0.05745
"912810SB5","2026-10-05T1705","settle","2026-10-06","2048-02-15",0.01,63.679,63.749077,-0.070077,0.03408,0.03402,0.6,"",0.05847,0.05751
"912810SG4","2026-10-05T1705","settle","2026-10-06","2049-02-15",0.01,62.61,62.487669,0.122331,0.03401,0.03412,-1.1,"",0.0585,0.05753
"912810SM1","2026-10-05T1705","settle","2026-10-06","2050-02-15",0.0025,49.43,49.001224,0.428776,0.03407,0.03447,-4,"rich",0.05888,0.05754
"912810SV1","2026-10-05T1705","settle","2026-10-06","2051-02-15",0.00125,46.055,45.447108,0.607892,0.03399,0.03456,-5.7,"rich",0.05884,0.05756
"912810TE8","2026-10-05T1705","settle","2026-10-06","2052-02-15",0.00125,44.68,44.019423,0.660577,0.03397,0.03458,-6.1,"rich",0.05863,0.05746
"912810TP3","2026-10-05T1705","settle","2026-10-06","2053-02-15",0.015,67.015,66.951515,0.063485,0.03406,0.03411,-0.5,"",0.05778,0.05722
"912810TY4","2026-10-05T1705","settle","2026-10-06","2054-02-15",0.02125,77.234,77.497062,-0.263062,0.03411,0.03394,1.7,"",0.05737,0.05704
"912810UH9","2026-10-05T1705","settle","2026-10-06","2055-02-15",0.02375,81.281,81.652634,-0.371634,0.0341,0.03387,2.3,"cheap",0.05706,0.0569
"912810US5","2026-10-05T1705","settle","2026-10-06","2056-02-15",0.02375,81.21,81.328601,-0.118601,0.0339,0.03383,0.7,"",0.05677,0.05672
