cusip, interest_rate, security_term, series, maturity_date, dated_date, report_source, asOfDate, settle_date, fwd_date, settle_clean_price, dated_refcpi, settle_refcpi, fwd_refcpi, settle_mature_sa_ratio, settle_mature_sa_ratio_decay, fwd_mature_sa_ratio, fwd_mature_sa_ratio_decay, repo_rate, fwd_clean_price_unadjusted
"91282CDC2",0.00125,5,"AE-2026","2026-10-15","2021-10-15","Fidelity ask","2026-10-05T1705","2026-10-06","2026-11-01",100.079,273.25771,334.08929,334.98,1.00022,1.00022,0.99957,0.99957,0.03902,
"912810PS1",0.02375,20,"TIPS of January 2027","2027-01-15","2007-01-15","Fidelity ask","2026-10-05T1705","2026-10-06","2026-11-01",100.375,201.66452,334.08929,334.98,1.00442,1.0043,1.00376,1.00365,0.03902,100.218616
"912828V49",0.00375,10,"A-2027","2027-01-15","2017-01-15","Fidelity ask","2026-10-05T1705","2026-10-06","2026-11-01",99.821,241.55919,334.08929,334.98,1.00442,1.0043,1.00376,1.00365,0.03902,99.805807
"91282CEJ6",0.00125,5,"X-2027","2027-04-15","2022-04-15","Fidelity ask","2026-10-05T1705","2026-10-06","2026-11-01",99.021,282.3464,334.08929,334.98,1.00635,1.00608,1.0057,1.00543,0.03902,99.023291
"9128282L3",0.00375,10,"D-2027","2027-07-15","2017-07-15","Fidelity ask","2026-10-05T1705","2026-10-06","2026-11-01",99.063,244.61839,334.08929,334.98,1.00063,1.00087,0.99998,1.00022,0.03902,99.047722
"91282CFR7",0.01625,5,"AE-2027","2027-10-15","2022-10-15","Fidelity ask","2026-10-05T1705","2026-10-06","2026-11-01",99.584,296.22858,334.08929,334.98,1.00022,1.00041,0.99957,0.99976,0.03902,99.479439
"912810PV4",0.0175,20,"TIPS of January 2028","2028-01-15","2008-01-15","Fidelity ask","2026-10-05T1705","2026-10-06","2026-11-01",99.125,209.49645,334.08929,334.98,1.00442,1.00429,1.00376,1.00364,0.03902,99.012617
"9128283R9",0.005,10,"A-2028","2028-01-15","2018-01-15","Fidelity ask","2026-10-05T1705","2026-10-06","2026-11-01",97.555,246.66571,334.08929,334.98,1.00442,1.00429,1.00376,1.00364,0.03902,97.530722
"912810FD5",0.03625,30,"TIPS of April 2028","2028-04-15","1998-04-15","Fidelity ask","2026-10-05T1705","2026-10-06","2026-11-01",101.602,161.74,334.08929,334.98,1.00635,1.00602,1.0057,1.00538,0.03902,101.355113
"91282CGW5",0.0125,5,"X-2028","2028-04-15","2023-04-15","Fidelity ask","2026-10-05T1705","2026-10-06","2026-11-01",98.052,299.94933,334.08929,334.98,1.00635,1.00602,1.0057,1.00538,0.03902,97.973995
"912828Y38",0.0075,10,"D-2028","2028-07-15","2018-07-15","Fidelity ask","2026-10-05T1705","2026-10-06","2026-11-01",97.407,251.01658,334.08929,334.98,1.00063,1.00093,0.99998,1.00027,0.03902,97.365049
"91282CJH5",0.02375,5,"AE-2028","2028-10-15","2023-10-15","Fidelity ask","2026-10-05T1705","2026-10-06","2026-11-01",100.077,306.2939,334.08929,334.98,1.00022,1.00049,0.99957,0.99984,0.03902,99.919037
"912810PZ5",0.025,20,"TIPS of January 2029","2029-01-15","2009-01-15","Fidelity ask","2026-10-05T1705","2026-10-06","2026-11-01",99.993,214.69971,334.08929,334.98,1.00442,1.00425,1.00376,1.0036,0.03902,99.827745
"9128285W6",0.00875,10,"A-2029","2029-01-15","2019-01-15","Fidelity ask","2026-10-05T1705","2026-10-06","2026-11-01",96.422,252.50248,334.08929,334.98,1.00442,1.00425,1.00376,1.0036,0.03902,96.37111
"912810FH6",0.03875,30,"TIPS of April 2029","2029-04-15","1999-04-15","Fidelity ask","2026-10-05T1705","2026-10-06","2026-11-01",103.149,164.39333,334.08929,334.98,1.00635,1.0059,1.0057,1.00525,0.03902,102.884468
"91282CKL4",0.02125,5,"X-2029","2029-04-15","2024-04-15","Fidelity ask","2026-10-05T1705","2026-10-06","2026-11-01",98.881,309.30787,334.08929,334.98,1.00635,1.0059,1.0057,1.00525,0.03902,98.740721
"9128287D6",0.0025,10,"D-2029","2029-07-15","2019-07-15","Fidelity ask","2026-10-05T1705","2026-10-06","2026-11-01",94.282,255.79368,334.08929,334.98,1.00063,1.00102,0.99998,1.00036,0.03902,94.275009
"91282CLV1",0.01625,5,"AE-2029","2029-10-15","2024-10-15","Fidelity ask","2026-10-05T1705","2026-10-06","2026-11-01",97.583,314.65561,334.08929,334.98,1.00022,1.00054,0.99957,0.99989,0.03902,97.478213
"912828Z37",0.00125,10,"A-2030","2030-01-15","2020-01-15","Fidelity ask","2026-10-05T1705","2026-10-06","2026-11-01",92.346,257.28368,334.08929,334.98,1.00442,1.00424,1.00376,1.00359,0.03902,92.347619
"91282CNB3",0.01625,5,"X-2030","2030-04-15","2025-04-15","Fidelity ask","2026-10-05T1705","2026-10-06","2026-11-01",96.63,318.32947,334.08929,334.98,1.00635,1.00582,1.0057,1.00516,0.03902,96.525105
"912828ZZ6",0.00125,10,"D-2030","2030-07-15","2020-07-15","Fidelity ask","2026-10-05T1705","2026-10-06","2026-11-01",91.524,256.39126,334.08929,334.98,1.00063,1.00108,0.99998,1.00043,0.03902,91.525526
"91282CPH8",0.01125,5,"AE-2030","2030-10-15","2025-10-15","Fidelity ask","2026-10-05T1705","2026-10-06","2026-11-01",94.664,323.4671,334.08929,334.98,1.00022,1.00058,0.99957,0.99993,0.03902,94.594522
"91282CBF7",0.00125,10,"A-2031","2031-01-15","2021-01-15","Fidelity ask","2026-10-05T1705","2026-10-06","2026-11-01",90.055,260.31619,334.08929,334.98,1.00442,1.00421,1.00376,1.00357,0.03902,90.056359
"91282CQP9",0.0125,5,"X-2031","2031-04-15","2026-04-15","Fidelity ask","2026-10-05T1705","2026-10-06","2026-11-01",94.04,325.9674,334.08929,334.98,1.00635,1.00576,1.0057,1.00511,0.03902,93.961541
"91282CCM1",0.00125,10,"D-2031","2031-07-15","2021-07-15","Fidelity ask","2026-10-05T1705","2026-10-06","2026-11-01",89.157,268.0209,334.08929,334.98,1.00063,1.00113,0.99998,1.00048,0.03902,89.158258
"91282CDX6",0.00125,10,"A-2032","2032-01-15","2022-01-15","Fidelity ask","2026-10-05T1705","2026-10-06","2026-11-01",87.584,277.20274,334.08929,334.98,1.00442,1.00419,1.00376,1.00354,0.03902,87.58508
"912810FQ6",0.03375,30.5,"TIPS of April 2032","2032-04-15","2001-10-15","Fidelity ask","2026-10-05T1705","2026-10-06","2026-11-01",103.548,177.5,334.08929,334.98,1.00635,1.00573,1.0057,1.00508,0.03902,103.319151
"91282CEZ0",0.00625,10,"D-2032","2032-07-15","2022-07-15","Fidelity ask","2026-10-05T1705","2026-10-06","2026-11-01",89.303,290.54829,334.08929,334.98,1.00063,1.0012,0.99998,1.00054,0.03902,89.268961
"91282CGK1",0.01125,10,"A-2033","2033-01-15","2023-01-15","Fidelity ask","2026-10-05T1705","2026-10-06","2026-11-01",90.782,297.87606,334.08929,334.98,1.00442,1.00416,1.00376,1.00351,0.03902,90.712814
"91282CHP9",0.01375,10,"D-2033","2033-07-15","2023-07-15","Fidelity ask","2026-10-05T1705","2026-10-06","2026-11-01",91.75,303.70803,334.08929,334.98,1.00063,1.00127,0.99998,1.00062,0.03902,91.663267
"91282CJY8",0.0175,10,"A-2034","2034-01-15","2024-01-15","Fidelity ask","2026-10-05T1705","2026-10-06","2026-11-01",93.133,307.391,334.08929,334.98,1.00442,1.00414,1.00376,1.00349,0.03902,93.019939
"91282CLE9",0.01875,10,"D-2034","2034-07-15","2024-07-15","Fidelity ask","2026-10-05T1705","2026-10-06","2026-11-01",93.638,313.78329,334.08929,334.98,1.00063,1.00132,0.99998,1.00067,0.03902,93.516167
"91282CML2",0.02125,10,"A-2035","2035-01-15","2025-01-15","Fidelity ask","2026-10-05T1705","2026-10-06","2026-11-01",94.54,315.58677,334.08929,334.98,1.00442,1.00413,1.00376,1.00348,0.03902,94.400613
"91282CNS6",0.01875,10,"D-2035","2035-07-15","2025-07-15","Fidelity ask","2026-10-05T1705","2026-10-06","2026-11-01",92.31,321.09758,334.08929,334.98,1.00063,1.00136,0.99998,1.00071,0.03902,92.188017
"91282CPU9",0.01875,10,"A-2036","2036-01-15","2026-01-15","Fidelity ask","2026-10-05T1705","2026-10-06","2026-11-01",91.388,324.93471,334.08929,334.98,1.00442,1.00412,1.00376,1.00347,0.03902,91.265913
"91282CRE3",0.02375,10,"D-2036","2036-07-15","2026-07-15","Fidelity ask","2026-10-05T1705","2026-10-06","2026-11-01",95.249,333.96974,334.08929,334.98,1.00063,1.00141,0.99998,1.00075,0.03902,95.092036
"912810QF8",0.02125,30,"TIPS of February 2040","2040-02-15","2010-02-15","Fidelity ask","2026-10-05T1705","2026-10-06","2026-11-01",88.875,216.1395,334.08929,334.98,1.0077,1.00619,1.00705,1.00554,0.03902,88.734952
"912810QP6",0.02125,30,"TIPS of February 2041","2041-02-15","2011-02-15","Fidelity ask","2026-10-05T1705","2026-10-06","2026-11-01",87.616,218.991,334.08929,334.98,1.0077,1.00608,1.00705,1.00544,0.03902,87.475809
"912810QV3",0.0075,30,"TIPS of February 2042","2042-02-15","2012-02-15","Fidelity ask","2026-10-05T1705","2026-10-06","2026-11-01",69.677,225.96062,334.08929,334.98,1.0077,1.00599,1.00705,1.00533,0.03902,69.631905
"912810RA8",0.00625,30,"TIPS of February 2043","2043-02-15","2013-02-15","Fidelity ask","2026-10-05T1705","2026-10-06","2026-11-01",66.313,229.911,334.08929,334.98,1.0077,1.00593,1.00705,1.00527,0.03902,66.276353
"912810RF7",0.01375,30,"TIPS of February 2044","2044-02-15","2014-02-15","Fidelity ask","2026-10-05T1705","2026-10-06","2026-11-01",74.281,233.059,334.08929,334.98,1.0077,1.00586,1.00705,1.00521,0.03902,74.192278
"912810RL4",0.0075,30,"TIPS of February 2045","2045-02-15","2015-02-15","Fidelity ask","2026-10-05T1705","2026-10-06","2026-11-01",64.326,235.4815,334.08929,334.98,1.0077,1.0058,1.00705,1.00514,0.03902,64.2803
"912810RR1",0.01,30,"TIPS of February 2046","2046-02-15","2016-02-15","Fidelity ask","2026-10-05T1705","2026-10-06","2026-11-01",66.344,236.94448,334.08929,334.98,1.0077,1.00573,1.00705,1.00508,0.03902,66.280868
"912810RW0",0.00875,30,"TIPS of February 2047","2047-02-15","2017-02-15","Fidelity ask","2026-10-05T1705","2026-10-06","2026-11-01",63.132,241.3925,334.08929,334.98,1.0077,1.00567,1.00705,1.00502,0.03902,63.077335
"912810SB5",0.01,30,"TIPS of February 2048","2048-02-15","2018-02-15","Fidelity ask","2026-10-05T1705","2026-10-06","2026-11-01",63.679,246.5965,334.08929,334.98,1.0077,1.00562,1.00705,1.00497,0.03902,63.615566
"912810SG4",0.01,30,"TIPS of February 2049","2049-02-15","2019-02-15","Fidelity ask","2026-10-05T1705","2026-10-06","2026-11-01",62.61,251.6355,334.08929,334.98,1.0077,1.00556,1.00705,1.00492,0.03902,62.546446
"912810SM1",0.0025,30,"TIPS of February 2050","2050-02-15","2020-02-15","Fidelity ask","2026-10-05T1705","2026-10-06","2026-11-01",49.43,257.09503,334.08929,334.98,1.0077,1.00551,1.00705,1.00487,0.03902,49.417933
"912810SV1",0.00125,30,"TIPS of February 2051","2051-02-15","2021-02-15","Fidelity ask","2026-10-05T1705","2026-10-06","2026-11-01",46.055,260.3515,334.08929,334.98,1.0077,1.00546,1.00705,1.00482,0.03902,46.05138
"912810TE8",0.00125,30,"TIPS of February 2052","2052-02-15","2022-02-15","Fidelity ask","2026-10-05T1705","2026-10-06","2026-11-01",44.68,278.375,334.08929,334.98,1.0077,1.00542,1.00705,1.00477,0.03902,44.676224
"912810TP3",0.015,30,"TIPS of February 2053","2053-02-15","2023-02-15","Fidelity ask","2026-10-05T1705","2026-10-06","2026-11-01",67.015,297.254,334.08929,334.98,1.0077,1.00537,1.00705,1.00473,0.03902,66.916627
"912810TY4",0.02125,30,"TIPS of February 2054","2054-02-15","2024-02-15","Fidelity ask","2026-10-05T1705","2026-10-06","2026-11-01",77.234,306.90376,334.08929,334.98,1.0077,1.00533,1.00705,1.00468,0.03902,77.092635
"912810UH9",0.02375,30,"TIPS of February 2055","2055-02-15","2025-02-15","Fidelity ask","2026-10-05T1705","2026-10-06","2026-11-01",81.281,315.549,334.08929,334.98,1.0077,1.00529,1.00705,1.00464,0.03902,81.122434
"912810US5",0.02375,30,"TIPS of February 2056","2056-02-15","2026-02-15","Fidelity ask","2026-10-05T1705","2026-10-06","2026-11-01",81.21,324.088,334.08929,334.98,1.0077,1.00525,1.00705,1.0046,0.03902,81.051426
